,Intestine
BIO0001_I,0.48628785
BIO0002_I,1.699665185
BIO0003_I,0.079661731
BIO0004_I,0.006871554
BIO0005_I,0.784222626
BIO0006_I,-0.201733081
BIO0007_I,0.059807044
BIO0008_I,0.054781348
BIO0009_I,0.024745436
BIO0010_I,0.360262549
BIO0011_I,-0.289646196
BIO0012_I,-1.40E-02
BIO0013_I,3.99E-01
BIO0014_I,0.030673269
BIO0015_I,3.59E-05
BIO0100_I,0
BIO0101_I,0.00104074
BIO0102_I,0
BIO0103_I,0.359221809
BIO0104_I,0
BIO0105_I,0
BIO0106_I,0
BIO0107_I,0.00E+00
DGR0001_I,1.06E+01
DGR0002_I,1.369992222
DGR0003_I,0.395030632
DGR0004_I,1.07E+00
DGR0005_L,0.511731897
DGR0006_L,3.960405358
DGR0007_L,3.96E+00
DGR0008_L,10.60659148
DGR0009_L,1.369992222
DGR0010_L,0.395030632
DGR0011_L,0.08017867
DGR0012_I,0.08017867
DGR0013_L,0.032994137
DGR0014_L,0.032994137
DGR0015_L,0.032994137
DGR0016_I,0.032994137
DGR0017_I,0.032994137
DGR0018_L,0.383822463
DGR0019_I,0.383822463
DGR0020_L,0.09200479
DGR0021_I,0.117600084
DGR0022_L,0.025595294
DGR0023_I,0.025595294
DGR0024_I,0.025595294
DGR0025_L,0.010309351
DGR0026_I,0.010309351
DGR0027_L,0.537807206
DGR0028_I,0.537807206
DGR0029_E,0
DGR0029_L,0.003576246
DMN0001_I,0.00E+00
DMN0002_I,0
DMN0005_I,0
DMN0006_I,0.000886263
DMN0007_I,0
DMN0008_I,0.009026154
DMN0009_I,0.01
DMN0015_I,0
DMN0017_I,0
DMN0018_I,0
DMN0020_I,0
DMN0021_I,0
DMN0022_I,0
DMN0023_I,0.005158237
DMN0024_I,0.006145663
DMN0025_I,0
DMN0026_I,0
DMN0027_I,0.00886702
DMN0030_I,0
DMN0031_I,0
DMN0032_I,0
DMN0033_I,0
DMN0034_I,0
DMN0035_I,0.01
DMN0038_I,0.00E+00
DMN0039_I,0
DMN0040_I,0
DMN0041_I,0.00E+00
DMN0042_I,1.00E-02
DMN0043_I,0
DMN0044_I,0.002312172
DMN0046_I,0
DMN0047_I,0.004401366
DMN0048_I,0.003329014
DMN0054_I,0
DMN0055_I,0
DMN0057_I,0.01
DMN0058_I,0.008136443
DMN0059_I,0.01
DMN0060_I,0.01
DMN0061_I,0.01
DMN0062_I,0.01
DMN0063_I,0.01
DMN0064_I,0.01
DMN0065_I,0.01
DMN0066_I,0.00606857
DMN0067_I,0
DMN0068_I,0.01
DMN0072_I,0.10105695
DMN0073_I,0.02
DMN0075_I,0.01
DMN0077_I,0
DMN0078_I,0
DMN0080_I,0.142814429
DMN0082_I,0.01
DMN0083_I,0.012242159
DMN0084_I,0
DMN0085_I,0
DMN0086_I,0
DMN0100_I,0
DMN1001_I,0
DMN1004_I,1.00E-02
DMN1005_I,0
DMN1006_I,0.01
DMN1007_I,0.01
EX00001_E,2.300248678
EX00002_E,0
EX00007_E,-20.60762403
EX00009_E,1.903892521
EX00011_E,14.60775094
EX00014_E,5.69E+00
EX00016_E,0
EX00018_E,0
EX00019_E,0
EX00020_E,0.00036775
EX00021_E,0.197412975
EX00022_E,0.051898504
EX00025_E,0
EX00026_E,0
EX00027_E,0
EX00031_E,0
EX00032_E,0
EX00033_E,0.00E+00
EX00037_E,0.00E+00
EX00041_E,0.00E+00
EX00042_E,0.580489891
EX00047_E,0.378250659
EX00048_E,0
EX00049_E,0
EX00051_E,0
EX00054_E,0
EX00058_E,1.017213253
EX00059_E,0.066323201
EX00061_E,0
EX00062_E,0.258114935
EX00064_E,0
EX00065_E,0
EX00067_E,0.0408266
EX00068_E,0
EX00072_E,0
EX00073_E,0
EX00074_E,0
EX00075_E,0
EX00077_E,0
EX00078_E,0.054062498
EX00079_E,5.55E-17
EX00080_E,3.356160091
EX00081_E,0
EX00082_E,0
EX00084_E,0
EX00086_E,0.070119814
EX00089_E,0
EX00093_E,0
EX00094_E,0
EX00095_E,0
EX00097_E,0.053190772
EX00099_E,0.01
EX00101_E,0
EX00106_E,0.255269643
EX00108_E,0.00359862
EX00109_E,0
EX00111_E,0
EX00114_E,0
EX00116_E,0
EX00121_E,0
EX00122_E,0
EX00123_E,0.046248065
EX00124_E,0
EX00127_E,0
EX00130_E,0
EX00132_E,0
EX00133_E,0
EX00134_E,0
EX00135_E,0.097432675
EX00137_E,0
EX00140_E,1.73E-17
EX00141_E,0
EX00143_E,0
EX00147_E,0.003186748
EX00148_E,1.09E-01
EX00149_E,0
EX00152_E,0.232177243
EX00153_E,0.012664035
EX00156_E,0
EX00157_E,0
EX00158_E,0
EX00159_E,0
EX00160_E,0
EX00162_E,0
EX00163_E,0.001229105
EX00164_E,3.713993198
EX00166_E,0.170321242
EX00167_E,0
EX00170_E,0.006444502
EX00178_E,0.031372837
EX00181_E,0
EX00183_E,1.11E-16
EX00185_E,0
EX00186_E,0.007745836
EX00187_E,7.10E-05
EX00188_E,0
EX00189_E,0
EX00191_E,0
EX00194_E,0.001677863
EX00197_E,0
EX00208_E,0
EX00212_E,0
EX00214_E,0.053318381
EX00219_E,0
EX00233_E,0
EX00239_E,1.43E-17
EX00242_E,0.395108188
EX00243_E,0
EX00245_E,0
EX00249_E,0
EX00250_E,0
EX00253_E,0
EX00255_E,0.011385229
EX00256_E,0
EX00257_E,0
EX00259_E,0
EX00262_E,0
EX00266_E,0.02744095
EX00268_E,0
EX00272_E,0
EX00288_E,0
EX00294_E,0
EX00295_E,0.025451425
EX00299_E,0.134608448
EX00301_E,0
EX00311_E,0
EX00314_E,0
EX00315_E,0.00E+00
EX00318_E,0.009999
EX00320_E,0
EX00322_E,0
EX00328_E,0
EX00329_E,6.94E-18
EX00330_E,0
EX00334_E,0.00682885
EX00344_E,0
EX00346_E,0
EX00350_E,0
EX00352_E,0
EX00354_E,0
EX00355_E,0.006250913
EX00366_E,0.317320523
EX00376_E,0
EX00378_E,0.003716241
EX00379_E,0
EX00385_E,0.002536309
EX00387_E,0
EX00388_E,0.003090277
EX00398_E,0
EX00402_E,0
EX00407_E,5.55E-17
EX00422_E,0
EX00427_E,0
EX00429_E,0.01
EX00437_E,0.013261892
EX00438_E,0
EX00439_E,0.00E+00
EX00440_E,0
EX00455_E,0
EX00459_E,0
EX00469_E,0.008971298
EX00473_E,0
EX00475_E,0.181697845
EX00483_E,0.000864225
EX00486_E,0
EX00504_E,0.00E+00
EX00506_E,0
EX00523_E,0
EX00526_E,0
EX00532_E,0
EX00534_E,0
EX00535_E,0
EX00544_E,0
EX00546_E,0
EX00559_E,0
EX00565_E,0.00E+00
EX00575_E,0
EX00577_E,0
EX00583_E,0.013555498
EX00584_E,0
EX00588_E,0
EX00631_E,0
EX00632_E,0
EX00642_E,0.00179881
EX00643_E,0.00E+00
EX00655_E,0
EX00669_E,0
EX00670_E,0
EX00671_E,6.51E-18
EX00695_E,0.00193837
EX00696_E,0.00E+00
EX00704_E,0
EX00708_E,0
EX00719_E,0.019050045
EX00750_E,0
EX00777_E,0
EX00780_E,0.000468364
EX00785_E,0.00E+00
EX00794_E,0
EX00811_E,0
EX00818_E,0
EX00853_E,0
EX00864_E,0
EX00881_E,0
EX00906_E,0.006280025
EX00909_E,1.51E-14
EX00940_E,0
EX00942_E,0
EX00954_E,0.039999
EX00979_E,0
EX01060_E,0
EX01083_E,0
EX01103_E,2.52E-05
EX01132_E,0
EX01137_E,0
EX01161_E,0.00179881
EX01179_E,0.091608082
EX01181_E,0.009999
EX01185_E,0
EX01194_E,0
EX01205_E,-9.97E-07
EX01326_E,0
EX01419_E,0
EX01530_E,0
EX01595_E,0.017333965
EX01613_E,0
EX01697_E,0
EX01717_E,0
EX01755_E,0
EX01762_E,0
EX01801_E,0
EX01879_E,0.005000928
EX01885_E,0
EX01888_E,0
EX01921_E,0.001249531
EX01996_E,0
EX02076_E,0
EX02094_E,0
EX02165_E,0.000864225
EX02188_E,0.00E+00
EX02415_E,0
EX02470_E,0.00E+00
EX02505_E,0.010864225
EX02512_E,0
EX02630_E,0.013287362
EX02642_E,0.00179881
EX02679_E,3.47E-18
EX02737_E,0
EX02763_E,0
EX02918_E,0.005107913
EX02946_E,0
EX03197_E,0.65404252
EX03284_E,0.016314776
EX03722_E,0
EX03758_E,0.000736499
EX03793_E,0.00E+00
EX03917_E,0
EX04227_E,0.001856302
EX04230_E,0
EX04317_E,0.015107913
EX04598_E,0
EX04677_E,0
EX04722_E,0
EX04853_E,0
EX05100_E,0.00179881
EX05122_E,0.001421958
EX05127_E,0
EX05332_E,0.003090277
EX05335_E,0.004834595
EX05356_E,0
EX05402_E,0
EX05422_E,0
EX05455_E,0
EX05512_E,0
EX05519_E,0.009999
EX05635_E,0.009133775
EX05684_E,0.001257713
EX05688_E,0
EX05697_E,0
EX05787_E,1.35E-03
EX05828_E,4.52E-03
EX05852_E,0.01179881
EX05984_E,0.007745836
EX06232_E,0.014362003
EX06341_E,0
EX06424_E,0
EX11061_E,0.002625678
EX11135_E,0
EX11499_E,0.019999
EX14818_E,0
EX14819_E,0
EX15519_E,0.001249531
EX15520_E,0
EX15610_E,0.00054812
EX17337_E,0.000455967
EX17339_E,0
EX18125_E,0
EX18126_E,0
EXC0001_E,0
EXC0013_E,0.000791081
EXC0050_L,-3.960405358
EXC0051_L,9.342469318
EXC0052_L,1.148948358
EXC0053_L,0
EXC0054_L,0.028245348
EXC0055_L,0
EXC0056_L,0
EXC0057_L,0
EXC0058_L,0.00E+00
EXC0059_L,0
EXC0060_L,0
EXC0063_L,0
EXC0065_L,0
EXC0072_L,0
EXC0135_E,0
EXC0141_E,0.007745836
EXC0142_L,0
EXC0152_E,0
EXC0180_E,0.01179881
EXC0201_E,0
EXC0202_E,0
EXC0203_E,0.007747836
EXC0207_E,0
EXC0208_E,0
EXC0210_E,0
EXC0211_E,0.016682833
EXC0213_E,0
EXC0214_E,0.00504405
EXC0216_E,0.000480502
EXC9998_E,0.765376722
EXC9999_E,0.382688361
RC00004_I,4.487664826
RC00009_I,1.239957511
RC00010_I,0.01
RC00028_I,0.001411482
RC00032_I,0.006370569
RC00078_I,0.0022745
RC00089_I,0.01
RC00093_I,0.157318256
RC00100_I,5.526346824
RC00102_I,0.900403167
RC00103_I,0
RC00115_I,0.015153443
RC00127_I,4.130129727
RC00137_I,-0.013924248
RC00138_I,0.01
RC00155_I,0.01
RC00156_I,0.214535958
RC00158_I,0.128009843
RC00160_I,0.017198997
RC00161_I,1.00E-02
RC00174_I,0
RC00177_I,0.283666931
RC00178_I,0.019999
RC00181_I,0.01
RC00183_I,0.01
RC00185_I,0.01
RC00188_I,0.01
RC00190_I,0.01
RC00191_I,0.01
RC00192_I,0.093165482
RC00199_I,0.01
RC00200_I,1.863739979
RC00220_I,0
RC00233_I,0
RC00235_I,0.01
RC00238_I,0.01
RC00251_I,0.01
RC00253_I,0.01
RC00256_I,0.01
RC00257_I,0.016588283
RC00261_I,0
RC00267_I,0.01
RC00274_I,1.00E-02
RC00275_I,0
RC00277_I,0
RC00278_I,-1.00E-06
RC00286_I,0.008392523
RC00287_I,0
RC00289_I,1.18E-01
RC00291_I,0.014484318
RC00293_I,0
RC00306_I,0.001411482
RC00328_I,0.01
RC00330_I,4.15E+00
RC00332_I,0.054746916
RC00335_I,0.01
RC00342_I,-0.033657558
RC00352_I,0.01
RC00355_I,0.01
RC00359_I,0.003657558
RC00366_I,0.01
RC00369_I,-1.999046175
RC00383_I,0
RC00416_I,0
RC00417_I,-0.10105695
RC00424_I,0.01
RC00426_I,0
RC00431_I,-0.01
RC00434_I,0.01
RC00471_I,0.00E+00
RC00475_I,0.01
RC00485_I,0.00E+00
RC00489_I,0
RC00494_I,-1.00E-02
RC00497_I,0.019692113
RC00507_I,0
RC00508_I,0.01
RC00509_I,0.01
RC00511_I,0.271942366
RC00512_I,-0.232642788
RC00513_I,0
RC00525_I,0
RC00527_I,0
RC00529_I,0
RC00548_I,0.01
RC00549_I,0.003331666
RC00551_I,0.082838952
RC00554_I,0.01
RC00570_I,-0.162642788
RC00571_I,0.01
RC00573_I,0.01
RC00575_I,0.01
RC00578_I,0.01
RC00582_I,0.961312642
RC00585_I,0.01
RC00602_I,0.01
RC00619_I,0
RC00631_I,0.01
RC00650_I,0.01
RC00658_I,2.02E+00
RC00662_I,0
RC00669_I,-0.01
RC00670_I,0.019999
RC00678_I,-6.82E-13
RC00685_I,0
RC00694_I,0.181164726
RC00698_I,0.01
RC00699_I,0
RC00703_I,0
RC00710_I,0.01
RC00711_I,0.833812008
RC00720_I,0.00E+00
RC00722_I,0.01
RC00731_I,0
RC00734_I,1.27E-01
RC00736_I,0
RC00748_I,0.385570496
RC00751_I,0.229061845
RC00754_I,-0.01
RC00765_I,0.061677587
RC00768_I,0
RC00782_I,0.012721617
RC00801_I,0.002136296
RC00842_I,0
RC00847_I,0.166555644
RC00851_I,0.071722972
RC00867_I,0.01
RC00875_I,0.013910677
RC00885_I,0.155037189
RC00888_I,0.01
RC00893_I,0.03
RC00894_I,0.019692113
RC00895_I,0.015946027
RC00897_I,0.030055582
RC00899_I,0.01
RC00905_I,-1.02E-12
RC00936_I,0.058135957
RC00939_I,0
RC00941_I,0.01
RC00943_I,-0.954922605
RC00945_I,1.127579484
RC00946_I,0.065227072
RC00955_I,0.01
RC00959_I,0.325264566
RC00961_I,-0.01
RC00963_I,0.206115698
RC00964_I,0.00E+00
RC00965_I,0.01
RC00966_I,0
RC00978_I,-0.01
RC00987_I,0
RC00988_I,-6.82E-13
RC00996_I,0
RC01000_I,0
RC01001_I,0.01793841
RC01005_I,0.04834573
RC01009_I,0.064460973
RC01010_I,0.01
RC01011_I,1.00E-02
RC01013_I,0.069807044
RC01015_I,-1.409585807
RC01016_I,0.01
RC01018_I,0.01
RC01021_I,0.056395343
RC01023_I,0.01036775
RC01026_I,0.01
RC01030_I,0.020001
RC01036_I,0.01
RC01041_I,-0.019859275
RC01049_I,0.06
RC01051_I,0.003218185
RC01054_I,0
RC01055_I,-1.00E-02
RC01056_I,0.347402944
RC01057_I,0.515015909
RC01061_I,2.795084177
RC01066_I,0.307329178
RC01070_I,0.714529344
RC01072_I,0.01
RC01082_I,-0.01
RC01083_I,0.01
RC01092_I,0.01
RC01093_I,0.01
RC01095_I,-0.021202693
RC01100_I,1.41E-03
RC01101_I,0
RC01103_I,2.66E-03
RC01108_I,0.00E+00
RC01121_I,0.313413155
RC01123_I,0.021101796
RC01126_I,0.01
RC01127_I,-0.015579277
RC01130_I,0.029999
RC01132_I,0
RC01134_I,0.142079432
RC01135_I,0.01
RC01137_I,-1.00E-02
RC01138_I,0.012233255
RC01154_I,0.01
RC01167_I,0
RC01168_I,0
RC01184_I,0
RC01185_I,0.01
RC01186_I,0
RC01187_I,0.026699574
RC01201_I,0
RC01206_I,0.009999855
RC01218_I,0
RC01220_I,0.990501882
RC01224_I,-0.01
RC01227_I,0.288398261
RC01229_I,0.01
RC01230_I,0.01
RC01231_I,0.01
RC01234_I,1.00E-02
RC01252_I,0.02
RC01262_I,0.01
RC01266_I,-0.10105695
RC01268_I,0
RC01269_I,0
RC01274_I,0
RC01280_I,0.433270163
RC01281_I,0.03564325
RC01290_I,0.01793841
RC01301_I,0.01
RC01310_I,0.01
RC01315_I,0.01
RC01318_I,-0.290896874
RC01321_I,0.083318514
RC01326_I,0.09726298
RC01334_I,0.003157677
RC01351_I,0.023986848
RC01357_I,0.01
RC01364_I,0.01
RC01372_I,1.00E-02
RC01375_I,0.00E+00
RC01378_I,-6.82E-13
RC01384_I,0
RC01393_I,0.01
RC01397_I,0.02
RC01402_I,0.01
RC01410_I,0
RC01415_I,-0.01
RC01431_I,0.01
RC01463_I,0.004436432
RC01468_I,0.01
RC01470_I,0.393822463
RC01481_I,0.01
RC01483_I,-0.010001
RC01494_I,0.011238808
RC01495_I,0.01
RC01496_I,0.009999999
RC01497_I,0.015675123
RC01498_I,0.01
RC01500_I,-6.82E-13
RC01512_I,-2.795084177
RC01513_I,0.951003292
RC01514_I,-1.36E-12
RC01518_I,-1.844080885
RC01528_I,0.01
RC01529_I,0.357402944
RC01547_I,0.002233255
RC01560_I,0.103165482
RC01561_I,-0.01
RC01567_I,0
RC01569_I,0.083825993
RC01570_I,0
RC01595_I,0.022161063
RC01600_I,0.054780721
RC01602_I,0
RC01616_I,0.01
RC01639_I,0.016236903
RC01641_I,-0.186819424
RC01655_I,0.970501882
RC01658_I,0.021101796
RC01663_I,0
RC01664_I,7.70E-02
RC01665_I,1.20E-03
RC01681_I,0
RC01682_I,0
RC01687_I,0.01
RC01704_I,0.01
RC01710_I,0
RC01711_I,0
RC01724_I,0.01
RC01737_I,0
RC01752_I,-1.36E-12
RC01758_I,0.009999
RC01759_I,-0.01
RC01768_I,0.23228052
RC01769_I,0.01
RC01786_I,0.236361488
RC01787_I,2.04E-02
RC01793_I,0.006669986
RC01794_I,0
RC01795_I,0
RC01799_I,0.041786551
RC01801_I,6.70E-05
RC01802_I,0.040859684
RC01814_I,0
RC01815_I,0.00E+00
RC01816_I,0.00E+00
RC01818_I,-0.155037189
RC01819_I,-0.057774208
RC01827_I,0.01
RC01829_I,0.176820424
RC01830_I,-0.186820424
RC01843_I,0.176820424
RC01844_I,1.00E-06
RC01855_I,0.008797478
RC01857_I,0.01
RC01863_I,0.130033146
RC01870_I,-0.01
RC01876_I,0
RC01878_I,0.01
RC01890_I,0.112983559
RC01896_I,1.62E-02
RC01903_I,0
RC01904_I,0.01
RC01905_I,0.01
RC01909_I,0
RC01920_I,0.01
RC01923_I,0.01
RC01926_I,0.01036775
RC01931_I,-0.035946027
RC01938_I,0
RC01951_I,0.002943197
RC01956_I,0.00E+00
RC01959_I,0
RC01960_I,0
RC01961_I,0.055124049
RC01968_I,0.098934978
RC01969_I,0.107504918
RC01975_I,0.01
RC01978_I,0.01
RC01987_I,0.010001
RC01993_I,-0.02963225
RC01998_I,-0.069807044
RC02003_I,0.021101796
RC02016_I,0.012291325
RC02017_I,0
RC02018_I,0
RC02019_I,0.00E+00
RC02024_I,0
RC02029_I,6.70E-05
RC02030_I,0.000859848
RC02035_I,1.00E-02
RC02037_I,0.051321945
RC02038_I,-0.387923651
RC02051_I,-0.427769625
RC02053_I,0.02
RC02055_I,0.01
RC02057_I,-0.41806565
RC02058_I,0
RC02059_I,0
RC02061_I,0.000107767
RC02078_I,0
RC02080_I,0
RC02082_I,0.313413155
RC02088_I,0.095144561
RC02090_I,0.01
RC02093_I,0.013551823
RC02094_I,0.013551823
RC02098_I,0.01
RC02099_I,0.01
RC02100_I,0.01
RC02101_I,0
RC02102_I,0.01
RC02103_I,0.307320523
RC02107_I,0.01
RC02110_I,0.01
RC02124_I,-0.023484921
RC02142_I,0.00E+00
RC02147_I,2.94E-01
RC02173_I,0.02
RC02186_I,0.016115243
RC02222_I,0.246301285
RC02235_I,0.058135957
RC02236_I,0
RC02239_I,0.01
RC02240_I,0.397833204
RC02241_I,0.071722972
RC02245_I,0.313413155
RC02250_I,0.01
RC02251_I,0.409104737
RC02265_I,0.01
RC02266_I,-1.00E-06
RC02269_I,0
RC02286_I,0
RC02288_I,0
RC02294_I,1.00E-02
RC02295_I,-1.57E-02
RC02297_I,0.075040002
RC02323_I,0.01
RC02326_I,0.001202522
RC02331_I,0.01
RC02335_I,0.030872184
RC02364_I,0
RC02367_I,-0.001841007
RC02382_I,0
RC02383_I,0
RC02389_I,0.000829211
RC02396_I,0.01
RC02397_I,0.01
RC02464_I,0.01
RC02466_I,0
RC02478_I,0
RC02484_I,0.093245209
RC02485_I,0.084778635
RC02493_I,0
RC02497_I,0
RC02519_I,0.01
RC02521_I,0.011856302
RC02529_I,0
RC02531_I,-0.01
RC02541_I,0.01
RC02543_I,-0.01
RC02556_I,0.085144561
RC02557_I,0.01
RC02577_I,-0.01
RC02619_I,0.01
RC02640_I,0.01
RC02665_I,0
RC02668_I,0
RC02670_I,0.01
RC02678_I,0.01
RC02687_I,0.01
RC02695_I,-0.01
RC02697_I,0.01
RC02701_I,0
RC02719_I,1.00E-02
RC02731_I,0.01
RC02732_I,1.00E-02
RC02736_I,1.00E-02
RC02737_I,0.010864225
RC02739_I,-0.01
RC02740_I,0.534062255
RC02743_I,0
RC02746_I,0.01
RC02748_I,0.092977001
RC02749_I,0.303727128
RC02750_I,0.00360205
RC02757_I,0.01
RC02778_I,0.010864225
RC02869_I,0.01
RC02902_I,0.001613535
RC02908_I,0
RC02914_I,0
RC02918_I,0.053264875
RC02957_I,-0.010001
RC02976_I,0.020736499
RC02978_I,0.03564325
RC03004_I,0
RC03005_I,0.016588283
RC03018_I,0.002313943
RC03020_I,0.01
RC03038_I,0.235502798
RC03055_I,0
RC03057_I,0.01
RC03058_I,0.010864225
RC03104_I,6.82E-13
RC03105_I,-0.01
RC03106_I,0.025946027
RC03161_I,0.002943197
RC03181_I,0.01
RC03219_I,0.018474344
RC03245_I,0.313413155
RC03269_I,0.002313943
RC03283_I,0.01
RC03284_I,0.01
RC03300_I,0.01
RC03302_I,-0.01
RC03315_I,1.00E-02
RC03321_I,0.034780721
RC03332_I,0.01
RC03336_I,0.011792876
RC03346_I,0.015726521
RC03348_I,0.01
RC03361_I,0.01
RC03362_I,0.01
RC03363_I,1.00E-02
RC03376_I,0.001599099
RC03393_I,0.00E+00
RC03394_I,0
RC03416_I,0.01
RC03421_I,0.10105695
RC03430_I,0.01
RC03433_I,0.01
RC03435_I,0.02
RC03445_I,0
RC03454_I,0.019133775
RC03455_I,0.019133775
RC03469_I,0.01
RC03482_I,0.01
RC03542_I,0.00E+00
RC03552_I,-0.907739132
RC03595_I,0.01
RC03596_I,0.01
RC03599_I,0
RC03601_I,-0.03
RC03617_I,-6.82E-13
RC03618_I,-0.01
RC03634_I,0.002660505
RC03646_I,0.084376171
RC03648_I,0.052209654
RC03650_I,0.007285863
RC03652_I,0.056367967
RC03654_I,0.17717354
RC03655_I,0.034110225
RC03656_I,0.095723805
RC03657_I,0.14426475
RC03658_I,0.143735222
RC03659_I,0.025124659
RC03660_I,0.066540522
RC03661_I,0.119671247
RC03662_I,0.100255735
RC03663_I,0.099902705
RC03664_I,0.013564298
RC03665_I,0.131963588
RC03681_I,0.01
RC03718_I,0.001249531
RC03719_I,0.003748593
RC03720_I,0.001249531
RC03749_I,0.01
RC03755_I,0.389104737
RC03778_I,0.202888527
RC03814_I,0.119143687
RC03858_I,0.194857899
RC03866_I,0.01
RC03875_I,0.01
RC03889_I,0
RC03936_I,-6.82E-13
RC03954_I,0
RC03956_I,-4.55E-13
RC03970_I,1.00E-02
RC03991_I,0.01
RC04025_I,0.01
RC04073_I,0
RC04144_I,0.01
RC04162_I,0.050673269
RC04171_I,0.00E+00
RC04173_I,0.951003292
RC04176_I,0.01
RC04183_I,-4.55E-13
RC04184_I,1.00E-02
RC04208_I,0.01
RC04209_I,0.01
RC04230_I,0
RC04231_I,0.002313943
RC04262_I,0.004436432
RC04286_I,1.00E-02
RC04293_I,0
RC04300_I,0
RC04311_I,0.069807044
RC04313_I,0.01
RC04321_I,0.019133775
RC04323_I,0
RC04325_I,-0.01
RC04326_I,2.00E-02
RC04360_I,6.98E-02
RC04361_I,5.07E-02
RC04404_I,1.00E-02
RC04420_I,0.01
RC04452_I,0.01
RC04463_I,0.01
RC04480_I,0.01
RC04496_I,3.59E-05
RC04513_I,0.01
RC04545_I,0.01
RC04559_I,0.01
RC04560_I,0.015579277
RC04571_I,0.034176147
RC04591_I,1.00E-02
RC04620_I,0
RC04666_I,-6.82E-13
RC04674_I,0.003828943
RC04734_I,0
RC04742_I,0.202888527
RC04770_I,-0.01
RC04779_I,0.789566778
RC04780_I,0.01
RC04807_I,0.002966397
RC04823_I,2.97E-03
RC04824_I,2.97E-03
RC04826_I,0.002966397
RC04866_I,0.01
RC04867_I,0.01
RC04886_I,0
RC04903_I,0
RC04928_I,-2.27E-12
RC04929_I,0
RC04940_I,-2.27E-12
RC04996_I,0.003828943
RC05050_I,0.01
RC05052_I,0.01
RC05556_I,0.01
RC05577_I,1.57E-01
RC05578_I,1.58E-01
RC05623_I,0.008136443
RC05692_I,0.01
RC05795_I,0.01
RC05802_I,0.02
RC05803_I,0.02
RC05861_I,0.005422887
RC05916_I,0.01
RC05969_I,0.016115243
RC05970_I,0.016115243
RC05972_I,0.016115243
RC05973_I,0.016115243
RC05976_I,0.016115243
RC05979_I,0.016115243
RC05980_I,0.016115243
RC05981_I,0.016115243
RC05982_I,0.016115243
RC05983_I,1.54E-02
RC05985_I,0.012535393
RC05988_I,0.012535393
RC05989_I,0.012242159
RC06099_I,-0.01
RC06171_I,-0.01
RC06238_I,0.016115243
RC06258_I,0.016115243
RC06259_I,0.016115243
RC06260_I,0.016115243
RC06261_I,0.016115243
RC06262_I,0.016115243
RC06263_I,0.016115243
RC06264_I,0.016115243
RC06364_I,0.040142
RC06517_I,0.02
RC06518_I,0
RC06519_I,0.01
RC06520_I,0.01
RC06521_I,0.01
RC06522_I,0.01
RC06982_I,0
RC06983_I,-0.01
RC07034_I,0.01
RC07041_I,0.01
RC07050_I,0.01
RC07109_I,0.01
RC07140_I,0.01
RC07168_I,0.135881141
RC07172_I,0
RC07209_I,0
RC07211_I,0
RC07212_I,0
RC07213_I,0
RC07218_I,1.25E-03
RC07296_I,0.001249531
RC07299_I,1.00E-02
RC07324_I,0.026699574
RC07372_I,0
RC07377_I,0.031264471
RC07379_I,0.01
RC07380_I,0.01
RC07384_I,0.01
RC07385_I,0.01
RC07387_I,0.01
RC07389_I,0.01053127
RC07392_I,0.01
RC07396_I,1.00E-02
RC07641_I,1.00E-02
RC07758_I,0.365216857
RC07759_I,0.365216857
RC07760_I,3.65E-01
RC07761_I,0.365216857
RC07933_I,0.01
RC08174_I,0.062008761
RC08177_I,0.01
RC08183_I,0.048104278
RC08193_I,0
RC08198_I,-0.01
RC08218_I,0.01
RC08223_I,0.01
RC08224_I,0.01
RC08379_I,0.01
RC08381_I,-0.001841007
RC08383_I,0.00886702
RC08388_I,-0.001841007
RC08505_I,0.00E+00
RC08539_I,-4.820645787
RC08707_I,-1.01E-01
RC08723_I,-4.55E-13
RC08724_I,0
RC08725_I,0
RC08733_I,0.003748593
RC08734_I,0.003748593
RC08735_I,0.003748593
RC08759_I,0.002966397
RC08761_I,0.002966397
RC08766_I,0.011792876
RC08767_I,0.01
RC08969_I,0.023086068
RC08981_I,0
RC09035_I,-0.010990072
RC09036_I,-0.037013272
RC09085_I,0
RC09086_I,0
RC09319_I,0.000407805
RC09371_I,0.01
RC09394_I,0.006145663
RC09510_I,0.01
RC09511_I,0.01
RC09752_I,-1.00E-02
RC09844_I,0.000107767
RC09845_I,7.18E-05
RC10059_I,-6.66E-16
RC10065_I,0.01
RC10092_I,2.574916606
RC10306_I,0
RC10633_I,-0.907739132
RC10928_I,1.00E-02
RC10951_I,0.01
RC12124_I,0.01
RCC0001_I,0.013719975
RCC0005_I,10
RCC0009_I,0.01
RCC0010_I,0.01
RCC0018_I,0
RCC0019_I,2.71E+00
RCC0020_I,1.42E-01
RCC0021_I,5.13E-02
RCC0022_I,1.00E-02
RCC0029_I,1.00E-02
RCC0030_I,0.01
RCC0031_I,0.01
RCC0032_I,0.000107767
RCC0033_I,7.18E-05
RCC0034_I,3.59E-05
RCC0037_I,0.016115243
RCC0038_I,0.015418887
RCC0039_I,0.014278766
RCC0040_I,0.000803286
RCC0041_I,0.000948987
RCC0042_I,0.000407805
RCC0043_I,1.00E-02
RCC0044_I,0.273903603
RCC0045_I,0.273903603
RCC0046_I,0.219122882
RCC0050_I,3.75E-03
RCC0051_I,1.00E-02
RCC0053_I,0.00E+00
RCC0055_I,1.80E-02
RCC0056_I,0.219011881
RCC0058_I,0.01
RCC0060_I,0.01
RCC0061_I,0.176257993
RCC0062_I,0.01
RCC0063_I,0.01
RCC0064_I,0.119143687
RCC0065_I,0.079596917
RCC0066_I,0.01277156
RCC0067_I,0.01
RCC0068_I,1.00E-02
RCC0069_I,3.16E-02
RCC0070_I,0.045690605
RCC0071_I,0.176311003
RCC0072_I,0.176311003
RCC0073_I,0.110103455
RCC0074_I,0.00E+00
RCC0076_I,3.59E-05
RCC0078_I,7.92E-03
RCC0079_I,0.01
RCC0080_I,0.02
RCC0081_I,0.03
RCC0082_I,0.01
RCC0083_I,0.01
RCC0084_I,0.194857899
RCC0085_I,0.202888527
RCC0086_I,0.202888527
RCC0087_I,0.01
RCC0088_I,0.01
RCC0089_I,0.01
RCC0090_I,0.01
RCC0091_I,0.01
RCC0092_I,0.03
RCC0093_I,0.01
RCC0094_I,0.02
RCC0095_I,0.01
RCC0096_I,0.01
RCC0097_I,0.040552137
RCC0098_I,0.030552137
RCC0099_I,0.040552137
RCC0101_I,0.066207548
RCC0102_I,0.080103455
RCC0103_I,0.01
RCC0104_I,0.01
RCC0106_I,0.061757101
RCC0107_I,0.1238766
RCC0108_I,0.01
RCC0109_I,0.01
RCC0110_I,0.01
RCC0111_I,0.01
RCC0112_I,0.01
RCC0113_I,0.01
RCC0114_I,1.00E-02
RCC0115_I,0.01
RCC0116_I,0.01
RCC0117_I,0.01
RCC0118_I,0.1238766
RCC0119_I,0.01
RCC0120_I,0.008937829
RCC0121_I,0.01
RCC0122_I,1.00E-02
RCC0123_I,0.01
RCC0124_I,0.035273282
RCC0125_I,0.01
RCC0126_I,0.01
RCC0127_I,0.02
RCC0128_I,0.10429017
RCC0129_I,0.01
RCC0130_I,0.073947986
RCC0131_I,0
RCC0134_I,0.01
RCC0136_I,0.016115243
RCC0137_I,-0.063408709
RCC0138_I,0
RCC0139_I,-0.01
RCC0140_I,0.01
RCC0141_I,0.01
RCC0142_I,0.006145663
RCC0143_I,0.006145663
RCC0144_I,0.00886702
RCC0145_I,0
RCC0147_I,0.045223606
RCC0148_I,0.334245454
RCC0149_I,0.070779962
RCC0150_I,0.03246895
RCC0151_I,0.023986848
RCC0152_I,0.01
RCC0153_I,0.053748593
RCC0156_I,0
RCC0157_I,0.01
RCC0159_I,0.01
RCC0162_I,-6.82E-13
RCC0163_I,-0.907739132
RCC0165_I,0.01
RCC0166_I,0.194857899
RCC0167_I,0.202888527
RCC0168_I,0.202888527
RCC0170_I,0.256306892
RCC0171_I,0.256306892
RCC0172_I,0.256306892
RCC0173_I,0.085435631
RCC0174_I,0.085435631
RCC0175_I,7.95E-05
RCC0176_I,0.085435631
RCC0177_I,0.01
RCC0178_I,0.10105695
RCC0179_I,0
RCC0180_I,0.10105695
RCC0181_I,0.01
RCC0185_I,0.01
RCC0200_I,0.06
RCC0201_I,0.04
RCC0202_I,0.04
RCC0203_I,0.04
RCC0204_I,0.04
RCC0205_I,0.04
RCC0206_I,0.03
RCC0207_I,0.04
RCC0208_I,0.04
RCC0209_I,0.01
RCC0210_I,0.02
RCC0211_I,0.01
RCC0212_I,0.01
RCC0213_I,0.01
RCC0214_I,1.00E-02
RCC0215_I,0.01
RCC0216_I,1.00E-02
RCC0217_I,0.01
RCC0218_I,0.01
RCC0219_I,0.01
RCC0222_I,0.01
RCC0223_I,0.01
RCC0250_I,0
RE00160_I,0
RE00548_I,0
RE10092_I,-0.01
RM00004_I,0.505111191
RM00081_I,11.93082309
RM00112_I,11.37183356
RM00115_I,0
RM00127_I,0.496289309
RM00130_I,0.002313943
RM00138_I,0.00046344
RM00161_I,0.005158237
RM00197_I,0.073463282
RM00199_I,0.01
RM00209_I,3.185166811
RM00216_I,0.34261411
RM00238_I,2.864082262
RM00239_I,0.01
RM00243_I,-0.01
RM00245_I,0.01
RM00248_I,4.480303048
RM00258_I,2.889370096
RM00261_I,0
RM00267_I,2.333746684
RM00275_I,0
RM00335_I,0.01
RM00342_I,0.076843491
RM00344_I,0.01
RM00351_I,0.22600001
RM00355_I,0.139156519
RM00369_I,-0.120280676
RM00371_I,0
RM00383_I,0
RM00405_I,-4.889424141
RM00410_I,-3.287522926
RM00432_I,-0.9825757
RM00471_I,0.02
RM00472_I,0.01
RM00479_I,-2.149326852
RM00489_I,0
RM00513_I,0.00E+00
RM00533_I,0.01
RM00549_I,0.005158237
RM00585_I,0.01
RM00667_I,0.02
RM00705_I,0.01
RM00706_I,0.833431947
RM00709_I,0.01
RM00710_I,0.01
RM00711_I,0.01
RM00713_I,1.00E-02
RM00716_I,-9.09E-13
RM00734_I,-1.00E-02
RM00751_I,0.02
RM00781_I,0.00E+00
RM00833_I,1.00E-02
RM00842_I,-0.01
RM00908_I,-0.01
RM00927_I,0.32293313
RM00935_I,0.466750224
RM00943_I,-1.00E-02
RM00945_I,-1.00E-02
RM01025_I,0.01
RM01082_I,-0.037586375
RM01090_I,0.459724158
RM01175_I,0.413440664
RM01177_I,0.352888527
RM01214_I,0.491060423
RM01220_I,0.01
RM01248_I,0.01
RM01251_I,0.01
RM01253_I,0
RM01278_I,0.01
RM01282_I,0.03
RM01301_I,0
RM01360_I,0.01
RM01393_I,0.01
RM01465_I,0
RM01492_I,4.63E-04
RM01608_I,0.853431947
RM01616_I,0
RM01648_I,0.01
RM01655_I,0.01
RM01736_I,0
RM01859_I,0.01
RM01868_I,0.02963225
RM01875_I,4.55E-13
RM01923_I,0.01
RM01931_I,0.01
RM01939_I,-9.09E-13
RM01975_I,-0.423440664
RM02016_I,0.01
RM02050_I,-6.82E-13
RM02055_I,0.01
RM02085_I,0.313413155
RM02161_I,23.73818289
RM02164_I,0
RM02199_I,0.325120636
RM02300_I,0.01
RM02301_I,0.01
RM02313_I,-9.09E-13
RM02396_I,0.01
RM02433_I,0.01
RM02480_I,3.59E-05
RM02488_I,0.01
RM02529_I,0
RM02530_I,0
RM02565_I,0
RM02566_I,0.01
RM02619_I,0.01
RM02661_I,0.486750224
RM02678_I,0.01
RM02765_I,0
RM02918_I,0.013048076
RM03026_I,-0.423440664
RM03035_I,0.002313943
RM03038_I,0.054399563
RM03045_I,0.853431947
RM03102_I,0
RM03103_I,0
RM03158_I,0.853431947
RM03172_I,0.32293313
RM03225_I,0.01
RM03291_I,0.01
RM03293_I,0.01
RM03313_I,0.01
RM03336_I,0
RM03381_I,0.01
RM03425_I,0.01
RM03451_I,0.01
RM03524_I,0.017333965
RM03534_I,0.01
RM03646_I,2.38E-02
RM03648_I,0.017217021
RM03650_I,0.004213684
RM03651_I,0.018330134
RM03654_I,0.046011584
RM03655_I,0.008665649
RM03656_I,0.025885589
RM03657_I,0.039900404
RM03658_I,0.034828908
RM03659_I,0.009948477
RM03660_I,0.017307957
RM03661_I,0.021026114
RM03662_I,0.022279278
RM03663_I,0.024250202
RM03664_I,0.004349359
RM03665_I,0.036522649
RM03758_I,0
RM03776_I,9.615964676
RM03777_I,9.968853203
RM03778_I,0.04
RM03815_I,0.01
RM03856_I,0.01
RM03857_I,0.05
RM03858_I,0.03
RM03905_I,0.018330134
RM03989_I,9.615964676
RM03990_I,9.645964676
RM03991_I,0.02
RM04096_I,0.313413155
RM04125_I,0.01
RM04138_I,3.13E-01
RM04170_I,-0.04
RM04188_I,0.01
RM04203_I,0.32293313
RM04204_I,0.32293313
RM04224_I,0.486750224
RM04432_I,0.853431947
RM04433_I,23.12397898
RM04737_I,-0.02
RM04738_I,-0.02
RM04739_I,-0.03
RM04740_I,-0.03
RM04741_I,-0.04
RM04742_I,0.04
RM04743_I,-4.00E-02
RM04744_I,-0.04
RM04745_I,-3.53E-01
RM04746_I,-0.352888527
RM04747_I,0.352888527
RM04748_I,-0.352888527
RM04749_I,-0.352888527
RM04751_I,0.362888527
RM04753_I,0.01
RM04754_I,0.05
RM04807_I,0.00E+00
RM05051_I,2.00E-02
RM05052_I,1.00E-02
RM05064_I,0.486750224
RM05066_I,0.486750224
RM05373_I,0.01
RM05577_I,3.16E-02
RM05578_I,0.032768993
RM06985_I,1.00E-02
RM07136_I,-0.01
RM07273_I,0.01
RM07411_I,0.000886263
RM07412_I,8.86E-04
RM08505_I,0.00E+00
RM08657_I,0.584571663
RM08759_I,-4.55E-13
RM08761_I,0
RM08766_I,0
RM08767_I,0
RM08770_I,0.01
RM08771_I,0.01
RM08772_I,0.01
RM08773_I,0.01
RM08774_I,0.01
RM08775_I,0.01
RM08781_I,0.01
RM10092_I,0.333413155
RM10151_I,0.01
RMC0001_I,0.194419832
RMC0003_I,2.574476914
RMC0004_I,4.97E+01
RMC0005_I,0
RMC0006_I,0
RMC0007_I,0
RMC0008_I,0
RMC0009_I,0.01
RMC0011_I,0.459724158
RMC0012_I,0.486750224
RMC0013_I,0.32293313
RMC0014_I,0.01
RMC0015_I,0.02
RMC0016_I,0.02
RMC0023_I,0.004401366
RMC0024_I,0.004401366
RMC0026_I,0
RMC0027_I,0
RMC0028_I,0
RMC0054_I,0.01
RMC0058_I,0.01
RMC0074_I,0.01
RMC0075_I,0.01
RMC0077_I,0
RMC0087_I,0.01
RMC0088_I,0.02
RMC0089_I,0.01
RMC0090_I,0.01
RMC0091_I,0.01
RMC0092_I,0.03
RMC0093_I,0.01
RMC0094_I,0.02
RMC0095_I,0.01
RMC0096_I,0.01
RMC0097_I,0.02
RMC0098_I,0.01
RMC0099_I,0.040552137
RMC0100_I,0.060552137
RMC0103_I,0.01
RMC0104_I,0.02
RMC0105_I,3.00E-02
RMC0106_I,0.008937829
RMC0107_I,0.018937829
RMC0108_I,0.01
RMC0109_I,0.01
RMC0110_I,0.01
RMC0111_I,0.01
RMC0112_I,0.01
RMC0113_I,1.00E-02
RMC0114_I,0.01
RMC0115_I,0.01
RMC0116_I,0.01
RMC0117_I,0.01
RMC0118_I,0.1238766
RMC0119_I,0.01
RMC0120_I,0.008937829
RMC0121_I,0.01
RMC0122_I,0.01
RMC0123_I,0.01
RMC0126_I,0.01
RMC0132_I,3.59E-05
RMC0133_I,0.01
RMC0154_I,0.053748593
RMC0155_I,0.616303454
RMC0182_I,1.00E-02
RMC0183_I,1.00E-02
RMC0184_I,1.00E-02
RMC0187_I,0
SNK0012_I,0
SNK0013_I,0
SNK0014_I,0
SNK0016_I,0
SNK0028_I,0
SNK0029_I,0
SNK0036_I,0.00E+00
SNK0045_I,1.00E-06
SNK0056_I,0
SNK0069_I,0
SNK0070_I,0.00E+00
SNK0071_I,0.00E+00
SNK0074_I,0
SNK0101_I,0
SNK0102_I,0.01
SNK1002_I,0
SNK1003_I,0.00E+00
TCE0329_I,-0.169274582
TCE0329_L,-6.82E-13
TCE0332_I,-0.000524209
TCE0332_L,0.001935691
TCE0333_I,0
TCE0333_L,-6.82E-13
TCE0338_I,0.012064815
TCE0338_L,-6.82E-13
TCE0342_I,0
TCE0342_L,0.004249901
TCE0346_I,-0.002120935
TCE0346_L,0.002120935
TCE0352_I,0.001979657
TCE0360_I,-0.002201717
TCE0360_L,-6.82E-13
TCE0368_I,-0.010864225
TCE0368_L,-6.82E-13
TCE0370_I,0
TCE0374_I,-0.006458908
TCE0374_L,0.00E+00
TCE0376_I,-0.01
TCE0376_L,-9.09E-13
TCE0379_I,0.417027637
TCE0379_L,-6.82E-13
TCE0382_I,-1.29E-01
TCE0382_L,-6.82E-13
TCE0384_I,0
TCE0389_I,0.004160109
TCE0389_L,-6.82E-13
TCE0392_I,6.82E-13
TCE0392_L,0.003218185
TCE0395_I,6.82E-13
TCE0395_L,-6.82E-13
TCE0399_I,0.012959005
TCE0399_L,0
TCE0401_I,0
TCE0414_I,0
TCE0416_I,0.003828943
TCE0416_L,6.82E-13
TCE0417_I,-0.001016911
TCE0417_L,1.23E-02
TCE0424_I,0.003104347
TCE0424_L,-6.82E-13
TCE0430_I,-0.001668957
TCE0430_L,0.001668957
TCE0437_I,0.001613535
TCE0440_I,-6.66E-02
TCE0440_L,-6.82E-13
TCE0441_I,0.00783244
TCE0441_L,-6.82E-13
TCE0447_I,0
TCE0450_I,-0.001910995
TCE0450_L,0.001910995
TCE0453_I,-0.206115698
TCE0453_L,-6.82E-13
TCE0457_I,0.00E+00
TCE0457_L,0.000151323
TCE0459_I,0.003720475
TCE0459_L,0
TCE0464_I,9.09E-13
TCE0464_L,-9.09E-13
TCE0474_I,-0.00393143
TCE0482_I,0.007747836
TCE0482_L,-6.82E-13
TCE0484_I,5.396288655
TCE0484_L,6.82E-13
TCE0486_I,0
TCE0486_L,0.00E+00
TCE0487_I,0
TCE0504_I,-7.09E-05
TCE0504_L,0.009168875
TCE0507_I,1.00E-06
TCE0507_L,0.017332965
TCE0508_I,-0.179625645
TCE0508_L,-6.82E-13
TCE0513_L,0
TCE0514_I,-0.093245209
TCE0514_L,-6.82E-13
TCE0518_I,0.01
TCE0518_L,-6.82E-13
TCE0521_I,-0.090279829
TCE0521_L,-6.82E-13
TCE0531_I,-0.249556921
TCE0531_L,-6.82E-13
TCE0533_I,-0.060654069
TCE0533_L,-6.82E-13
TCE0536_I,-0.000519664
TCE0536_L,0.001348875
TCE0542_I,-0.094813198
TCE0542_L,-6.82E-13
TCE0544_I,0.019270373
TCE0544_L,-6.82E-13
TCE0558_I,1.00E-06
TCE0558_L,0
TCE0559_I,-1.25E-03
TCE0560_I,-2.99E-01
TCE0573_I,8.47E-03
TCE0573_L,-6.82E-13
TCE0574_I,0
TCE0576_I,-0.027843277
TCE0576_L,-6.82E-13
TCE0591_I,0.00E+00
TCE0591_L,-6.82E-13
TCE0597_I,-0.000864225
TCE0597_L,0.010864225
TCE0600_I,0
TCE0602_I,0.000476234
TCE0602_L,0
TCE0603_I,0
TCE0605_I,1.69E-02
TCE0605_L,-6.82E-13
TCE0611_I,0.00E+00
TCE0611_L,0.007796788
TCE0612_I,0
TCE0615_I,4.55E-13
TCE0618_I,0
TCE0619_I,-0.391721157
TCE0619_L,-6.82E-13
TCE0621_I,0.000882471
TCE0621_L,7.23E-03
TCE0622_I,0.01754608
TCE0622_L,-2.87E-03
TCE0627_I,4.00E-02
TCE0627_L,-0.019999
TCE0644_I,6.82E-13
TCE0644_L,-6.82E-13
TCE0648_I,-0.006046973
TCE0648_L,-6.82E-13
TCE0658_I,-0.000829211
TCE0658_L,-6.82E-13
TCE0660_I,0
TCE0662_I,0
TCE0662_L,0
TCE0670_I,7.96E-13
TCE0670_L,-6.82E-13
TCE0673_I,-0.005946027
TCE0673_L,-6.82E-13
TCE0674_I,0
TCE0674_L,-6.82E-13
TCE0687_I,-0.008974132
TCE0687_L,0.003247611
TCE0694_I,1.36E-12
TCE0694_L,-6.82E-13
TCE0697_I,0.003333333
TCE0699_L,0
TCE0706_I,-3.307522926
TCE0706_L,-6.82E-13
TCE0707_I,0
TCE0710_I,0
TCE0712_I,-6.79E-13
TCE0712_L,6.82E-13
TCE0713_I,-0.001059328
TCE0713_L,1.06E-03
TCE0716_I,-0.006715388
TCE0716_L,-6.82E-13
TCE0718_I,-0.071267411
TCE0718_L,-6.82E-13
TCE0719_I,-1.00E-06
TCE0719_L,-6.82E-13
TCE0723_I,0.001012143
TCE0723_L,-0.002625678
TCE0726_I,0.317320523
TCE0729_I,1.00E-06
TCE0732_I,6.82E-13
TCE0732_L,-6.82E-13
TCE0735_I,-0.117740277
TCE0735_L,-6.82E-13
TCE0739_I,-0.002664035
TCE0739_L,0
TCE0743_I,0.00E+00
TCE0745_I,6.82E-13
TCE0745_L,3.60E-03
TCE0752_I,-0.01
TCE0752_L,-9.09E-13
TCE0757_I,-0.029162392
TCE0757_L,0.034660013
TCE0758_I,-0.092388517
TCE0758_L,-6.82E-13
TCE0766_I,-0.012664035
TCE0766_L,0
TCE0772_I,0.005817977
TCE0772_L,-6.82E-13
TCE0777_I,0
TCE0779_I,6.82E-13
TCE0779_L,-6.82E-13
TCE0784_I,-0.261942366
TCE0784_L,-6.82E-13
TCE0785_I,-0.014208536
TCE0785_L,4.55E-13
TCE0788_I,0.00856994
TCE0788_L,-6.82E-13
TCE0795_I,-0.001249531
TCE0797_I,6.82E-13
TCE0797_L,0.005422887
TCE0825_I,0.00E+00
TCE1117_I,-0.090499279
TCE1117_L,-6.82E-13
TCE1121_I,-0.168387443
TCE1121_L,0.01466893
TCE1122_I,-0.213271481
TCE1122_L,-6.82E-13
TCE1124_I,-0.006538973
TCE1124_L,-6.82E-13
TCE1127_I,-0.060267608
TCE1127_L,0
TCE1130_I,-0.000974154
TCE1130_L,0.000974154
TCE1132_I,0
TCE1133_I,0.000125615
TCE1133_L,0.009874385
TCE1137_I,-0.034285555
TCE1137_L,-6.82E-13
TCE1143_I,-0.02
TCE1143_L,-0.02
TCE1148_I,-0.004846557
TCE1148_L,0
TCE1150_I,0
TCE1154_I,-0.007860203
TCE1154_L,-6.82E-13
TCE1156_I,-0.000524209
TCE1156_L,0
TCE1157_I,-0.011318568
TCE1157_L,-6.82E-13
TCE1158_I,-3.92E-03
TCE1158_L,0
TCE1159_I,-6.46E-01
TCE1159_L,-6.82E-13
TCE1161_I,3.28E-01
TCE1161_L,-6.82E-13
TCE1164_I,-0.003378266
TCE1164_L,-6.82E-13
TCE1169_I,-0.001366604
TCE1169_L,0.003680546
TCE1179_I,1.00E-06
TCE1179_L,-6.82E-13
TCE1182_I,-1.395818486
TCE1182_L,0.007152492
TCE1184_I,-0.572144056
TCE1184_L,-6.82E-13
TCE1185_I,0
TCE1185_L,-6.82E-13
TCE1186_I,0.027586375
TCE1186_L,-6.82E-13
TCE1189_I,-0.145098681
TCE1189_L,-6.82E-13
TCE1194_I,-0.129877095
TCE1194_L,-6.82E-13
TCE1197_I,-0.032839952
TCE1197_L,-6.82E-13
TCE1202_I,-0.994922605
TCE1202_L,-6.82E-13
TCE1204_I,-0.02
TCE1204_L,-6.82E-13
TCE1206_I,0.006553538
TCE1206_L,-6.82E-13
TCE1208_I,-3.86E-01
TCE1208_L,-6.82E-13
TCE1211_I,-4.06E-01
TCE1211_L,-6.82E-13
TCE1297_I,-0.231653047
TCE1297_L,-6.82E-13
TCE1298_I,4.41E-05
TCE1298_L,0.009955878
TCE1300_I,-1.00E-02
TCE1300_L,-5.03E-13
TCE1301_I,14.09695603
TCE1302_I,-0.058149511
TCE1302_L,-6.82E-13
TCE1303_I,-0.297673065
TCE1303_L,-6.82E-13
TCE1304_I,0
TCE1304_L,0
TCE1305_I,-0.003763097
TCE1305_L,-6.99E-13
TCE1306_I,-0.198109123
TCE1306_L,-6.82E-13
TCE1307_I,-0.01
TCE1307_L,-6.82E-13
TCE1308_I,0.001076658
TCE1308_L,6.82E-13
TCE1309_I,-1.00E-06
TCE1309_L,-6.82E-13
TCE1310_I,-11.74511509
TCE1310_L,0.01
TCE1311_I,0.023870542
TCE1311_L,-6.82E-13
TCE1312_I,2.685255173
TCE1312_L,2.85E-03
TCE2000_I,0
TCE2001_I,6.82E-13
TCE2003_I,6.82E-13
TCE2005_I,0
TCE5004_I,0.00953756
TCE5004_L,0.00092588
TCE5005_I,0.008744479
TCE5005_L,7.92E-04
TCE5006_I,0.01
TCE5006_L,0.001627633
TCE5007_I,-0.007333965
TCE5007_L,-6.82E-13
TCE5008_I,-0.000736499
TCE5008_L,0.000792081
TCE5016_I,6.82E-13
TCE5016_L,-6.82E-13
TCE5017_I,-0.004368327
TCE5017_L,0.004368327
TCE5019_I,0.01
TCE5019_L,0.01
TCE5020_I,0.01
TCE5020_L,0.00315462
TCE5021_I,0.01
TCE5021_L,6.82E-13
TCE5022_I,-1.00E-06
TCE5022_L,6.82E-13
TCE5023_I,0
TCE5023_L,0.024752533
TCE5024_I,-6.82E-13
TCE5024_L,-0.006370569
TCE5031_I,-0.025912909
TCE5031_L,0.015912909
TCE5035_I,0.01
TCE5035_L,-6.82E-13
TCE5036_I,0.000910406
TCE5036_L,-7.23E-03
TCE5038_I,-6.82E-13
TCE5038_L,-0.001411482
TCE5040_I,0.00E+00
TCE5041_I,-5.24E-04
TCE5041_L,0.001935691
TCE5042_I,-6.03E-03
TCE5042_L,6.03E-03
TCE5043_I,0.010001
TCE5043_L,-6.82E-13
TCE5045_I,0.001292403
TCE5045_L,0.00554992
TCE5046_I,-0.005920274
TCE5046_L,0.014056717
TCE5063_I,-0.01
TCE5063_L,-6.82E-13
TCE5066_I,0.01
TCE5066_L,6.86E-13
TCE5069_I,0.008184824
TCE5069_L,-0.048184824
TCE5070_I,-0.005172258
TCE5070_L,0.004641595
TCE5071_I,0.01
TCE5071_L,6.82E-13
TCE5072_I,-0.01
TCE5072_L,-6.89E-13
TCE5073_I,-0.037013272
TCE5074_I,-0.010990072
TCE5075_I,0.01
TCE5075_L,9.09E-13
TCE5076_I,0
TCE5077_I,0.01
TCE5078_I,0
TCE5079_I,0.000792081
TCE5079_L,-0.000792081
TCE5080_I,0.071460323
TCE5080_L,6.82E-13
TCE5082_I,0.000864225
TCE5083_I,-6.82E-13
TCE5083_L,6.82E-13
TCE5084_I,-0.057343876
TCE5084_L,-0.000792081
TCE5085_I,0.130357352
TCE5085_L,-0.002681821
TCE5086_I,-0.001249531
TCE5086_L,0.006935494
TCE5092_I,-0.00169208
TCE5092_L,-9.51E-03
TCE5093_I,0
TCE5094_I,0.00E+00
TCE5096_I,0
TCE5097_I,0.01
TCE5098_I,0.002018259
TCE5098_L,-0.005675817
TCE5099_I,0.018606871
TCE5100_I,-6.82E-13
TCE5101_I,0.01
TCE5102_I,0.0007365
TCE5103_I,0.00036775
TCE5104_I,0.003787167
TCE5104_L,-0.010986164
TCE5105_I,0.01
TCE5106_I,0
TCE5107_I,-0.00036775
TCE5108_I,6.51E-19
TCE5109_I,0.01
TCE5110_I,0.01
TCE5300_I,-0.005120565
TCE5300_L,-6.82E-13
TCE5301_I,0.009999
TCE5302_I,5.25E-02
TCE5302_L,6.82E-13
TCE5303_I,-0.001196461
TCE5303_L,0
TCE5304_I,0
TCE5305_I,-0.000782196
TCE5306_I,0.00E+00
TCE5307_I,0
TCE5308_I,0
TCE5309_I,0.001249531
TCE5310_I,0.001470035
TCE5311_I,-0.170872199
TCE5311_L,-6.82E-13
TCE5312_I,2.24E-13
TCE5312_L,-6.82E-13
TCE5313_I,1.00E-06
TCE5313_L,-6.82E-13
TCE5314_I,-1.00E-06
TCE5314_L,6.82E-13
TCE5315_I,-0.107659709
TCE5315_L,-6.82E-13
TCE5316_I,0.005579277
TCE5316_L,-6.82E-13
TCE5317_I,0.065037433
TCE5317_L,6.82E-13
TCE5318_I,0.012314804
TCE5318_L,-6.82E-13
TCE5319_I,-0.02190418
TCE5319_L,-6.82E-13
TCE5320_I,-0.01
TCE5320_L,-6.82E-13
TCE5321_I,-0.000743783
TCE5321_L,6.82E-13
TCE5322_I,1.00E-06
TCE5322_L,-6.82E-13
TCE5323_I,1.00E-06
TCE5323_L,-6.82E-13
TCE5324_I,0.008828888
TCE5324_L,-0.002158902
TCE5325_I,1.00E-06
TCE5325_L,6.82E-13
TCE5326_I,-3.60E-03
TCE5326_L,0.00359862
TCE5327_I,1.50E-02
TCE5327_L,6.82E-13
TCE5328_I,-6.54E-13
TCE5328_L,6.82E-13
TCE5329_I,-0.003719975
TCE5329_L,-6.82E-13
TCE5330_I,0.00E+00
TCE5331_I,0.17426003
TCE5331_L,-6.82E-13
TCE5332_I,6.82E-13
TCE5332_L,-6.82E-13
TCE5333_I,-0.00473373
TCE5333_L,-6.82E-13
TCE5334_I,-0.093217184
TCE5334_L,-6.82E-13
TCE5335_I,9.63E-03
TCE5335_L,-6.82E-13
TCE5336_I,-6.82E-13
TCE5336_L,6.82E-13
TCE5337_I,-0.021617535
TCE5337_L,-6.82E-13
TCE5338_I,-0.00324424
TCE5338_L,3.24E-03
TCE5339_I,0.00347142
TCE5339_L,-6.82E-13
TCE5340_I,0.001856302
TCE5340_L,6.82E-13
TCE5341_I,-0.002721527
TCE5341_L,0.012721527
TCE5342_I,0.152367682
TCE5342_L,6.82E-13
TCE5343_I,-0.171164726
TCE5343_L,-6.82E-13
TCE5344_I,0.001792876
TCE5344_L,6.82E-13
TCE5345_I,0.008564924
TCE5345_L,-0.028564924
TCE5347_I,0.00466893
TCE5347_L,-0.01466893
TCE5348_I,-0.01963225
TCE5348_L,-6.82E-13
TCE5349_I,1.00E-06
TCE5349_L,0.019999
TCE5350_I,-6.81E-13
TCE5350_L,6.82E-13
TCE5351_I,0
TCE5351_L,6.82E-13
TCE5352_I,1.00E-06
TCE5352_L,-6.82E-13
TCE5353_I,0.018968791
TCE5353_L,-6.82E-13
TCE5354_I,-6.82E-13
TCE5354_L,6.82E-13
TCE5355_I,-6.82E-13
TCE5355_L,6.82E-13
TCE5356_I,1.36E-12
TCE5356_L,-6.82E-13
TCE5357_I,-3.41E-13
TCE5357_L,-6.82E-13
TCE5358_I,-0.002187507
TCE5358_L,-6.82E-13
TCE5359_I,-0.000864225
TCE5359_L,0.000864225
TCE5360_I,0.01
TCE5360_L,6.82E-13
TCE5361_I,6.66E-13
TCE5361_L,-6.82E-13
TCE5362_I,-0.004310199
TCE5362_L,-6.82E-13
TCE5363_I,0.01
TCE5363_L,6.82E-13
TCE5365_I,0.00206159
TCE5365_L,-6.82E-13
TCE5367_I,-0.009859275
TCE5367_L,-6.82E-13
TCE5369_I,-0.014714051
TCE5369_L,-1.23E-03
TCE5370_I,-0.001386938
TCE5370_L,0.001386938
TCE5371_I,0
TCE5372_I,-0.032041112
TCE5372_L,-6.82E-13
TCE5373_I,0.00E+00
TCE5374_I,-0.03
TCE5374_L,-6.82E-13
TCE5375_I,0.080949377
TCE5375_L,6.82E-13
TCE5376_I,0
TCE5377_I,0
TCE5378_I,0.00E+00
TCE5379_I,0
TCE5381_I,-0.413089585
TCE5382_I,0.0378061
TCE5383_I,-0.004324877
TCE5384_I,0
TCE5385_I,-9.13E-03
TCE5386_I,-0.29003741
TCE5387_I,0
TCE5388_I,-0.01
TCE5389_I,0.002076128
TCE5390_I,0
TCE5391_I,0.413091585
TCE5392_I,0
TCE5393_I,0.001296838
TCE5394_I,-0.000864225
TCE5395_I,0.00246895
TCE5396_I,0.003244318
TCE5397_I,0
TCE5398_I,-0.00490675
TCE5399_I,0.000871059
TCE5400_I,0
TCE5401_I,0.001272172
TCE5402_I,0
TCE5403_I,0.010669526
TCE5404_I,-0.00036975
TCE5404_L,6.82E-13
TCE5405_I,0
TCE5405_L,0
TCE5406_I,0
TCE5407_I,0
TCE5408_I,1.00E-06
TCE5408_L,-6.82E-13
TCE5409_I,0.014664717
TCE5410_I,-6.82E-13
TCE5410_L,6.82E-13
TCE5411_I,0
TCE5411_L,-6.82E-13
TCE5412_I,-0.083825993
TCE5412_L,-6.82E-13
TCE5413_I,-0.006442502
TCE5413_L,-6.82E-13
TCE5414_I,0.065040002
TCE5414_L,-6.82E-13
TCE5415_I,0
TCE5415_L,0
TCE5416_I,-1.00E-02
TCE5416_L,-9.09E-13
TCE5417_I,0
TCE5417_L,0
TCE5501_I,0
TCE5501_L,0
TCE5502_I,0
TCE5502_L,0.00744095
TCE5504_I,0.01
TCE5505_I,1.645668351
TCE5505_L,0.006423754
TCE6001_I,0
TCE6002_I,-0.008012552
TCE6002_L,-0.001987448
TCE7572_I,0
TCE7666_I,0.000688137
TCE7666_L,-0.00451708
TCE7728_I,0.02
TCE7728_L,6.82E-13
TCE9072_I,0.000499754
TCE9072_L,-3.16E-03
TCM0059_I,0.027333965
TCM0064_I,1.00E-02
TCM0066_I,0
TCM0069_I,0
TCM0070_I,0
TCM0072_I,-3.307522926
TCM0073_I,0
TCM0075_I,-0.02
TCM0076_I,0
TCM0077_I,0.234521689
TCM0079_I,0
TCM0080_I,0
TCM0081_I,0
TCM0082_I,0
TCM0083_I,0.00E+00
TCM0087_I,0
TCM0088_I,0
TCM0089_I,0.034828908
TCM0091_I,0
TCM0092_I,0
TCM0094_I,0.023753216
TCM0095_I,0.01
TCM0096_I,0
TCM0097_I,0
TCM0098_I,0
TCM0099_I,0.00E+00
TCM0101_I,0
TCM0104_I,0
TCM0105_I,0
TCM0106_I,0.01
TCM0109_I,-0.114859015
TCM0110_I,0
TCM0111_I,53.08861848
TCM0114_I,0
TCM0115_I,0
TCM0116_I,0
TCM0117_I,0.499624562
TCM0118_I,0
TCM0119_I,-4.55E-13
TCM0121_I,0
TCM0125_I,0
TCM0126_I,0
TCM0127_I,0
TCM0128_I,0
TCM0130_I,0
TCM0131_I,0
TCM0132_I,0.351006225
TCM0135_I,0.527583072
TCM0137_I,0
TCM0139_I,0.02
TCM0140_I,0
TCM0141_I,0.018330134
TCM0143_I,0
TCM0144_I,0
TCM0145_I,0.16629226
TCM0148_I,0
TCM0149_I,0
TCM0150_I,0
TCM0151_I,0
TCM0153_I,0
TCM0154_I,0
TCM0156_I,0
TCM0158_I,0
TCM0160_I,0
TCM0161_I,0
TCM0162_I,0.01
TCM0163_I,0
TCM0165_I,0
TCM0167_I,0
TCM0170_I,0
TCM0171_I,0
TCM0172_I,0
TCM0173_I,0
TCM0174_I,0
TCM0175_I,0
TCM0176_I,-0.000922185
TCM0177_I,0.01
TCM0181_I,0.02
TCM0183_I,2.019046175
TCM0184_I,0
TCM0187_I,0
TCM0188_I,0
TCM0190_I,-0.02
TCM0192_I,-0.01
TCM0196_I,0.01
TCM0198_I,0
TCM0199_I,0
TCM0200_I,0
TCM0201_I,0
TCM0204_I,0
TCM0206_I,0
TCM0207_I,0.007586375
TCM0208_I,0
TCM0210_I,0.242888527
TCM0212_I,-0.02
TCM0214_I,0.00E+00
TCM0215_I,0
TCM0216_I,0
TCM0217_I,0
TCM0218_I,0
TCM0219_I,0
TCM0220_I,0
TCM0221_I,0
TCM0222_I,0
TCM0224_I,0.01
TCM0316_I,0
TCM1027_I,-4.55E-13
TCM1031_I,-4.470303048
TCM1033_I,0.01
TCM1034_I,-0.004310199
TCM1037_I,0.01
TCM1039_I,0.002313943
TCM1043_I,0
TCM1044_I,0.005158237
TCM1045_I,0.465150063
TCM1047_I,0
TCM1051_I,0.004349359
TCM1054_I,-0.008665649
TCM1055_I,-0.01
TCM1058_I,-0.009948477
TCM1061_I,-0.01
TCM1062_I,-0.01
TCM1063_I,0.01
TCM1067_I,0.03
TCM1069_I,0.01
TCM1070_I,0.017217021
TCM1071_I,0
TCM1073_I,0
TCM1075_I,-0.017307957
TCM1077_I,0.01
TCM1078_I,0.02
TCM1080_I,0
TCM1082_I,0.003048076
TCM1085_I,0.022279278
TCM1089_I,0.044250202
TCM1091_I,-0.03
TCM1096_I,0.01
TCM1098_I,-0.002187507
TCM1101_I,0
TCM1109_I,0.01
TCM1274_I,-0.02
TCM1275_I,11.98170935
TCM1276_I,-61.40247581
TCM1277_I,1.00E-02
TCM1278_I,0
TCM1279_I,0.073463282
TCM1280_I,0
TCM1282_I,0
TCM1283_I,0.39711516
TCM1284_I,0.385787373
TCM1285_I,-0.041580178
TCM1286_I,0.01
TCM1287_I,-10.79218105
TCM1288_I,0.01
TCM1289_I,-0.303413155
TCM1290_I,-0.005598634
TCM1291_I,0.001026114
TCM1292_I,53.08350545
TCM2002_I,0.01
TCM2004_I,-1.00E-02
TCM5001_I,1.00E-02
TCM5002_I,0.01
TCM5003_I,0.01
TCM5004_I,-0.176311003
TCM5005_I,0.00046344
TCM5006_I,-0.00046344
TCM5007_I,0.017333965
TCM5008_I,0.017333965
TCM5009_I,0.01
TCM5010_I,0.1238766
TCM5011_I,0.01
TCM5012_I,0.008937829
TCM5013_I,0.01
TCM5014_I,0.01
TCM5015_I,0.01
TCM5018_I,0.00E+00
TCM5027_I,0.021619493
TCM5029_I,0.053748593
TCM5030_I,2.813417138
TCM5032_I,1.00E-02
TCM5034_I,0
TCM5037_I,-4.55E-13
TCM5047_I,0.007935619
TCM5048_I,0.01
TCM5049_I,0.01
TCM5050_I,1.00E-02
TCM5051_I,0.01
TCM5052_I,0.040552137
TCM5053_I,0.01
TCM5054_I,0.01
TCM5055_I,0.01
TCM5056_I,0.01
TCM5057_I,0.01
TCM5058_I,0
TCM5059_I,0.01
TCM5060_I,0
TCM5061_I,7.18E-05
TCM5062_I,-6.82E-13
TCM5064_I,0.01
TCM5065_I,-0.01
TCM5067_I,-0.01
TCM5095_I,-0.19073897
TCM5111_I,0
TCM5510_I,0.01
UP00002_L,0
UP00011_L,0
UP00014_L,0
UP00016_L,0
UP00018_L,0
UP00019_L,0
UP00020_L,0
UP00021_L,0
UP00022_L,0
UP00025_L,0
UP00026_L,0
UP00027_L,0
UP00031_L,-0.002681821
UP00032_L,-0.000835552
UP00033_L,0
UP00037_L,0.00E+00
UP00041_L,0
UP00042_L,0
UP00047_L,0
UP00049_L,0.00E+00
UP00054_L,-0.009874385
UP00058_L,0
UP00059_L,0
UP00061_L,0
UP00062_L,0
UP00064_L,0.00E+00
UP00065_L,0
UP00067_L,0
UP00068_L,0
UP00072_L,0
UP00073_L,0
UP00074_L,0
UP00075_L,0
UP00077_L,0
UP00078_L,0
UP00079_L,0
UP00082_L,0
UP00084_L,0
UP00086_L,0
UP00089_L,0
UP00093_L,0
UP00094_L,-1.23E-03
UP00095_L,0.00E+00
UP00097_L,0
UP00101_L,-0.007233468
UP00106_L,0.00E+00
UP00108_L,0
UP00109_L,0.00E+00
UP00111_L,0
UP00114_L,-0.034660013
UP00116_L,0
UP00121_L,-0.003218185
UP00122_L,0
UP00123_L,3.24E-13
UP00124_L,6.82E-13
UP00127_L,0
UP00130_L,6.82E-13
UP00132_L,-0.010864225
UP00133_L,-0.005422887
UP00134_L,6.82E-13
UP00135_L,6.82E-13
UP00137_L,6.82E-13
UP00140_L,6.82E-13
UP00141_L,6.82E-13
UP00143_L,0
UP00147_L,6.82E-13
UP00148_L,6.82E-13
UP00149_L,6.82E-13
UP00152_L,6.82E-13
UP00153_L,0.00E+00
UP00158_L,6.82E-13
UP00159_L,6.82E-13
UP00160_L,-0.00554992
UP00163_L,6.82E-13
UP00164_L,6.82E-13
UP00166_L,6.82E-13
UP00167_L,6.82E-13
UP00170_L,6.82E-13
UP00178_L,6.82E-13
UP00181_L,-0.009955878
UP00183_L,6.82E-13
UP00185_L,-0.001411482
UP00186_L,0
UP00187_L,-0.006935494
UP00188_L,6.82E-13
UP00189_L,6.82E-13
UP00191_L,-0.006029631
UP00194_L,0.00E+00
UP00197_L,6.82E-13
UP00208_L,-0.001935691
UP00212_L,6.82E-13
UP00214_L,6.82E-13
UP00233_L,-0.000864225
UP00239_L,6.82E-13
UP00242_L,6.82E-13
UP00243_L,-0.001935691
UP00245_L,-0.012266442
UP00249_L,6.82E-13
UP00250_L,-0.001118914
UP00253_L,-3.25E-03
UP00255_L,-1.40E-03
UP00256_L,6.82E-13
UP00257_L,6.82E-13
UP00259_L,6.82E-13
UP00262_L,6.82E-13
UP00266_L,6.82E-13
UP00268_L,6.82E-13
UP00272_L,-0.002158902
UP00288_L,0
UP00294_L,6.82E-13
UP00295_L,6.82E-13
UP00299_L,6.82E-13
UP00301_L,0
UP00311_L,6.82E-13
UP00314_L,-0.000876876
UP00315_L,6.82E-13
UP00318_L,6.82E-13
UP00320_L,6.82E-13
UP00322_L,-0.01466893
UP00328_L,-0.00359862
UP00329_L,6.82E-13
UP00330_L,6.82E-13
UP00334_L,6.82E-13
UP00346_L,6.82E-13
UP00352_L,6.82E-13
UP00354_L,6.82E-13
UP00366_L,0
UP00376_L,6.82E-13
UP00378_L,0
UP00379_L,6.99E-13
UP00385_L,6.82E-13
UP00387_L,6.82E-13
UP00388_L,9.09E-13
UP00398_L,-0.028564924
UP00402_L,-0.005675817
UP00407_L,6.82E-13
UP00429_L,6.82E-13
UP00437_L,0
UP00438_L,6.82E-13
UP00439_L,6.82E-13
UP00440_L,6.82E-13
UP00455_L,0
UP00459_L,6.82E-13
UP00469_L,5.03E-13
UP00473_L,0
UP00475_L,6.82E-13
UP00483_L,6.82E-13
UP00486_L,-0.001348875
UP00504_L,0
UP00506_L,-0.00324424
UP00526_L,6.82E-13
UP00532_L,6.82E-13
UP00534_L,-0.000267247
UP00544_L,6.82E-13
UP00559_L,6.82E-13
UP00565_L,-0.013264636
UP00577_L,6.82E-13
UP00583_L,6.82E-13
UP00588_L,6.82E-13
UP00631_L,6.82E-13
UP00632_L,-0.019999
UP00642_L,6.82E-13
UP00655_L,6.82E-13
UP00670_L,6.82E-13
UP00671_L,6.82E-13
UP00704_L,-0.019999
UP00708_L,-0.00744095
UP00719_L,9.09E-13
UP00750_L,6.82E-13
UP00777_L,-0.002625678
UP00785_L,6.82E-13
UP00794_L,6.82E-13
UP00811_L,6.82E-13
UP00818_L,6.82E-13
UP00853_L,-0.000133799
UP00864_L,-0.002888465
UP00881_L,6.82E-13
UP00906_L,6.82E-13
UP00954_L,6.82E-13
UP00979_L,0.00E+00
UP01103_L,6.82E-13
UP01132_L,-0.001987448
UP01137_L,6.82E-13
UP01179_L,6.82E-13
UP01181_L,6.82E-13
UP01185_L,6.82E-13
UP01326_L,-0.017332965
UP01419_L,0.00E+00
UP01530_L,6.82E-13
UP01595_L,9.09E-13
UP01613_L,-0.003160259
UP01697_L,-0.009510613
UP01762_L,6.82E-13
UP01801_L,-0.00360205
UP01879_L,6.82E-13
UP01888_L,-1.39E-03
UP02076_L,6.82E-13
UP02094_L,-6.37E-03
UP02470_L,6.82E-13
UP02512_L,6.82E-13
UP02630_L,6.82E-13
UP02642_L,6.82E-13
UP02679_L,6.82E-13
UP02918_L,0
UP02946_L,6.82E-13
UP03197_L,6.82E-13
UP03284_L,9.09E-13
UP03722_L,-0.012721527
UP03758_L,6.82E-13
UP03793_L,6.82E-13
UP04677_L,6.82E-13
UP05100_L,6.82E-13
UP05127_L,-0.00451708
UP05335_L,6.89E-13
UP05402_L,-0.000974154
UP05422_L,6.82E-13
UP05512_L,6.82E-13
UP05519_L,6.82E-13
UP05684_L,6.86E-13
UP05688_L,-4.74E-02
UP05697_L,-0.002120935
UP05787_L,6.82E-13
UP05828_L,6.82E-13
UP05852_L,9.09E-13
UP05984_L,6.82E-13
UP06232_L,0
UP06424_L,6.82E-13
UP14818_L,-0.005632233
UPC0013_L,0.00E+00
UPC0135_L,6.82E-13
UPK0012_I,0
UPK0013_I,0
UPK0014_I,-0.013984848
UPK0016_I,0
UPK0028_I,0
UPK0029_I,-0.001841007
UPK0036_I,0
UPK0045_I,0
UPK0056_I,-0.01
UPK0069_I,-0.003157677
UPK0070_I,0
UPK0071_I,0
UPK0074_I,0
UPK0101_I,-0.002943197
UPK0102_I,0
UPK1002_I,0
UPK1003_I,0
EX00583_X,-0.003555498
EX02918_X,-0.005107913
EX05984_X,-0.007745836
EX02630_X,-0.003287362
EX05852_X,-0.00179881
EX00109_X,-0.00206159
EX00322_X,0.00466893
EX00631_X,-0.17426003
EX01161_X,-0.00179881
EX00355_X,-0.006250913
EX01179_X,0.001609102
EX00942_X,0
EX01060_X,0.00E+00
EX01205_X,1.00E-06
EX03284_X,-0.006314776
EX00632_X,-1.00E-06
EX05828_X,-0.000688137
EX00141_X,0.004310199
EX00671_X,2.19E-03
EX00197_X,0.00E+00
EX05100_X,-0.00179881
EX02946_X,-1.00E-06
EX00334_X,-0.00682785
EX00156_X,0
EX00642_X,-0.00179881
EX00233_X,0.000864225
EX01181_X,-0.009999
EX00906_X,0.003719975
EX00429_X,0
EX05356_X,0.001296838
EX03917_X,0
EX05635_X,-0.009133775
EX00643_X,0.00E+00
EX00170_X,0.003555498
EX00440_X,0.060654069
EX01879_X,-0.005000928
EX17337_X,-0.000455967
EX00506_X,0.00324424
EX00328_X,0.00359862
EX02415_X,0
EXC0001_X,-0.00246895
EX00162_X,-0.003244318
EX03197_X,-0.65404252
EX00811_X,0.001792876
EX01888_X,0.001386938
EX00532_X,-1.00E-06
EX00033_X,-0.023870542
EX00164_X,-0.406470272
EX00084_X,0.058149511
EX18125_X,0.010990072
EX01132_X,-0.008012552
EX00140_X,0.071460323
EX01996_X,0.00036775
EX00437_X,0.012651017
EX00979_X,0.000736499
EX00147_X,-0.003186748
EX00212_X,0
EX00194_X,-0.000422342
EX00301_X,0.002664035
EX00021_X,-0.026540777
EX04677_X,-0.005579277
EX04317_X,-0.005107913
EX00026_X,0.163718513
EX00940_X,0
EX00099_X,0
EX00133_X,0
EX00041_X,0.231653047
EX00019_X,-0.00036975
EX01137_X,-1.00E-06
EX00020_X,-0.00036775
EX00523_X,0
EX11135_X,0
EX00108_X,-0.00359862
EX00259_X,1.00E-06
EX00219_X,-0.001979657
EX00062_X,0.127503661
EX00072_X,-1.36E-12
EXC0180_X,-0.00179881
EX00152_X,0.174193023
EX00402_X,0.002018259
EX00049_X,0.090499279
EX05519_X,1.00E-06
EX00002_X,0.080949377
EX05787_X,-0.000519664
EX00486_X,0.000519664
EX02642_X,-0.00179881
EX00575_X,0
EX02094_X,0
EX00438_X,-0.00963225
EX00853_X,0.00046244
EX01419_X,-1.00E-06
EX00114_X,0.029162392
EX00695_X,-0.000688839
EX00588_X,0.00473373
EX00187_X,0.001178515
EX00158_X,0.007860203
EX00698_X,0
EX00185_X,0
EX00011_X,-2.86263585
EXC0202_X,0
EX00318_X,1.00E-06
EX01326_X,-1.00E-06
EX02512_X,0.007333965
EX00097_X,0.064549504
EX00475_X,0.080244521
EX00559_X,0
EX00239_X,0.02190418
EX00881_X,-0.007747836
EX02679_X,0.014963509
EX00330_X,-0.00856994
EX00111_X,-0.00347142
EX00268_X,1.00E-06
EX05422_X,0.00E+00
EX05512_X,-0.00783244
EX03758_X,-0.000736499
EX01801_X,0
EX00459_X,0.011318568
EX00526_X,-0.008466574
EX02763_X,0
EX00189_X,0.032041112
EX00346_X,-0.018968791
EX00469_X,0.001028702
EX00016_X,0.003787167
EX00067_X,-0.0108266
EX00354_X,0.065037433
EX14818_X,7.09E-05
EX14819_X,0
EX00061_X,0.005172258
EX00504_X,-0.057343876
EX00058_X,-0.022290648
EX00439_X,-6.82E-13
EX00095_X,0.006046973
EX00122_X,-0.027586375
EX00670_X,-1.00E-06
EX00124_X,-0.012064815
EXC0214_X,-0.00504405
EX01697_X,-0.00169208
EX00352_X,-0.006553538
EX00329_X,0.010864225
EXC0216_X,0.009519498
EX00266_X,-0.00744095
EX01921_X,0
EX00031_X,0.130357352
EX00257_X,0
EX00818_X,-0.010001
EX00191_X,0.006030631
EX00064_X,0.213271481
EX00025_X,0.003378266
EX00669_X,0
EXC0213_X,-0.004324877
EX00048_X,0
EX00037_X,0.198109123
EX00577_X,0.009859275
EX00719_X,-0.009050045
EX00093_X,0.021617535
EX00116_X,0.001076658
EX00160_X,-0.001292403
EX00387_X,-0.005817977
EX00127_X,0.004846557
EX00051_X,0
EX00242_X,-0.003387031
EX00027_X,-4.17E-01
EX00001_X,-4.985503851
EX00080_X,-1.71049174
EX00288_X,-0.168400327
EX00249_X,0.169274582
EX00544_X,0.001856302
EX00135_X,0.047666006
EX00388_X,-0.003090277
EX00262_X,-0.019270373
EX00708_X,0.00744095
EX00311_X,3.72E-03
EX00407_X,0.129420019
EX00130_X,0.107659709
EX00954_X,-0.019999
EX00137_X,-0.004160109
EX00294_X,-0.016867664
EX00081_X,0.009999
EX00238_X,0
EX01717_X,0.00E+00
EX00256_X,0.006715388
EX00186_X,-0.007745836
EX00243_X,0.000524209
EX00123_X,0.203308856
EX00909_X,0.000864225
EX02165_X,-0.000864225
EX04853_X,0
EX01595_X,-0.007333965
EX04230_X,0.29003741
EX18126_X,0.037013272
EX00047_X,0.193893397
EX01885_X,-0.413091585
EX00149_X,-0.328213667
EX00208_X,0.000524209
EX00159_X,-0.003104347
EX05402_X,0.000974154
EX00132_X,0.000864225
EXC0141_X,-0.007745836
EX00073_X,0.071267411
EX05127_X,0.000688137
EX00143_X,0.001196461
EX06232_X,0.004244868
EX00546_X,0
EX01330_X,0
EX00253_X,0.008974132
EX00153_X,0
EX00014_X,-0.297441852
EX01185_X,-0.012314804
EX00455_X,0.003924248
EX00007_X,6.510667998
EX00704_X,0.039999
EX01530_X,0.002201717
EX04227_X,-0.001856302
EX01328_X,0
EX00077_X,0.032839952
EX01103_X,-2.52E-05
EX00295_X,-0.005819175
EX02505_X,-8.64E-04
EX04598_X,0.009133775
EX01194_X,0
EX00054_X,-0.000125615
EX00157_X,-2.99E-01
EX01211_X,0
EX00350_X,0
EX05332_X,-0.003090277
EXC0152_X,0
EX00074_X,0.152367682
EX00012_X,0.00E+00
EX02188_X,0.00E+00
EX00344_X,-0.0378061
EX00079_X,9.24E-02
EX00032_X,0.000669526
EX00166_X,0.000843484
EX00009_X,-0.508074035
EX00864_X,1.37E-03
EX00163_X,-1.12E-02
EX00148_X,1.89E-01
EX00696_X,-1.00E-06
EX00584_X,0.00393143
EX00427_X,-0.002076128
EX02737_X,0
EX00134_X,-1.00E-06
EX00534_X,0.001059328
EX00018_X,-1.00E-06
EX00250_X,1.91E-03
EX00314_X,0.001668957
EX00022_X,-0.051898504
EXC0013_X,1.00E-06
EX03722_X,2.72E-03
EX00376_X,-0.000743783
EX00473_X,0.006458908
EX00777_X,1.01E-03
EX11061_X,-1.01E-03
EX00121_X,0
EX00255_X,-0.006720512
EX00794_X,6.54E-03
EX02076_X,-1.00E-06
EX05697_X,0.002120935
EX05688_X,8.18E-03
EX05335_X,0.005165405
EX05684_X,0.008742287
EX00065_X,0.034285555
EXC9998_X,-1.15E-01
EX11499_X,-1.00E-02
EX00094_X,-0.014714051
EX00059_X,-0.026323201
EXC0203_X,0.002252164
EXC0208_X,0.0007365
EXC0207_X,0.00490675
EXC0211_X,-1.58E-02
EXC0201_X,-0.001272172
EXC0210_X,0.00036775
EX00315_X,-6.82E-13
EX00750_X,0.00E+00
EX00780_X,-0.000468364
EX01613_X,0.000499754
EXC9999_X,-0.263009219
EX00042_X,0.065790565
EX00089_X,5.24E-04
EX00422_X,4.13E-01
EX00245_X,0.001016911
EX05122_X,-0.000172427
EX01755_X,0.00E+00
EX00272_X,0.008828888
EX04722_X,-7.82E-04
EX00101_X,-8.82E-04
EX00378_X,6.52E-04
EX00188_X,0.129877095
EX00178_X,-0.041372837
EX00214_X,0.030507612
EX00565_X,0.005920274
EX03793_X,-6.54E-13
EX01083_X,8.64E-04
EX00078_X,4.08E-02
EX00398_X,8.56E-03
EX00535_X,0
EX00320_X,5.95E-03
EX06424_X,0.006442502
EX00483_X,-0.000864225
EX00082_X,0.090279829
EX00167_X,0.005120565
EX00106_X,-0.162024435
EX00366_X,0
EX00785_X,-6.82E-13
EX00086_X,-3.55E-03
EX00299_X,0.07150725
EX00075_X,0.052511545
EXC0135_X,2.78E-02
EX00183_X,0.179625645
EX00385_X,-0.002536309
EX02470_X,-6.82E-13
EX00655_X,-1.00E-06
EX15519_X,0.00E+00
EX15610_X,-5.48E-04
EX05455_X,0.001470035
EX17339_X,0
EX15520_X,4.55E-13
EX06341_X,0
EX01762_X,-6.50E-02
EX00181_X,-4.41E-05
EX00379_X,0.003763097