Row,PFD
BIO0001_I,8.76911421041213
BIO0002_I,35.0281868830481
BIO0003_I,1.43653184033888
BIO0004_I,0.0571428571428052
BIO0005_I,0.297208109815301
BIO0006_I,2.94576827343826
BIO0007_I,0.217360984027096
BIO0008_I,0.987866579175392
BIO0009_I,0.446226659146856
BIO0010_I,6.47503631671537
BIO0011_I,1.57575057983672
BIO0012_I,-0.0986520433737041
BIO0013_I,0.197930076594503
BIO0014_I,0.212469997087055
BIO0015_I,0.000647503631671537
BIO0100_I,0
BIO0101_I,0
BIO0102_I,0
BIO0103_I,0
BIO0104_I,0
BIO0105_I,2.9872370297875
BIO0106_I,3.48779928692786
BIO0107_I,0
DGR0001_I,62.4317269229935
DGR0002_I,7.88316863754421
DGR0003_I,1.23627096124536
DGR0004_I,3.3631923648182
DGR0005_L,1.60149424476851
DGR0006_L,12.3943151159994
DGR0007_L,12.3943151159994
DGR0008_L,62.4317269229935
DGR0009_L,7.88316863754421
DGR0010_L,1.23627096124536
DGR0011_L,0.339319164930715
DGR0012_I,0.339319164930715
DGR0013_L,0.103257039231391
DGR0014_L,0.103257039231391
DGR0015_L,0.103257039231391
DGR0016_I,0.103257039231391
DGR0017_I,0.103257039231391
DGR0018_L,1.20119435231164
DGR0019_I,1.20119435231164
DGR0020_L,0.287934251761176
DGR0021_I,0.368036189401762
DGR0022_L,0.0801019376405867
DGR0023_I,0.0801019376405867
DGR0024_I,0.0801019376405867
DGR0025_L,0.0322637030551065
DGR0026_I,0.0322637030551065
DGR0027_L,1.68309841549225
DGR0028_I,1.68309841549225
DGR0029_E,0
DGR0029_L,0.0111920665497474
DMN0001_I,0
DMN0002_I,0
DMN0005_I,0
DMN0006_I,0.000886263049665104
DMN0007_I,0
DMN0008_I,0.00970120581980834
DMN0009_I,0.00999999999999091
DMN0015_I,0
DMN0017_I,0
DMN0018_I,0
DMN0020_I,0
DMN0021_I,0
DMN0022_I,0
DMN0023_I,0
DMN0024_I,0
DMN0025_I,0
DMN0026_I,0
DMN0027_I,0.00886702019931818
DMN0030_I,0
DMN0031_I,0
DMN0032_I,0
DMN0033_I,0
DMN0034_I,0
DMN0035_I,0.01
DMN0038_I,0
DMN0039_I,0
DMN0040_I,0
DMN0041_I,0
DMN0042_I,0.00999999999999091
DMN0043_I,0
DMN0044_I,0.00231629386687615
DMN0046_I,0
DMN0047_I,0.00440136577162775
DMN0048_I,0.01510901306
DMN0054_I,0
DMN0055_I,0
DMN0057_I,0.01
DMN0058_I,0.00813644303389083
DMN0059_I,0.00999999999999091
DMN0060_I,0.00999999999999091
DMN0061_I,0.00999999999999091
DMN0062_I,0.01
DMN0063_I,0.01
DMN0064_I,0.01
DMN0065_I,0.01
DMN0066_I,0.00533017027993377
DMN0067_I,0
DMN0068_I,0.01
DMN0072_I,0.61749104547182
DMN0073_I,0.01
DMN0075_I,0
DMN0077_I,0
DMN0078_I,0
DMN0080_I,0.925776010141254
DMN0082_I,0.01
DMN0083_I,0.00471221408910976
DMN0084_I,0
DMN0085_I,0
DMN0086_I,0
DMN0100_I,0
DMN1001_I,0
DMN1004_I,0.00999999999999091
DMN1005_I,0
DMN1006_I,0.00999999999999091
DMN1007_I,0.00999999999999091
EX00001_E,16.8820112286764
EX00002_E,0
EX00007_E,-96.1532284251662
EX00009_E,8.74142157464689
EX00011_E,72.8868193282137
EX00014_E,21.3538352166256
EX00016_E,0
EX00018_E,0
EX00019_E,0
EX00020_E,0.00036864975
EX00021_E,0
EX00022_E,0
EX00025_E,0
EX00026_E,0
EX00027_E,2.54918760515035
EX00031_E,0
EX00032_E,0.000407694766640357
EX00033_E,0
EX00037_E,0
EX00041_E,0
EX00042_E,1.07708722124683
EX00047_E,0.744535991065481
EX00048_E,0
EX00049_E,0
EX00051_E,0
EX00054_E,0
EX00058_E,5.03994004547729
EX00059_E,1.06633583993145
EX00061_E,0.0283727805675858
EX00062_E,0
EX00064_E,0
EX00065_E,0
EX00067_E,0.03
EX00068_E,0
EX00072_E,0
EX00073_E,0.976201449429197
EX00074_E,0
EX00075_E,0
EX00077_E,0
EX00078_E,0.294827266992644
EX00079_E,0
EX00080_E,11.6492582245746
EX00081_E,0
EX00082_E,0
EX00084_E,0
EX00086_E,1.40230502715967
EX00089_E,0
EX00093_E,0
EX00094_E,0
EX00095_E,0
EX00097_E,0
EX00099_E,0
EX00101_E,0
EX00106_E,2.75732487721038
EX00108_E,0.00359951964
EX00109_E,0
EX00111_E,0
EX00114_E,0
EX00116_E,0
EX00121_E,0
EX00122_E,0
EX00123_E,1.18921636647379
EX00124_E,0
EX00127_E,0
EX00130_E,0
EX00132_E,0
EX00133_E,0
EX00134_E,0.00594692656999459
EX00135_E,0.273945842745331
EX00137_E,0
EX00140_E,0.033580955740535
EX00141_E,0
EX00143_E,0
EX00147_E,0
EX00148_E,0
EX00149_E,0
EX00152_E,1.43247676041157
EX00153_E,0.00272252736998954
EX00156_E,0
EX00157_E,0
EX00158_E,0
EX00159_E,0
EX00160_E,0
EX00162_E,0
EX00163_E,0
EX00164_E,10.4099258681533
EX00166_E,0.45713825949896
EX00167_E,0
EX00170_E,0.02
EX00178_E,0.0410445255152563
EX00181_E,0
EX00183_E,0
EX00185_E,0
EX00186_E,0.00774673638999295
EX00187_E,0
EX00188_E,0
EX00189_E,0
EX00191_E,0
EX00194_E,0.00336554485429017
EX00197_E,0
EX00208_E,0
EX00212_E,0
EX00214_E,0.234180622990202
EX00219_E,0.000294878327681672
EX00233_E,0
EX00239_E,0
EX00242_E,2.50008213411391
EX00243_E,0
EX00245_E,0
EX00249_E,0
EX00250_E,0.000566767592494475
EX00253_E,0.00669089675996772
EX00255_E,0.0246510801875196
EX00256_E,0
EX00257_E,0
EX00259_E,0
EX00262_E,0
EX00266_E,0.0274418495396115
EX00268_E,0
EX00272_E,0
EX00288_E,0
EX00294_E,0
EX00295_E,0.02547756280999
EX00299_E,0
EX00301_E,0
EX00311_E,0
EX00314_E,0.00080881014054453
EX00315_E,0
EX00318_E,0.0100000000000002
EX00320_E,0
EX00322_E,0
EX00328_E,0
EX00329_E,0
EX00330_E,0
EX00334_E,0
EX00344_E,0
EX00346_E,0
EX00350_E,0
EX00352_E,0
EX00354_E,0
EX00355_E,0.00588306366999629
EX00366_E,1.98425604743459
EX00376_E,0
EX00378_E,0.0130177437088843
EX00379_E,0
EX00385_E,0.0392405076576877
EX00387_E,0
EX00388_E,0.00309117711999798
EX00398_E,0
EX00402_E,0
EX00407_E,0
EX00422_E,0
EX00427_E,0
EX00429_E,0.00627912522993527
EX00437_E,0
EX00438_E,0
EX00439_E,0
EX00440_E,0
EX00455_E,0
EX00459_E,0
EX00469_E,0.0018574020500892
EX00473_E,0
EX00475_E,0
EX00483_E,0.000865125319940981
EX00486_E,0
EX00504_E,0
EX00506_E,0
EX00523_E,0
EX00526_E,0
EX00532_E,0
EX00534_E,0.00141843535075001
EX00535_E,0
EX00544_E,0
EX00546_E,0.0139682693898661
EX00559_E,0
EX00565_E,0
EX00575_E,0
EX00577_E,0
EX00583_E,0
EX00584_E,0
EX00588_E,0
EX00631_E,0
EX00632_E,0
EX00642_E,0
EX00643_E,0
EX00655_E,0
EX00669_E,0
EX00670_E,0
EX00671_E,0
EX00695_E,0.00124953103107024
EX00696_E,0
EX00704_E,0
EX00708_E,0
EX00719_E,0.0153299702799909
EX00750_E,0
EX00777_E,0
EX00780_E,0.00185720204999831
EX00785_E,0
EX00794_E,0
EX00811_E,0
EX00818_E,0
EX00853_E,0.00155188319741634
EX00864_E,0
EX00881_E,0
EX00906_E,0.00627912522999429
EX00909_E,0
EX00940_E,0
EX00942_E,0
EX00954_E,0.0399998999999867
EX00979_E,0
EX01060_E,0
EX01083_E,0
EX01103_E,0
EX01132_E,0
EX01137_E,0
EX01161_E,0
EX01179_E,0.287470637005348
EX01181_E,0.00737798663999493
EX01185_E,0
EX01194_E,0
EX01205_E,0.00658554460121104
EX01326_E,0.0184536580586653
EX01419_E,0
EX01530_E,0
EX01595_E,0.126004925177712
EX01613_E,0
EX01697_E,0
EX01717_E,0
EX01755_E,0.0117997098200614
EX01762_E,0
EX01801_E,0
EX01879_E,0
EX01885_E,0
EX01888_E,0
EX01921_E,0.00124953103107024
EX01996_E,0
EX02076_E,0
EX02094_E,0
EX02165_E,0.00086512532
EX02188_E,0
EX02415_E,0
EX02470_E,0
EX02505_E,0.0108651253199901
EX02512_E,0
EX02630_E,0.0103111575199292
EX02642_E,0
EX02679_E,0
EX02737_E,0
EX02763_E,0
EX02918_E,0.00510881306
EX02946_E,0
EX03197_E,1.86182771109498
EX03284_E,0.0159469265698627
EX03722_E,0
EX03758_E,0.00253720931999933
EX03793_E,0.0026218133599984
EX03917_E,0
EX04227_E,0.00185720205005902
EX04230_E,0
EX04317_E,0
EX04598_E,0
EX04677_E,0
EX04722_E,0
EX04853_E,0
EX05100_E,0
EX05122_E,0.00124943103103089
EX05127_E,0
EX05332_E,0.00309117712
EX05335_E,0.00123407506987611
EX05356_E,0
EX05402_E,0
EX05422_E,0
EX05455_E,0
EX05512_E,0
EX05519_E,0
EX05635_E,0.00185720204999831
EX05684_E,0.0126331926694415
EX05688_E,0
EX05697_E,0
EX05787_E,0.00134977508258536
EX05828_E,0.0038288429913509
EX05852_E,0.01179970982
EX05984_E,0.00700923688993224
EX06232_E,0.0774644694749962
EX06341_E,0
EX06424_E,0
EX11061_E,0.00262657789376344
EX11135_E,0
EX11499_E,0.0199998999999818
EX14818_E,0
EX14819_E,0
EX15519_E,0.00124953103107024
EX15520_E,0
EX15610_E,0.00100598780419694
EX17337_E,0
EX17339_E,0
EX18125_E,0
EX18126_E,0
EXC0001_E,0
EXC0013_E,0.00247876302374524
EXC0050_L,-12.3943151159993
EXC0051_L,0
EXC0052_L,0
EXC0053_L,0
EXC0054_L,0
EXC0055_L,0
EXC0056_L,0
EXC0057_L,0
EXC0058_L,0
EXC0059_L,0
EXC0060_L,0
EXC0063_L,0
EXC0065_L,0
EXC0072_L,0
EXC0135_E,0
EXC0141_E,0.00774673639003597
EXC0142_L,0
EXC0152_E,0
EXC0180_E,0.01179970982
EXC0201_E,0
EXC0202_E,0
EXC0203_E,0
EXC0207_E,0
EXC0208_E,0
EXC0210_E,0
EXC0211_E,0
EXC0213_E,0
EXC0214_E,0
EXC0216_E,0.0133782735680293
EXC9998_E,4.79058046489053
EXC9999_E,1.19764511622263
RC00004_I,0.01
RC00009_I,0.56727279647941
RC00010_I,0.01
RC00028_I,0.00141148191195134
RC00032_I,0
RC00078_I,0.00274905327078785
RC00089_I,0.01
RC00093_I,1.56412918786879
RC00100_I,6.53980475149103
RC00102_I,3.82178720331331
RC00103_I,0
RC00115_I,0.0211666182399915
RC00127_I,41.6300227734762
RC00137_I,-0.0121684595700344
RC00138_I,0
RC00155_I,0.01
RC00156_I,0.775288383767247
RC00158_I,1.79935674254455
RC00160_I,0.0392147198358357
RC00161_I,0.01
RC00174_I,0
RC00177_I,0.161294907263264
RC00178_I,0.0199998999999213
RC00181_I,1.61322369355884
RC00183_I,0.01
RC00185_I,0.01
RC00188_I,0.01
RC00190_I,0.01
RC00191_I,0.01
RC00192_I,0.167839524141641
RC00199_I,0.01
RC00200_I,0.01
RC00220_I,0
RC00233_I,0
RC00235_I,0.01
RC00238_I,-0.299816641043094
RC00251_I,0.0154777628099984
RC00253_I,0.01
RC00256_I,0.01
RC00257_I,0.00999999999999091
RC00261_I,0
RC00267_I,0.01
RC00274_I,0.00999999999999091
RC00275_I,0
RC00277_I,0
RC00278_I,0
RC00286_I,0.00888282591887885
RC00287_I,0
RC00289_I,0.289157630150726
RC00291_I,0.0094244281782494
RC00293_I,0
RC00306_I,0.00141148191195134
RC00328_I,0.01
RC00330_I,15.3880289914389
RC00332_I,0.355434494314636
RC00335_I,0.01
RC00342_I,-11.7839868081049
RC00352_I,0.01
RC00355_I,-0.342109600656045
RC00359_I,0.0036575579188444
RC00366_I,0.01
RC00369_I,-1.37400649375491
RC00383_I,0.00465545927000329
RC00416_I,0
RC00417_I,-0.617491045471866
RC00424_I,0
RC00426_I,0
RC00431_I,-12.1124388508421
RC00434_I,0.01
RC00471_I,0
RC00475_I,0.01
RC00485_I,0
RC00489_I,0
RC00494_I,-0.00999999999999091
RC00497_I,0.01
RC00507_I,0
RC00508_I,0
RC00509_I,0
RC00511_I,1.24628561929563
RC00512_I,0.0731495234949762
RC00513_I,0
RC00525_I,0
RC00527_I,0
RC00529_I,0
RC00548_I,0.01
RC00549_I,0
RC00551_I,1.42749175150986
RC00554_I,-0.00190834636293857
RC00570_I,0.133149523495035
RC00571_I,0.01
RC00573_I,0.01
RC00575_I,0.01
RC00578_I,0.01
RC00582_I,4.44922658429213
RC00585_I,0.00999999999999091
RC00602_I,0.01
RC00619_I,0
RC00631_I,0.0151090130600551
RC00650_I,0.01
RC00658_I,11.8645419587604
RC00662_I,0
RC00669_I,0.0489352328161203
RC00670_I,0.01
RC00678_I,0
RC00685_I,0
RC00694_I,0.418308757694717
RC00698_I,0.00999999999999091
RC00699_I,0
RC00703_I,0
RC00710_I,0.01
RC00711_I,3.6951809976108
RC00720_I,0
RC00722_I,0.00999999999999091
RC00731_I,0
RC00734_I,0.29695691816039
RC00736_I,0
RC00748_I,0.876673621330968
RC00751_I,0.604487792996451
RC00754_I,-0.00999999999999091
RC00765_I,0.191512639819948
RC00768_I,0
RC00782_I,0.01
RC00801_I,0.00213629616948852
RC00842_I,0
RC00847_I,0.618687893912468
RC00851_I,0.829487882200545
RC00867_I,0.01
RC00875_I,0.0139115765325641
RC00885_I,0.680992464929091
RC00888_I,0.01
RC00893_I,1.03540115543147
RC00894_I,0.01
RC00895_I,0.0259469265699863
RC00897_I,0.0224788630231908
RC00899_I,0.01
RC00905_I,0.00999999999999091
RC00936_I,0.156721486084962
RC00939_I,0
RC00941_I,0.01
RC00943_I,-4.99987078629715
RC00945_I,5.11630754714565
RC00946_I,0.01
RC00955_I,0
RC00959_I,1.17463094379229
RC00961_I,-0.00999999999999091
RC00963_I,0.01
RC00964_I,0
RC00965_I,0.01
RC00966_I,0
RC00978_I,-0.00999999999999091
RC00987_I,0
RC00988_I,0
RC00996_I,0
RC01000_I,0
RC01001_I,0.147839524141682
RC01005_I,0.223664154976372
RC01009_I,0.298218873301835
RC01010_I,0.01
RC01011_I,0.01
RC01013_I,0.23246999708704
RC01015_I,-6.8278556267943
RC01016_I,0
RC01018_I,0
RC01021_I,0.29570219796208
RC01023_I,0
RC01026_I,0
RC01030_I,0.259763002575987
RC01036_I,0.031587436259656
RC01041_I,-0.00999999999999091
RC01049_I,-0.0205884314556215
RC01051_I,0.00321818515246888
RC01054_I,0
RC01055_I,-0.798780683171913
RC01056_I,3.20481553400487
RC01057_I,3.87972398993486
RC01061_I,16.1569343204737
RC01066_I,2.18308686220132
RC01070_I,3.74797216313232
RC01072_I,0.00999999999999091
RC01082_I,-0.00999999999999091
RC01083_I,0.00999999999999091
RC01092_I,0
RC01093_I,0.00999999999999091
RC01095_I,-0.0211152201569575
RC01100_I,0.00141148191195134
RC01101_I,0
RC01103_I,0.00266140502780116
RC01108_I,0
RC01121_I,0.106256365414082
RC01123_I,0.0147712848396395
RC01126_I,0.01
RC01127_I,-0.00999999999999091
RC01130_I,1.39584249781453
RC01132_I,0
RC01134_I,0.01
RC01135_I,0.01
RC01137_I,0.00857142857137205
RC01138_I,0.01
RC01154_I,0
RC01167_I,0
RC01168_I,0
RC01184_I,0
RC01185_I,0.01
RC01186_I,0
RC01187_I,0.01
RC01201_I,0
RC01206_I,0.01
RC01218_I,0
RC01220_I,5.02987078629712
RC01224_I,-0.00999999999999091
RC01227_I,2.18892205113494
RC01229_I,0.01
RC01230_I,0.01
RC01231_I,0.01
RC01234_I,0.01
RC01252_I,0.476895293097324
RC01262_I,0.0123332364800013
RC01266_I,-0.617491045471866
RC01268_I,0
RC01269_I,0
RC01274_I,0
RC01280_I,2.17091330089148
RC01281_I,0.0526738206710522
RC01290_I,0.147839524141659
RC01301_I,0.01
RC01310_I,0.01
RC01315_I,0.01
RC01318_I,0.788018037651455
RC01321_I,0.522891993793223
RC01326_I,0.401654434030346
RC01334_I,0.00315767715181385
RC01351_I,0.108652043373695
RC01357_I,0.319816641043069
RC01364_I,0.01
RC01372_I,0.01
RC01375_I,0
RC01378_I,0
RC01384_I,0
RC01393_I,0.00999999999999091
RC01397_I,0.02
RC01402_I,0
RC01410_I,0
RC01415_I,-0.00999999999999091
RC01431_I,0.00999999999999091
RC01463_I,0.00329860944926353
RC01468_I,0.01
RC01470_I,1.21119435231164
RC01481_I,0.00999999999999091
RC01483_I,-0.0100000999999565
RC01494_I,0.01
RC01495_I,0.0151088130599954
RC01496_I,0.0310455560072569
RC01497_I,0.0259523460072713
RC01498_I,0.01
RC01500_I,0
RC01512_I,-16.1569343204737
RC01513_I,4.41696288123705
RC01514_I,0
RC01518_I,-11.8608272546604
RC01528_I,0.190481306970545
RC01529_I,3.39529684097533
RC01547_I,0.018571428571363
RC01560_I,0.177470874391673
RC01561_I,-0.00999999999999091
RC01567_I,0
RC01569_I,0.276459323575547
RC01570_I,0
RC01595_I,0.02
RC01600_I,0.190481306970545
RC01602_I,0
RC01616_I,0.01
RC01639_I,0.0127228273703906
RC01641_I,-1.70400983417289
RC01655_I,5.00987078629714
RC01658_I,0.0147712848396891
RC01663_I,0
RC01664_I,0.29339929161614
RC01665_I,0.00999999999999091
RC01681_I,0
RC01682_I,0
RC01687_I,0.00999999999999091
RC01704_I,0.00999999999999091
RC01710_I,0
RC01711_I,0
RC01724_I,-0.0762735929556584
RC01737_I,0
RC01752_I,0
RC01758_I,0.0100000999997292
RC01759_I,-0.00999999999999091
RC01768_I,0.481291283939173
RC01769_I,0.01
RC01786_I,0.932136316906421
RC01787_I,0.0534498458057442
RC01793_I,0
RC01794_I,0
RC01795_I,0
RC01799_I,0.0861974773659995
RC01801_I,0.0151893333122644
RC01802_I,0.055502590226979
RC01814_I,0
RC01815_I,0
RC01816_I,0
RC01818_I,-0.680992464929091
RC01819_I,-0.279338030898771
RC01827_I,0.00999999999999091
RC01829_I,1.6940098341729
RC01830_I,-1.70400983417289
RC01843_I,1.69400983417289
RC01844_I,0
RC01855_I,0
RC01857_I,0.00999999999999091
RC01863_I,0.20127018253163
RC01870_I,-0.0156851614999596
RC01876_I,0
RC01878_I,1.1576681365336
RC01890_I,0.542472323878087
RC01896_I,0.0127228273703395
RC01903_I,1.99999931282946e-07
RC01904_I,0.0100001999999222
RC01905_I,0.00999999999999091
RC01909_I,0
RC01920_I,0.01
RC01923_I,0.01
RC01926_I,0.01
RC01931_I,-0.00999999999999091
RC01938_I,0
RC01951_I,0.00735381534275348
RC01956_I,0
RC01959_I,0
RC01960_I,0
RC01961_I,0.189641220812535
RC01968_I,0.303386034778979
RC01969_I,0.313754884528976
RC01975_I,0.00999999999999091
RC01978_I,0.01
RC01987_I,0
RC01993_I,-0.0299999000000071
RC01998_I,-0.232469997087037
RC02003_I,0.0147712848396891
RC02016_I,1.2230604023001
RC02017_I,0
RC02018_I,1.2230604023001
RC02019_I,0
RC02024_I,0
RC02029_I,0.015189333312312
RC02030_I,0.0155055538267561
RC02035_I,0.190481306970545
RC02037_I,0.01
RC02038_I,-0.863661499910336
RC02051_I,-1.41475613426655
RC02053_I,0.0199999999999909
RC02055_I,0.01
RC02057_I,-1.06655116691263
RC02058_I,0
RC02059_I,0
RC02061_I,0.00194251089501461
RC02078_I,0
RC02080_I,0
RC02082_I,0.106256365414083
RC02088_I,0.286178017272298
RC02090_I,0.00999999999999091
RC02093_I,0.0282901222681176
RC02094_I,0.0282901222681176
RC02098_I,-1.22306040230012
RC02099_I,0
RC02100_I,0
RC02101_I,0
RC02102_I,1.2230604023001
RC02103_I,1.95355702932568
RC02107_I,0.01
RC02110_I,0.01
RC02124_I,-0.00999999999999091
RC02142_I,0
RC02147_I,2.19618806201674
RC02173_I,0.02
RC02186_I,0.0745547183254303
RC02222_I,1.69367483635368
RC02235_I,4.16399859388207
RC02236_I,-4.00727710779711
RC02239_I,0.01
RC02240_I,0.671465729432039
RC02241_I,0.829487882200545
RC02245_I,0.106256365414082
RC02250_I,0.01
RC02251_I,0.207930076594475
RC02265_I,0.00999999999999091
RC02266_I,0
RC02269_I,0
RC02286_I,0
RC02288_I,0
RC02294_I,0.00999999999999091
RC02295_I,-0.00999999999999091
RC02297_I,1.47226574538649
RC02323_I,0.00999999999999091
RC02326_I,0.00999999999999091
RC02331_I,0
RC02335_I,0.386384154910509
RC02364_I,0
RC02367_I,-0.0676792544552427
RC02382_I,0
RC02383_I,0
RC02389_I,0.000829211247909564
RC02396_I,0.01
RC02397_I,0.01
RC02464_I,0.00999999999999091
RC02466_I,0
RC02478_I,0
RC02484_I,1.55385162457071
RC02485_I,0.301146228006135
RC02493_I,0
RC02497_I,0
RC02519_I,0.01
RC02521_I,0.01
RC02529_I,0
RC02531_I,0.00999999999999091
RC02541_I,0.01
RC02543_I,0.25522982251232
RC02556_I,0.269841699812225
RC02557_I,0.0218572020501142
RC02577_I,0.00999999999999091
RC02619_I,1.0154011554315
RC02640_I,0.00999999999999091
RC02665_I,0
RC02668_I,0
RC02670_I,0.00999999999999091
RC02678_I,0.01
RC02687_I,0.01
RC02695_I,-0.00999999999999091
RC02697_I,0.00999999999999091
RC02701_I,0
RC02719_I,1.37584249781453
RC02731_I,0.01
RC02732_I,0.01
RC02736_I,0.190481306970582
RC02737_I,0.0112338750699997
RC02739_I,0.00999999999999091
RC02740_I,2.07553338562866
RC02743_I,0
RC02746_I,0.01
RC02748_I,0.290021101407547
RC02749_I,2.17948481255723
RC02750_I,0.00360204964403936
RC02757_I,0.01
RC02778_I,0.0112338750699997
RC02869_I,0.01
RC02902_I,0.00161353512059361
RC02908_I,0
RC02914_I,0
RC02918_I,0.976655906673148
RC02957_I,-0.0100000999999565
RC02976_I,0.01
RC02978_I,0.0526738206710522
RC03004_I,0
RC03005_I,0.00999999999999091
RC03018_I,0.00231394251477468
RC03020_I,0.79878068317194
RC03038_I,4.47274918309642
RC03055_I,0
RC03057_I,0.01
RC03058_I,0.01
RC03104_I,0
RC03105_I,0.0159469265699954
RC03106_I,0.01
RC03161_I,0.00735381534274019
RC03181_I,0.01
RC03219_I,0
RC03245_I,0.106256365414082
RC03269_I,0.00231394251477468
RC03283_I,0.01
RC03284_I,0.01
RC03300_I,0.01
RC03302_I,-0.00999999999999091
RC03315_I,0.79878068317194
RC03321_I,0.00999999999999091
RC03332_I,0.01
RC03336_I,0.00999999999999091
RC03346_I,0.00999999999999091
RC03348_I,0.01
RC03361_I,0.01
RC03362_I,0.01
RC03363_I,0.0100000000000182
RC03376_I,0
RC03393_I,0
RC03394_I,0
RC03416_I,0.01
RC03421_I,0.617491045471866
RC03430_I,0.00999999999999091
RC03433_I,0.00999999999999091
RC03435_I,0.0199999999999818
RC03445_I,0
RC03454_I,0
RC03455_I,0
RC03469_I,0.01
RC03482_I,0.00999999999999091
RC03542_I,0
RC03552_I,-3.83395566288334
RC03595_I,0
RC03596_I,0.00999999999999091
RC03599_I,0
RC03601_I,-0.0199999999999818
RC03617_I,0
RC03618_I,-0.00999999999999091
RC03634_I,0.0026614050277658
RC03646_I,1.48473975741176
RC03648_I,0.901590502182776
RC03650_I,0.00728586287167401
RC03652_I,0.917178045345733
RC03654_I,2.61629030648175
RC03655_I,0.627950306252404
RC03656_I,1.82647474864278
RC03657_I,2.79759620178841
RC03658_I,2.7701341032721
RC03659_I,0.426678344422409
RC03660_I,1.28007006145411
RC03661_I,1.58134749683521
RC03662_I,1.79638553611024
RC03663_I,1.83214931491783
RC03664_I,0.254269608584046
RC03665_I,2.49018883370278
RC03681_I,0.01
RC03718_I,0.00124953103107024
RC03719_I,0.00374859309321072
RC03720_I,0.00124953103107024
RC03749_I,0.0123332364800013
RC03755_I,0.187930076594475
RC03778_I,0.01
RC03814_I,1.37335419973624
RC03858_I,0.01
RC03866_I,0.01
RC03875_I,0.01
RC03889_I,0
RC03936_I,0
RC03954_I,0
RC03956_I,0
RC03970_I,0.00999999999999091
RC03991_I,0.01
RC04025_I,0
RC04073_I,0
RC04144_I,0.00999999999999091
RC04162_I,0.23246999708704
RC04171_I,0
RC04173_I,4.41696288123705
RC04176_I,0.01
RC04183_I,0
RC04184_I,0.00999999999999091
RC04208_I,0.01
RC04209_I,0.00999999999999091
RC04230_I,0.00231394251477468
RC04231_I,0
RC04262_I,0.0032986094493026
RC04286_I,0
RC04293_I,0
RC04300_I,0
RC04311_I,0.232469997087037
RC04313_I,0.01
RC04321_I,0
RC04323_I,0
RC04325_I,-0.00999999999999091
RC04326_I,0.0199999999999818
RC04360_I,0.232469997087037
RC04361_I,0.23246999708704
RC04404_I,0.0100000000000182
RC04420_I,0
RC04452_I,0
RC04463_I,0.01
RC04480_I,0.00999999999999091
RC04496_I,0.000647503631671537
RC04513_I,0.01
RC04545_I,0.01
RC04559_I,0.00999999999999091
RC04560_I,0.00999999999999091
RC04571_I,0.105308032930225
RC04591_I,0.00999999999999091
RC04620_I,0
RC04666_I,0.00179990981999836
RC04674_I,0.00382894299139025
RC04734_I,0
RC04742_I,0.01
RC04770_I,-0.00999999999999091
RC04779_I,3.73171782872276
RC04780_I,0.01
RC04807_I,0.002742405289086
RC04823_I,0.002742405289086
RC04824_I,0.00274240528904102
RC04826_I,0.002742405289086
RC04866_I,0.01
RC04867_I,0.01
RC04886_I,0
RC04903_I,0
RC04928_I,0
RC04929_I,0
RC04940_I,0
RC04996_I,0.00382894299139025
RC05050_I,0
RC05052_I,0.01
RC05556_I,0
RC05577_I,2.97116086779391
RC05578_I,2.99729189520866
RC05623_I,0.00813644303389083
RC05692_I,0.00999999999999091
RC05795_I,0.0100000000000182
RC05802_I,0.02
RC05803_I,0.02
RC05861_I,0.00542288722894988
RC05916_I,0.00999999999999091
RC05969_I,0.0745547183254303
RC05970_I,0.0745547183254574
RC05972_I,0.0745547183254574
RC05973_I,0.0745547183254574
RC05976_I,0.0745547183254574
RC05979_I,0.0745547183254574
RC05980_I,0.0745547183254574
RC05981_I,0.0745547183254574
RC05982_I,0.0745547183254574
RC05983_I,0.0619974539104057
RC05985_I,0.01
RC05988_I,0.01
RC05989_I,0.00471221408910976
RC06099_I,-0.0104117715300163
RC06171_I,0.00999999999999091
RC06238_I,0.0745547183254574
RC06258_I,0.0745547183254574
RC06259_I,0.0745547183254574
RC06260_I,0.0745547183254574
RC06261_I,0.0745547183254574
RC06262_I,0.0745547183254574
RC06263_I,0.0745547183254574
RC06264_I,0.0745547183254574
RC06364_I,0.212889667002173
RC06517_I,0.0778221593727721
RC06518_I,0
RC06519_I,0.01
RC06520_I,0.0345455178404856
RC06521_I,0.01
RC06522_I,0.01
RC06982_I,0
RC06983_I,-0.00999999999999091
RC07034_I,0.01
RC07041_I,0.01
RC07050_I,0.01
RC07109_I,0.00999999999999091
RC07140_I,0.00999999999999091
RC07168_I,0.0975857809359013
RC07172_I,0
RC07209_I,0
RC07211_I,0
RC07212_I,0
RC07213_I,0
RC07218_I,0.00124953103107024
RC07296_I,0.00124953103107024
RC07299_I,0.0100000000000182
RC07324_I,0.01
RC07372_I,0
RC07377_I,0.0359391953860495
RC07379_I,0.01
RC07380_I,0.00999999999999091
RC07384_I,0.00999999999999091
RC07385_I,0.00999999999999091
RC07387_I,0.01
RC07389_I,0.0195803300848638
RC07392_I,0
RC07396_I,0
RC07641_I,0.01
RC07758_I,2.11957137968466
RC07759_I,2.11957137968466
RC07760_I,2.11957137968466
RC07761_I,2.11957137968466
RC07933_I,0.01
RC08174_I,0.01
RC08177_I,0.01
RC08183_I,0.01
RC08193_I,0
RC08198_I,-0.00999999999999091
RC08218_I,0
RC08223_I,0
RC08224_I,0
RC08379_I,0.00999999999999091
RC08381_I,-0.0676792544552427
RC08383_I,0.00886702019931818
RC08388_I,-0.0676792544552427
RC08505_I,0
RC08539_I,-0.00999999999999091
RC08707_I,-0.617491045471866
RC08723_I,0
RC08724_I,0
RC08725_I,0
RC08733_I,0.00374859309321072
RC08734_I,0.00374859309317799
RC08735_I,0.00374859309321072
RC08759_I,0.00274240528904102
RC08761_I,0.002742405289086
RC08766_I,0.01
RC08767_I,0.01
RC08969_I,0.08780655631275
RC08981_I,0
RC09035_I,-0.0109909716909442
RC09036_I,-0.00999999999999091
RC09085_I,0
RC09086_I,0
RC09319_I,0.00735381534274019
RC09371_I,0.01
RC09394_I,0
RC09510_I,0.01
RC09511_I,0.01
RC09752_I,-43.6296866984018
RC09844_I,0.00194251089501461
RC09845_I,0.00129500726334307
RC10059_I,0
RC10065_I,0.00999999999999091
RC10092_I,5.78486352917332
RC10306_I,0
RC10633_I,-3.83395566288334
RC10928_I,0.01
RC10951_I,0.01
RC12124_I,0.01
RCC0001_I,0.139251540915211
RCC0005_I,10
RCC0009_I,1.01540115543149
RCC0010_I,0
RCC0018_I,0
RCC0019_I,5.50726651321429
RCC0020_I,0
RCC0021_I,0.01
RCC0022_I,0.01
RCC0029_I,0
RCC0030_I,0
RCC0031_I,0
RCC0032_I,0.00194251089499176
RCC0033_I,0.00129500726334307
RCC0034_I,0.000647503631671537
RCC0037_I,0.0745547183254574
RCC0038_I,0.0619974539104057
RCC0039_I,0.0414380068168735
RCC0040_I,0.0144854098092252
RCC0041_I,0.0171127923782819
RCC0042_I,0.00735381534274019
RCC0043_I,0.01
RCC0044_I,0.846549207746127
RCC0045_I,0.846549207746127
RCC0046_I,0.677239366196901
RCC0050_I,0.00374859309317799
RCC0051_I,0.0121684595700031
RCC0053_I,0
RCC0055_I,0.0938709541141318
RCC0056_I,0.699128986693658
RCC0058_I,0.0938709541141318
RCC0060_I,0.0678221593727856
RCC0061_I,1.57909019587757
RCC0062_I,0.01
RCC0063_I,0.01
RCC0064_I,1.37335419973624
RCC0065_I,0.120264701988806
RCC0066_I,1.01517337390999
RCC0067_I,0.708247443624705
RCC0068_I,0.01
RCC0069_I,0.01
RCC0070_I,0.052020439311383
RCC0071_I,0.282943488736072
RCC0072_I,0.282943488736072
RCC0073_I,0.179504291168318
RCC0074_I,0
RCC0076_I,0.000647503631626023
RCC0078_I,0.00718727232993208
RCC0079_I,0.01
RCC0080_I,0.02
RCC0081_I,0.03
RCC0082_I,0.01
RCC0083_I,0.01
RCC0084_I,0.01
RCC0085_I,0.01
RCC0086_I,0.01
RCC0087_I,0.01
RCC0088_I,0.01
RCC0089_I,0.01
RCC0090_I,0.01
RCC0091_I,0.01
RCC0092_I,0.03
RCC0093_I,0.01
RCC0094_I,0.02
RCC0095_I,0.01
RCC0096_I,0.01
RCC0097_I,0.02
RCC0098_I,0.01
RCC0099_I,0.02
RCC0101_I,0.103439197567754
RCC0102_I,0.175294247686744
RCC0103_I,0.01
RCC0104_I,0.01
RCC0106_I,0.00893782913424816
RCC0107_I,0.01
RCC0108_I,0.01
RCC0109_I,0.01
RCC0110_I,0.01
RCC0111_I,0.01
RCC0112_I,0.01
RCC0113_I,0.01
RCC0114_I,0.01
RCC0115_I,0.660191008018231
RCC0116_I,0.01
RCC0117_I,0.057129487719602
RCC0118_I,0.01
RCC0119_I,0.703266348334405
RCC0120_I,0.212509661806849
RCC0121_I,0.01
RCC0122_I,0.01
RCC0123_I,0.01
RCC0124_I,0.0841029343716464
RCC0125_I,0.01
RCC0126_I,0.01
RCC0127_I,0.02
RCC0128_I,0.268507720665398
RCC0129_I,0.01
RCC0130_I,0.521320004939697
RCC0131_I,0
RCC0134_I,0.01
RCC0136_I,0.0745547183254574
RCC0137_I,0
RCC0138_I,0.0211714654212756
RCC0139_I,-43.6296866984018
RCC0140_I,0.01510901306
RCC0141_I,0.01510901306
RCC0142_I,0
RCC0143_I,0
RCC0144_I,0.00886702019931818
RCC0145_I,0
RCC0147_I,0.141529861096279
RCC0148_I,1.04604026845995
RCC0149_I,0.221509938724021
RCC0150_I,0.0307643683242998
RCC0151_I,0.108652043373683
RCC0152_I,0.01
RCC0153_I,0.0233031773047723
RCC0156_I,0
RCC0157_I,0
RCC0159_I,0.01
RCC0162_I,0
RCC0163_I,-3.83395566288334
RCC0165_I,0.01
RCC0166_I,0.01
RCC0167_I,0.01
RCC0168_I,0.01
RCC0170_I,0
RCC0171_I,0
RCC0172_I,0
RCC0173_I,0
RCC0174_I,0
RCC0175_I,0
RCC0176_I,0
RCC0177_I,0.01
RCC0178_I,0.61749104547182
RCC0179_I,0
RCC0180_I,0.61749104547182
RCC0181_I,0.01
RCC0185_I,0.01
RCC0200_I,0.06
RCC0201_I,0.0142100434815648
RCC0202_I,0.0142100434815648
RCC0203_I,0.0142100434815648
RCC0204_I,0.0142100434815648
RCC0205_I,0.0142100434815648
RCC0206_I,0.03
RCC0207_I,0.04
RCC0208_I,0.0142100434815648
RCC0209_I,0.01
RCC0210_I,0.0457899565184352
RCC0211_I,0.01
RCC0212_I,0.01
RCC0213_I,0.01
RCC0214_I,0.0357899565184352
RCC0215_I,0.0357899565184352
RCC0216_I,0.0357899565184352
RCC0217_I,0.0357899565184352
RCC0218_I,0.0357899565184352
RCC0219_I,0.01
RCC0222_I,0.01
RCC0223_I,0.01
RCC0250_I,0
RE00160_I,0
RE00548_I,0
RE10092_I,-0.00999999999999091
RM00004_I,8.78280416323209
RM00081_I,78.2272185010216
RM00112_I,72.4727272970497
RM00115_I,0
RM00127_I,8.77914051775474
RM00130_I,0.00231394251477468
RM00138_I,0.000463439912891772
RM00161_I,0
RM00197_I,0.332849525390722
RM00199_I,0.01
RM00209_I,3.4807582937637
RM00216_I,0.01
RM00238_I,8.45826023636801
RM00239_I,0.01
RM00243_I,-0.00999999999999091
RM00245_I,1.43519213690869
RM00248_I,16.5096993904569
RM00258_I,10.5947922048767
RM00261_I,0
RM00267_I,20.8480970823137
RM00275_I,0
RM00335_I,0.01
RM00342_I,11.8139869081051
RM00344_I,0.01
RM00351_I,11.2344680165956
RM00355_I,-0.589518891509442
RM00369_I,-7.9119788197811
RM00371_I,0
RM00383_I,0
RM00405_I,-1.65410387202905
RM00410_I,-9.44945168621996
RM00432_I,-17.5482284208242
RM00471_I,0.4768952930973
RM00472_I,0.01
RM00479_I,-9.77288060663329
RM00489_I,0
RM00513_I,0
RM00533_I,0.01
RM00549_I,0
RM00585_I,0.00999999999999091
RM00667_I,1.44519213690864
RM00705_I,0.01
RM00706_I,15.753964180629
RM00709_I,0.01
RM00710_I,0.01
RM00711_I,0.01
RM00713_I,0.00999999999999091
RM00716_I,0
RM00734_I,-0.00999999999999091
RM00751_I,0.0199999999999818
RM00781_I,0
RM00833_I,-12.7606206289057
RM00842_I,-0.00999999999999091
RM00908_I,0.00999999999999091
RM00927_I,0.96721253984299
RM00935_I,1.87266568764366
RM00943_I,-0.00999999999999091
RM00945_I,0.0155986342283541
RM01025_I,0.00999999999999091
RM01082_I,-0.0199999999999818
RM01090_I,0.35919985415012
RM01175_I,0.981191449851963
RM01177_I,0.941191449851999
RM01214_I,1.87086577782361
RM01220_I,0.00999999999999091
RM01248_I,0.01
RM01251_I,0.01
RM01253_I,0
RM01278_I,125.931383243547
RM01282_I,125.951383243547
RM01301_I,0
RM01360_I,0.01
RM01393_I,0.00999999999999091
RM01465_I,0
RM01492_I,0.000463439912891772
RM01608_I,15.7539641806291
RM01616_I,0
RM01648_I,0.00999999999999091
RM01655_I,0.00999999999999091
RM01736_I,0
RM01859_I,0.01
RM01868_I,0.029999899999995
RM01875_I,0
RM01923_I,0.01
RM01931_I,0.00999999999999091
RM01939_I,0
RM01975_I,-0.991191449851954
RM02016_I,0.01
RM02050_I,0.00179990981996525
RM02055_I,0.01
RM02085_I,0.106256365414083
RM02161_I,155.071141071061
RM02164_I,0
RM02199_I,0.96721253984299
RM02300_I,0
RM02301_I,0
RM02313_I,0
RM02396_I,0.01
RM02433_I,0.00999999999999091
RM02480_I,0.000647503631626023
RM02488_I,0.01
RM02529_I,0
RM02530_I,0
RM02565_I,0
RM02566_I,0.00999999999999091
RM02619_I,0.00999999999999091
RM02661_I,1.87086577782361
RM02678_I,0.01
RM02765_I,12.7506206289057
RM02918_I,0.235292872493778
RM03026_I,-0.991191449851954
RM03035_I,0.00231394251477468
RM03038_I,0.980974499376174
RM03045_I,15.7539641806291
RM03102_I,0
RM03103_I,0
RM03158_I,15.753964180629
RM03172_I,0.96721253984299
RM03225_I,0.00999999999999091
RM03291_I,-0.00999999999999091
RM03293_I,0.486895293097291
RM03313_I,0.01
RM03336_I,0
RM03381_I,-0.00999999999999091
RM03425_I,-0.00999999999999091
RM03451_I,0.01
RM03524_I,0.0124788630231478
RM03534_I,0.00999999999999091
RM03646_I,0.428336152721791
RM03648_I,0.310470488619642
RM03650_I,0.0759843746332211
RM03651_I,0.330542991047275
RM03654_I,0.829716048360775
RM03655_I,0.156265615229544
RM03656_I,0.466788718534448
RM03657_I,0.719514590078526
RM03658_I,0.628061497978138
RM03659_I,0.179398538516611
RM03660_I,0.312110312976989
RM03661_I,0.3791589602298
RM03662_I,0.401756967550032
RM03663_I,0.437298187444832
RM03664_I,0.0784309574979261
RM03665_I,0.658604322773003
RM03758_I,0
RM03776_I,0.01
RM03777_I,0.95119144985199
RM03778_I,0.77406196213235
RM03815_I,-0.00999999999999091
RM03856_I,0.01
RM03857_I,0.784061962132341
RM03858_I,0.680191008018255
RM03905_I,0.330542991047309
RM03989_I,0.01
RM03990_I,0.690191008018246
RM03991_I,0.0199999999999818
RM04096_I,0.106256365414082
RM04125_I,-0.00999999999999091
RM04138_I,0.106256365414082
RM04170_I,-0.77406196213235
RM04188_I,0.00999999999999091
RM04203_I,0.96721253984299
RM04204_I,0.96721253984299
RM04224_I,1.87086577782361
RM04432_I,15.7539641806291
RM04433_I,153.432797544485
RM04737_I,-0.0199999999999818
RM04738_I,-0.0199999999999818
RM04739_I,-0.680191008018255
RM04740_I,-0.680191008018255
RM04741_I,-0.77406196213235
RM04742_I,0.77406196213235
RM04743_I,-0.77406196213235
RM04744_I,-0.77406196213235
RM04745_I,-0.941191449851999
RM04746_I,-0.941191449851999
RM04747_I,0.941191449851999
RM04748_I,-0.941191449851999
RM04749_I,-0.941191449851999
RM04751_I,0.95119144985199
RM04753_I,0.01
RM04754_I,0.784061962132341
RM04807_I,0
RM05051_I,0.476895293097325
RM05052_I,0.466895293097325
RM05064_I,1.87086577782367
RM05066_I,1.87086577782361
RM05373_I,12.7606206289057
RM05577_I,0.569518891509426
RM05578_I,0.590915530182832
RM06985_I,0.01
RM07136_I,-0.00999999999999091
RM07273_I,0.01
RM07411_I,0.000886263049659875
RM07412_I,0.000886263049665104
RM08505_I,0
RM08657_I,1.60834362657622
RM08759_I,0
RM08761_I,0
RM08766_I,0
RM08767_I,0
RM08770_I,0.01
RM08771_I,0.01
RM08772_I,0.01
RM08773_I,0.01
RM08774_I,0.01
RM08775_I,0.01
RM08781_I,0.01
RM10092_I,0.126256365414065
RM10151_I,0.01
RMC0001_I,11.0852164756803
RMC0003_I,22.513501235539
RMC0004_I,315.458687680067
RMC0005_I,0
RMC0006_I,0
RMC0007_I,0
RMC0008_I,0
RMC0009_I,0.00999999999999091
RMC0011_I,0.359199854150154
RMC0012_I,1.87086577782367
RMC0013_I,0.967212539843
RMC0014_I,0.01
RMC0015_I,0.0199999999999818
RMC0016_I,0.4768952930973
RMC0023_I,0.00440136577162775
RMC0024_I,0.00440136577162775
RMC0026_I,0
RMC0027_I,0
RMC0028_I,0
RMC0054_I,1.01044640559147
RMC0058_I,0.0938709541141318
RMC0074_I,0.00999999999999091
RMC0075_I,0.01
RMC0077_I,0
RMC0087_I,0.01
RMC0088_I,0.067129487719602
RMC0089_I,0.01
RMC0090_I,0.01
RMC0091_I,0.01
RMC0092_I,0.03
RMC0093_I,0.01
RMC0094_I,0.02
RMC0095_I,0.01
RMC0096_I,0.01
RMC0097_I,0.02
RMC0098_I,0.01
RMC0099_I,0.02
RMC0100_I,0.04
RMC0103_I,0.01
RMC0104_I,0.02
RMC0105_I,0.03
RMC0106_I,0.212509661806849
RMC0107_I,0.915776010141254
RMC0108_I,0.01
RMC0109_I,0.01
RMC0110_I,0.01
RMC0111_I,0.01
RMC0112_I,0.01
RMC0113_I,0.01
RMC0114_I,0.01
RMC0115_I,0.660191008018231
RMC0116_I,0.01
RMC0117_I,0.057129487719602
RMC0118_I,0.01
RMC0119_I,0.703266348334405
RMC0120_I,0.212509661806849
RMC0121_I,0.01
RMC0122_I,0.01
RMC0123_I,0.01
RMC0126_I,0.01
RMC0132_I,0.000647503631671537
RMC0133_I,0.140162146931874
RMC0154_I,0.0233031773047723
RMC0155_I,3.6312261553894
RMC0182_I,0.01
RMC0183_I,0
RMC0184_I,0
RMC0187_I,0
SNK0012_I,0
SNK0013_I,0
SNK0014_I,0
SNK0016_I,0
SNK0028_I,0
SNK0029_I,0
SNK0036_I,0
SNK0045_I,0.00545152540999504
SNK0056_I,0
SNK0069_I,0
SNK0070_I,0
SNK0071_I,0
SNK0074_I,0
SNK0101_I,0
SNK0102_I,0
SNK1002_I,0
SNK1003_I,0
TCE0329_I,0.557881793603201
TCE0329_L,0.234447238677831
TCE0332_I,-0.000525108858255408
TCE0332_L,0.00193659077024222
TCE0333_I,-0.0018572020501324
TCE0333_L,0
TCE0338_I,0.00256225940552213
TCE0338_L,0
TCE0342_I,0.00104989895986052
TCE0342_L,0.00345027652055804
TCE0346_I,-0.0021218348357479
TCE0346_L,0.0021218348357479
TCE0352_I,0.037187272329902
TCE0360_I,0.0974527192670394
TCE0360_L,0.109908264760065
TCE0368_I,-0.0168728576502417
TCE0368_L,0
TCE0370_I,0
TCE0374_I,-0.0588122342559245
TCE0374_L,0
TCE0376_I,-0.00999999999999091
TCE0376_L,0
TCE0379_I,0
TCE0379_L,0
TCE0382_I,-0.130815399436756
TCE0382_L,0
TCE0384_I,0
TCE0389_I,-0.00202604054277344
TCE0389_L,0.0375286307697706
TCE0392_I,0
TCE0392_L,0.00321818515249106
TCE0395_I,0
TCE0395_L,0
TCE0399_I,-0.00124953103102143
TCE0399_L,0
TCE0401_I,0
TCE0414_I,0
TCE0416_I,0.00382894299139025
TCE0416_L,0
TCE0417_I,-0.0023329364798883
TCE0417_L,0.0135824675110143
TCE0424_I,1.00001216196688e-07
TCE0424_L,0
TCE0430_I,-0.00247886302315692
TCE0430_L,0.00247886302315692
TCE0437_I,0.00161353512059361
TCE0440_I,-1.41121886544204
TCE0440_L,0
TCE0441_I,0.0201794015953283
TCE0441_L,0
TCE0447_I,0
TCE0450_I,-0.00247886302315692
TCE0450_L,0.00247886302315692
TCE0453_I,-0.368887453361708
TCE0453_L,0
TCE0457_I,0
TCE0457_L,0.00174967187628947
TCE0459_I,0
TCE0459_L,0
TCE0464_I,0
TCE0464_L,0
TCE0474_I,-0.00466982972000096
TCE0482_I,0.00774693639004909
TCE0482_L,0
TCE0484_I,21.2497851060111
TCE0484_L,0
TCE0486_I,0
TCE0486_L,0
TCE0487_I,0.01
TCE0504_I,-7.19103154551703e-05
TCE0504_L,0.0110681233985875
TCE0507_I,0.0224788630231387
TCE0507_L,0
TCE0508_I,-0.177718804108849
TCE0508_L,0.257904367714787
TCE0513_L,0
TCE0514_I,-2.34263230774263
TCE0514_L,0
TCE0518_I,0.00999999999999091
TCE0518_L,0
TCE0521_I,-0.110709086201268
TCE0521_L,0
TCE0531_I,-1.38262587134125
TCE0531_L,0
TCE0533_I,-0.0775857809359195
TCE0533_L,0
TCE0536_I,-0.000520563834697896
TCE0536_L,0.00134977508253087
TCE0542_I,-0.330823827655649
TCE0542_L,0
TCE0544_I,0
TCE0544_L,0
TCE0558_I,-0.00404090453309891
TCE0558_L,0.00170766805312288
TCE0559_I,-0.00124953103102143
TCE0560_I,0.857135196137165
TCE0573_I,0.0296449942644585
TCE0573_L,0
TCE0574_I,0
TCE0576_I,-0.00999990000002526
TCE0576_L,0.212758324144147
TCE0591_I,0
TCE0591_L,0
TCE0597_I,-0.0008651253200469
TCE0597_L,0.0108651253200378
TCE0600_I,0
TCE0602_I,0.00104989895987728
TCE0602_L,0
TCE0603_I,0
TCE0605_I,0.0137993081399372
TCE0605_L,0
TCE0611_I,0
TCE0611_L,0.00694962027313697
TCE0612_I,0
TCE0615_I,0
TCE0618_I,0
TCE0619_I,-2.49994294654573
TCE0619_L,0
TCE0621_I,-0.0802847252365382
TCE0621_L,0
TCE0622_I,0.0140175233151467
TCE0622_L,-0.00117681317635743
TCE0627_I,0.0399999000002254
TCE0627_L,-0.0199999000002435
TCE0644_I,0
TCE0644_L,0
TCE0648_I,-0.00604787270208362
TCE0648_L,0
TCE0658_I,-0.00082921124794666
TCE0658_L,0
TCE0660_I,0.00999999999999091
TCE0662_I,0
TCE0662_L,0
TCE0670_I,0
TCE0670_L,0
TCE0673_I,-0.00594692657000451
TCE0673_L,0
TCE0674_I,0.00746440683030869
TCE0674_L,0
TCE0687_I,-0.0862735929556493
TCE0687_L,0
TCE0694_I,0
TCE0694_L,0
TCE0697_I,0
TCE0699_L,0
TCE0706_I,-9.15963504517686
TCE0706_L,0
TCE0707_I,0
TCE0710_I,0
TCE0712_I,0
TCE0712_L,0
TCE0713_I,-0.00247886302315692
TCE0713_L,0.00247886302315692
TCE0716_I,-0.00646963954000057
TCE0716_L,0
TCE0718_I,-1.04660388292996
TCE0718_L,0
TCE0719_I,0.00316546747001212
TCE0719_L,0.00683453252997879
TCE0723_I,0.0010130427731383
TCE0723_L,-0.00262657789369314
TCE0726_I,1.96355702932566
TCE0729_I,0
TCE0732_I,0.00552088458994149
TCE0732_L,0
TCE0735_I,-0.0686307149596814
TCE0735_L,0
TCE0739_I,0
TCE0739_L,0
TCE0743_I,0
TCE0745_I,0
TCE0745_L,0.00360204964408695
TCE0752_I,-0.00999999999999091
TCE0752_L,0
TCE0757_I,0
TCE0757_L,0
TCE0758_I,-0.142083456759792
TCE0758_L,0
TCE0766_I,-0.00783154042994738
TCE0766_L,0
TCE0772_I,0.00726601088172174
TCE0772_L,0
TCE0777_I,0
TCE0779_I,-0.000368649750043915
TCE0779_L,0
TCE0784_I,-0.0886174827620607
TCE0784_L,0
TCE0785_I,0
TCE0785_L,0
TCE0788_I,0.0103688497499661
TCE0788_L,0
TCE0795_I,-0.00124953103102143
TCE0797_I,0
TCE0797_L,0.0054228872289741
TCE0825_I,0
TCE1117_I,-0.154746665281436
TCE1117_L,0
TCE1121_I,2.00000044969784e-07
TCE1121_L,0.0164002803600169
TCE1122_I,-0.189978035530316
TCE1122_L,0
TCE1124_I,-0.03953826927318
TCE1124_L,0
TCE1127_I,-1.05718635627659
TCE1127_L,0
TCE1130_I,-0.000975053737988674
TCE1130_L,0.000975053737980434
TCE1132_I,0
TCE1133_I,-0.00057273093045751
TCE1133_L,0.0105727309304484
TCE1137_I,0.0485978751858056
TCE1137_L,0.569806311320008
TCE1143_I,-0.0199999999999818
TCE1143_L,-0.0199999999999818
TCE1148_I,0.00116661823994946
TCE1148_L,0
TCE1150_I,0
TCE1154_I,0
TCE1154_L,0
TCE1156_I,-0.000525108858369094
TCE1156_L,0
TCE1157_I,-0.0097186936967546
TCE1157_L,0
TCE1158_I,-0.00216845957004352
TCE1158_L,0
TCE1159_I,-1.13438633856913
TCE1159_L,0
TCE1161_I,1.00000193015148e-07
TCE1161_L,0
TCE1164_I,-0.0479408808545259
TCE1164_L,0
TCE1169_I,-0.000616573811385024
TCE1169_L,0.0029305163261597
TCE1179_I,1.00000193015148e-07
TCE1179_L,0
TCE1182_I,-8.88947861093584
TCE1182_L,0.0223841330995356
TCE1184_I,-0.93680559478662
TCE1184_L,0
TCE1185_I,0
TCE1185_L,0
TCE1186_I,0
TCE1186_L,0
TCE1189_I,-0.321637257505017
TCE1189_L,0
TCE1194_I,-0.0673263760522786
TCE1194_L,0
TCE1197_I,-0.0212348474173041
TCE1197_L,0
TCE1202_I,-5.01987078629713
TCE1202_L,0
TCE1204_I,-0.0199999999999818
TCE1204_L,0
TCE1206_I,0.00187141900744336
TCE1206_L,0
TCE1208_I,-0.114064910468755
TCE1208_L,0
TCE1211_I,-1.6070247275278
TCE1211_L,0
TCE1297_I,-0.274714618654116
TCE1297_L,0
TCE1298_I,0.00355659785998341
TCE1298_L,0.00644340214000749
TCE1300_I,-0.00999999999999091
TCE1300_L,0
TCE1301_I,88.0312444087174
TCE1302_I,0.040932721082072
TCE1302_L,0
TCE1303_I,-0.162901523564983
TCE1303_L,0
TCE1304_I,0
TCE1304_L,0
TCE1305_I,-0.00727737262957362
TCE1305_L,0
TCE1306_I,-0.184332503628184
TCE1306_L,0
TCE1307_I,-0.00999999999999091
TCE1307_L,0
TCE1308_I,-0.00804658418167037
TCE1308_L,0
TCE1309_I,9.99997382677975e-08
TCE1309_L,0
TCE1310_I,-70.1679859442186
TCE1310_L,0.00999999999999091
TCE1311_I,0.0573605694331718
TCE1311_L,0
TCE1312_I,-16.3668419512348
TCE1312_L,-0.0123841330995447
TCE2000_I,0
TCE2001_I,0
TCE2003_I,0
TCE2005_I,0
TCE5004_I,0.00798457688969189
TCE5004_L,0.00247886302319988
TCE5005_I,0.00705769706390835
TCE5005_L,0.00247886302319988
TCE5006_I,-0.000886263049665104
TCE5006_L,0.00306753336266805
TCE5007_I,-0.00733486486001311
TCE5007_L,0.00485600183674251
TCE5008_I,0
TCE5008_L,0.00247886302319988
TCE5016_I,0
TCE5016_L,0
TCE5017_I,-0.0136709295729815
TCE5017_L,0.0136709295729815
TCE5019_I,0.01
TCE5019_L,0.01
TCE5020_I,-0.0154906815963614
TCE5020_L,0.00549068159638773
TCE5021_I,0.00999999999999091
TCE5021_L,0
TCE5022_I,0
TCE5022_L,0
TCE5023_I,0
TCE5023_L,0.0774644694749962
TCE5024_I,0
TCE5024_L,0
TCE5031_I,-0.000865125319933213
TCE5031_L,0.0498003581360535
TCE5035_I,0.00534454072999324
TCE5035_L,0
TCE5036_I,0.0802847252365382
TCE5036_L,0
TCE5038_I,0
TCE5038_L,-0.00141148191198681
TCE5040_I,0
TCE5041_I,-0.000525108858255408
TCE5041_L,0.00193659077024222
TCE5042_I,-0.00603153061001649
TCE5042_L,0.00603143061016453
TCE5043_I,0.0100000999999565
TCE5043_L,0
TCE5045_I,0.00129150296743319
TCE5045_L,0.00555081988079564
TCE5046_I,-0.00592117414839777
TCE5046_L,0.0140576171822886
TCE5063_I,-0.000780521279921231
TCE5063_L,0.0107805212799121
TCE5066_I,0.00999999999999091
TCE5066_L,0
TCE5069_I,0.0122417084737663
TCE5069_L,-0.042241708473739
TCE5070_I,-0.0337408571517699
TCE5070_L,0.0145261373159513
TCE5071_I,0
TCE5071_L,-0.00999999999999091
TCE5072_I,-0.00999999999999091
TCE5072_L,0
TCE5073_I,-0.00999999999999091
TCE5074_I,-0.0109909716909442
TCE5075_I,0.00999999999999091
TCE5075_L,0
TCE5076_I,0
TCE5077_I,0.00999999999999091
TCE5078_I,0
TCE5079_I,0.00247886302315692
TCE5079_L,-0.00247886302315692
TCE5080_I,0.110099301919831
TCE5080_L,0
TCE5082_I,0.00123387507005646
TCE5083_I,0
TCE5083_L,0
TCE5084_I,-0.154242623061691
TCE5084_L,-0.00247886302315692
TCE5085_I,0.188095406614934
TCE5085_L,-0.00268182096033343
TCE5086_I,-0.00145577144826348
TCE5086_L,0.00600391192855659
TCE5092_I,0.00791400963657907
TCE5092_L,-0.0190292297935457
TCE5093_I,0
TCE5094_I,0
TCE5096_I,0
TCE5097_I,0.01
TCE5098_I,0.00201915893956084
TCE5098_L,-0.00567671685837468
TCE5099_I,0.0774644694749962
TCE5100_I,0.0051088130600192
TCE5101_I,-0.25522982251232
TCE5102_I,-0.0345455178404563
TCE5103_I,0
TCE5104_I,0.00516711029592898
TCE5104_L,-0.0343818301317924
TCE5105_I,0.01
TCE5106_I,0
TCE5107_I,0
TCE5108_I,0
TCE5109_I,0.00999999999999091
TCE5110_I,0.01
TCE5300_I,-0.00561086830248314
TCE5300_L,0
TCE5301_I,0.00454847459002394
TCE5302_I,0.0286076875363506
TCE5302_L,0
TCE5303_I,0
TCE5303_L,0.00555038585908108
TCE5304_I,0
TCE5305_I,-0.00100618780413697
TCE5306_I,0
TCE5307_I,0
TCE5308_I,0
TCE5309_I,0.00124953103107024
TCE5310_I,0.0005562041601479
TCE5311_I,0.026544516878289
TCE5311_L,0
TCE5312_I,-0.00568516149996867
TCE5312_L,0
TCE5313_I,0
TCE5313_L,0
TCE5314_I,-1.00000079328311e-07
TCE5314_L,0
TCE5315_I,-0.207381195744347
TCE5315_L,0
TCE5316_I,-0.00185720205001871
TCE5316_L,0.00185720205001871
TCE5317_I,-0.0262543344094865
TCE5317_L,0
TCE5318_I,0.0862735929556493
TCE5318_L,0
TCE5319_I,-0.00998674316281267
TCE5319_L,0
TCE5320_I,-0.0199999999999818
TCE5320_L,0
TCE5321_I,0
TCE5321_L,0
TCE5322_I,0.00184929700981229
TCE5322_L,0.232804692506193
TCE5323_I,0
TCE5323_L,0
TCE5324_I,-1.00000420388824e-07
TCE5324_L,-0.015108913059521
TCE5325_I,0
TCE5325_L,0
TCE5326_I,-0.0035995196398062
TCE5326_L,0.0035995196398062
TCE5327_I,0.00938608511728489
TCE5327_L,0
TCE5328_I,0
TCE5328_L,0
TCE5329_I,-0.12925154091522
TCE5329_L,0
TCE5330_I,0
TCE5331_I,0.00371470410004804
TCE5331_L,0
TCE5332_I,0.120855815423624
TCE5332_L,0
TCE5333_I,0.0193911017159962
TCE5333_L,0.207379024200009
TCE5334_I,-0.266956918160417
TCE5334_L,0
TCE5335_I,0.00999990000002526
TCE5335_L,0
TCE5336_I,0
TCE5336_L,0
TCE5337_I,0.0153394038871966
TCE5337_L,0
TCE5338_I,0
TCE5338_L,0
TCE5339_I,0
TCE5339_L,0
TCE5340_I,0
TCE5340_L,0
TCE5341_I,-0.00272242736991757
TCE5341_L,0.0127224273699085
TCE5342_I,-0.247896892081712
TCE5342_L,0
TCE5343_I,-0.408308757694726
TCE5343_L,0
TCE5344_I,0
TCE5344_L,0
TCE5345_I,0.00744184953998683
TCE5345_L,-0.0274418495399686
TCE5347_I,0.00640028036002604
TCE5347_L,-0.0164002803600169
TCE5348_I,-0.0143147385000475
TCE5348_L,0
TCE5349_I,0
TCE5349_L,0.0199999999999818
TCE5350_I,0
TCE5350_L,0
TCE5351_I,-0.00179990981996525
TCE5351_L,0
TCE5352_I,0
TCE5352_L,0
TCE5353_I,-0.00698787857936622
TCE5353_L,0
TCE5354_I,0
TCE5354_L,0
TCE5355_I,0
TCE5355_L,0
TCE5356_I,0
TCE5356_L,0
TCE5357_I,0.00179990982019262
TCE5357_L,0.00820009017979828
TCE5358_I,-0.0008651253200469
TCE5358_L,0.0008651253200469
TCE5359_I,-0.000865125319933213
TCE5359_L,0.000865125319933213
TCE5360_I,0.00999999999999091
TCE5360_L,0
TCE5361_I,0.00314452632994744
TCE5361_L,0
TCE5362_I,-0.0008651253200469
TCE5362_L,0.0008651253200469
TCE5363_I,0.00999999999999091
TCE5363_L,0
TCE5365_I,0.00232262279018869
TCE5365_L,0
TCE5367_I,0.0215874362596651
TCE5367_L,0
TCE5369_I,-0.010992176730042
TCE5369_L,0
TCE5370_I,-0.00138783829004296
TCE5370_L,0.00138783829004296
TCE5371_I,0
TCE5372_I,-0.00295229650782858
TCE5372_L,0
TCE5373_I,0
TCE5374_I,-0.0299999999999727
TCE5374_L,0
TCE5375_I,0.0582373647919212
TCE5375_L,0
TCE5376_I,0
TCE5377_I,0
TCE5378_I,0.000411771530025362
TCE5379_I,0
TCE5381_I,-0.296581919968389
TCE5382_I,0.010316220514369
TCE5383_I,0.00554057447732248
TCE5384_I,0
TCE5385_I,0
TCE5386_I,0.803516676412073
TCE5387_I,0
TCE5388_I,0.00510901305995048
TCE5389_I,0.00281272767006158
TCE5390_I,0
TCE5391_I,0.296582119968207
TCE5392_I,0
TCE5393_I,0
TCE5394_I,0
TCE5395_I,0.000764368324325915
TCE5396_I,0.00603772357840171
TCE5397_I,0
TCE5398_I,0.000602820861217879
TCE5399_I,-0.021045556007266
TCE5400_I,0.254444677385645
TCE5401_I,0
TCE5402_I,0
TCE5403_I,0
TCE5404_I,0
TCE5404_L,0
TCE5405_I,0
TCE5405_L,0
TCE5406_I,0.00288516468985517
TCE5407_I,0
TCE5408_I,0
TCE5408_L,0
TCE5409_I,0
TCE5410_I,0
TCE5410_L,0
TCE5411_I,0
TCE5411_L,0
TCE5412_I,-0.276459323575523
TCE5412_L,0
TCE5413_I,-0.00644340214000749
TCE5413_L,0
TCE5414_I,0.09642324757192
TCE5414_L,0
TCE5415_I,0
TCE5415_L,0
TCE5416_I,-0.00999999999999091
TCE5416_L,0
TCE5417_I,0
TCE5417_L,0
TCE5501_I,0
TCE5501_L,0
TCE5502_I,-0.00744184953998683
TCE5502_L,0.00744184953998683
TCE5504_I,0.00999999999999091
TCE5505_I,8.03764202773027
TCE5505_L,-0.00119206654972004
TCE6001_I,0
TCE6002_I,0.0048872190319571
TCE6002_L,-0.014887219031948
TCE7572_I,0
TCE7666_I,-1.00000079328311e-07
TCE7666_L,-0.00382884299131092
TCE7728_I,0.0199999999999818
TCE7728_L,0
TCE9072_I,0.000500654084476082
TCE9072_L,-0.00316205911224188
TCM0059_I,0.0224788630231387
TCM0064_I,0.00999999999999091
TCM0066_I,0
TCM0069_I,0
TCM0070_I,0
TCM0072_I,-9.46945168621994
TCM0073_I,0
TCM0075_I,-0.0199999999999818
TCM0076_I,0
TCM0077_I,0.326885911635372
TCM0079_I,0
TCM0080_I,0
TCM0081_I,0
TCM0082_I,0
TCM0083_I,0
TCM0087_I,0
TCM0088_I,0
TCM0089_I,0.628061497978138
TCM0091_I,0
TCM0092_I,0
TCM0094_I,0.42833615272184
TCM0095_I,0.00999999999999091
TCM0096_I,0
TCM0097_I,0
TCM0098_I,0
TCM0099_I,0
TCM0101_I,0
TCM0104_I,0
TCM0105_I,0
TCM0106_I,0.00999999999999091
TCM0109_I,-0.310343677958599
TCM0110_I,0
TCM0111_I,296.227148515175
TCM0114_I,0
TCM0115_I,0
TCM0116_I,0
TCM0117_I,1.07871444422869
TCM0118_I,-0.0199999999999818
TCM0119_I,0
TCM0121_I,0
TCM0125_I,0
TCM0126_I,0
TCM0127_I,0
TCM0128_I,0
TCM0130_I,0
TCM0131_I,0
TCM0132_I,1.43400125837741
TCM0135_I,2.52947010059665
TCM0137_I,0
TCM0139_I,0.0199999999999818
TCM0140_I,0
TCM0141_I,0.330542991047275
TCM0143_I,0
TCM0144_I,0
TCM0145_I,8.69609623391352
TCM0148_I,0
TCM0149_I,0
TCM0150_I,0
TCM0151_I,0
TCM0153_I,0
TCM0154_I,0
TCM0156_I,0
TCM0158_I,0
TCM0160_I,0
TCM0161_I,0
TCM0162_I,0.00999999999999091
TCM0163_I,0
TCM0165_I,0
TCM0167_I,0
TCM0170_I,0
TCM0171_I,0
TCM0172_I,0
TCM0173_I,0
TCM0174_I,0
TCM0175_I,0
TCM0176_I,-0.00153376668129113
TCM0177_I,0.00999999999999091
TCM0181_I,0
TCM0183_I,1.39400649375489
TCM0184_I,0
TCM0187_I,0
TCM0188_I,0
TCM0190_I,-0.0199999999999818
TCM0192_I,0.00999999999999091
TCM0196_I,0.00999999999999091
TCM0198_I,0
TCM0199_I,0
TCM0200_I,0
TCM0201_I,0.0199999999999818
TCM0204_I,0
TCM0206_I,0
TCM0207_I,0.0199999999999818
TCM0208_I,0
TCM0210_I,0.05
TCM0212_I,0
TCM0214_I,0
TCM0215_I,0
TCM0216_I,0
TCM0217_I,0
TCM0218_I,0
TCM0219_I,0
TCM0220_I,0
TCM0221_I,0
TCM0222_I,0
TCM0224_I,0.00999999999999091
TCM0316_I,0
TCM1027_I,0
TCM1031_I,-16.479699390457
TCM1033_I,0.00999999999999091
TCM1034_I,0
TCM1037_I,0.00999999999999091
TCM1039_I,0.00231394251477468
TCM1043_I,0
TCM1044_I,0
TCM1045_I,0
TCM1047_I,0
TCM1051_I,0.0784309574979716
TCM1054_I,-0.156265615229586
TCM1055_I,-0.00999999999999091
TCM1058_I,-0.17939853851658
TCM1061_I,-0.00999999999999091
TCM1062_I,-0.00999999999999091
TCM1063_I,0.00999999999999091
TCM1067_I,0.0299999999999727
TCM1069_I,0.00440136577162775
TCM1070_I,0.310470488619671
TCM1071_I,0
TCM1073_I,0
TCM1075_I,-0.312110312976984
TCM1077_I,0.00999999999999091
TCM1078_I,0.4768952930973
TCM1080_I,0
TCM1082_I,0.22529287249381
TCM1085_I,0.427355601778345
TCM1089_I,0.457298187444849
TCM1091_I,-0.0299999999999727
TCM1096_I,0.01
TCM1098_I,0
TCM1101_I,0
TCM1109_I,0.00999999999999091
TCM1274_I,-1.44519213690864
TCM1275_I,78.2781047640713
TCM1276_I,-366.842063550836
TCM1277_I,0.00999999999999091
TCM1278_I,0
TCM1279_I,0.33284952539077
TCM1280_I,0
TCM1282_I,11.9250790451483
TCM1283_I,1.91027063729799
TCM1284_I,0.557192063170646
TCM1285_I,-0.159251540915307
TCM1286_I,0.00999999999999091
TCM1287_I,-80.5307910621294
TCM1288_I,0.00999999999999091
TCM1289_I,-0.0962563654140922
TCM1290_I,0
TCM1291_I,0.35915896022982
TCM1292_I,308.159528154398
TCM2002_I,0.01
TCM2004_I,-0.00999999999999091
TCM5001_I,0.01
TCM5002_I,0.660191008018231
TCM5003_I,0.0938709541141318
TCM5004_I,-0.282943488736123
TCM5005_I,0.000463439912891772
TCM5006_I,-0.000463439912891772
TCM5007_I,0.0124788630231478
TCM5008_I,0.0124788630231478
TCM5009_I,0.057129487719602
TCM5010_I,0.01
TCM5011_I,0.703266348334405
TCM5012_I,0.212509661806849
TCM5013_I,0.01
TCM5014_I,0.01
TCM5015_I,0.01
TCM5018_I,0
TCM5027_I,0.089758244919755
TCM5029_I,0.0233031773047723
TCM5030_I,3.65069296738849
TCM5032_I,0.00999999999999091
TCM5034_I,0
TCM5037_I,0
TCM5047_I,0.00277738242766645
TCM5048_I,0.01
TCM5049_I,0.01
TCM5050_I,0.01
TCM5051_I,0.01
TCM5052_I,0.02
TCM5053_I,0.01
TCM5054_I,0.01
TCM5055_I,0.01
TCM5056_I,0.01
TCM5057_I,0.01
TCM5058_I,0
TCM5059_I,0.140162146931874
TCM5060_I,0
TCM5061_I,0.00129500726336573
TCM5062_I,0.00179990981996525
TCM5064_I,0.00999999999999091
TCM5065_I,-0.00999999999999091
TCM5067_I,-0.00999999999999091
TCM5095_I,0
TCM5111_I,0
TCM5510_I,0.00999999999999091
UP00002_L,0
UP00011_L,0
UP00014_L,0
UP00016_L,0
UP00018_L,0
UP00019_L,0
UP00020_L,0
UP00021_L,0
UP00022_L,0
UP00025_L,0
UP00026_L,0
UP00027_L,0
UP00031_L,-0.00268182096033343
UP00032_L,-0.000588670339425335
UP00033_L,0
UP00037_L,0
UP00041_L,0
UP00042_L,0
UP00047_L,0
UP00049_L,0
UP00054_L,-0.0105727309304484
UP00058_L,0
UP00059_L,0
UP00061_L,0
UP00062_L,0
UP00064_L,0
UP00065_L,-0.569806311320008
UP00067_L,0
UP00068_L,0
UP00072_L,0
UP00073_L,0
UP00074_L,0
UP00075_L,0
UP00077_L,0
UP00078_L,0
UP00079_L,0
UP00082_L,0
UP00084_L,0
UP00086_L,0
UP00089_L,0
UP00093_L,0
UP00094_L,0
UP00095_L,0
UP00097_L,0
UP00101_L,0
UP00106_L,0
UP00108_L,0
UP00109_L,0
UP00111_L,0
UP00114_L,0
UP00116_L,0
UP00121_L,-0.00321818515249106
UP00122_L,0
UP00123_L,0
UP00124_L,0
UP00127_L,0
UP00130_L,0
UP00132_L,-0.0108651253200378
UP00133_L,-0.0054228872289741
UP00134_L,0
UP00135_L,0
UP00137_L,-0.0375286307697706
UP00140_L,0
UP00141_L,-0.0008651253200469
UP00143_L,-0.00555038585912371
UP00147_L,0
UP00148_L,0
UP00149_L,0
UP00152_L,0
UP00153_L,0
UP00158_L,0
UP00159_L,0
UP00160_L,-0.00555081988079564
UP00163_L,0
UP00164_L,0
UP00166_L,0
UP00167_L,0
UP00170_L,0
UP00178_L,0
UP00181_L,-0.00644340214000749
UP00183_L,-0.257904367714787
UP00185_L,-0.00141148191198681
UP00186_L,0
UP00187_L,-0.00600391192858751
UP00188_L,0
UP00189_L,0
UP00191_L,-0.00603143061016453
UP00194_L,0
UP00197_L,0
UP00208_L,-0.00193659077024222
UP00212_L,0
UP00214_L,0
UP00233_L,-0.000865125319933213
UP00239_L,0
UP00242_L,0
UP00243_L,-0.00193659077024222
UP00245_L,-0.0135824675110143
UP00249_L,-0.234447238677831
UP00250_L,0
UP00253_L,0
UP00255_L,0
UP00256_L,0
UP00257_L,0
UP00259_L,0
UP00262_L,0
UP00266_L,0
UP00268_L,0
UP00272_L,-0.015108913059521
UP00288_L,0
UP00294_L,0
UP00295_L,0
UP00299_L,0
UP00301_L,0
UP00311_L,0
UP00314_L,0
UP00315_L,0
UP00318_L,0
UP00320_L,0
UP00322_L,-0.0164002803600169
UP00328_L,-0.0035995196398062
UP00329_L,0
UP00330_L,0
UP00334_L,-0.00683453252997879
UP00346_L,0
UP00352_L,0
UP00354_L,0
UP00366_L,0
UP00376_L,0
UP00378_L,0
UP00379_L,0
UP00385_L,0
UP00387_L,0
UP00388_L,0
UP00398_L,-0.0274418495399686
UP00402_L,-0.00567671685837468
UP00407_L,0
UP00429_L,0
UP00437_L,0
UP00438_L,0
UP00439_L,0
UP00440_L,0
UP00455_L,0
UP00459_L,0
UP00469_L,0
UP00473_L,0
UP00475_L,0
UP00483_L,0
UP00486_L,-0.00134977508253087
UP00504_L,0
UP00506_L,0
UP00526_L,0
UP00532_L,0
UP00534_L,0
UP00544_L,0
UP00559_L,0
UP00565_L,-0.0115787541591317
UP00577_L,0
UP00583_L,-0.0107805212799121
UP00588_L,-0.207379024200009
UP00631_L,0
UP00632_L,-0.0199999999999818
UP00642_L,0
UP00655_L,0
UP00670_L,-0.232804692506193
UP00671_L,-0.0008651253200469
UP00704_L,-0.0199999000002435
UP00708_L,-0.00744184953998683
UP00719_L,0
UP00750_L,0
UP00777_L,-0.00262657789369314
UP00785_L,0
UP00794_L,0
UP00811_L,0
UP00818_L,0
UP00853_L,0
UP00864_L,-0.000451653303002786
UP00881_L,0
UP00906_L,0
UP00954_L,0
UP00979_L,0
UP01103_L,0
UP01132_L,-0.014887219031948
UP01137_L,0
UP01179_L,0
UP01181_L,0
UP01185_L,0
UP01326_L,0
UP01419_L,-0.00170766805308631
UP01530_L,-0.109908264760065
UP01595_L,0
UP01613_L,-0.00316205911224188
UP01697_L,-0.0190292297935457
UP01762_L,0
UP01801_L,-0.00360204964408695
UP01879_L,0
UP01888_L,-0.00138783829004296
UP02076_L,0
UP02094_L,0
UP02470_L,0
UP02512_L,-0.00485600183674251
UP02630_L,0
UP02642_L,-0.00820009017979828
UP02679_L,0
UP02918_L,0
UP02946_L,0
UP03197_L,0
UP03284_L,0
UP03722_L,-0.0127224273699085
UP03758_L,0
UP03793_L,0
UP04677_L,-0.00185720205001871
UP05100_L,0
UP05127_L,-0.00382884299131092
UP05335_L,0
UP05402_L,-0.000975053737988674
UP05422_L,0
UP05512_L,0
UP05519_L,-0.00999999999999091
UP05684_L,0
UP05688_L,-0.0397628454505821
UP05697_L,-0.0021218348357479
UP05787_L,0
UP05828_L,0
UP05852_L,0
UP05984_L,0
UP06232_L,0
UP06424_L,0
UP14818_L,0
UPC0013_L,0
UPC0135_L,-0.212758324144147
UPK0012_I,0
UPK0013_I,0
UPK0014_I,-0.0986518433738865
UPK0016_I,-0.00216845957004352
UPK0028_I,0
UPK0029_I,-0.0676792544552427
UPK0036_I,0
UPK0045_I,0
UPK0056_I,-0.00999999999999091
UPK0069_I,-0.00315767715176207
UPK0070_I,0
UPK0071_I,0
UPK0074_I,0
UPK0101_I,-0.00735381534275348
UPK0102_I,-0.00190834636293857
UPK1002_I,0
UPK1003_I,0
EX00583_X,0.000780521279876492
EX02918_X,-0.00510881306
EX05984_X,-0.00700923688993224
EX02630_X,-0.000311157519938332
EX05852_X,-0.00179970982
EX00109_X,-0.00232262279018289
EX00322_X,0.00640028035999333
EX00631_X,-0.00371470409999662
EX01161_X,0
EX00355_X,-0.00588306366999629
EX01179_X,-0.0205137188449227
EX00942_X,0
EX01060_X,0
EX01205_X,-0.00658554460121104
EX03284_X,-0.00594692656987182
EX00632_X,0
EX05828_X,1.00000039345892e-07
EX00141_X,0.00086512532
EX00671_X,0.00086512532
EX00197_X,-0.120855815423681
EX05100_X,-0.00179990981999836
EX02946_X,0
EX00334_X,-0.00316546747003725
EX00156_X,0
EX00642_X,0
EX00233_X,0.000865125319877213
EX01181_X,-0.00737798663999493
EX00906_X,0.00372087476999662
EX00429_X,0.00372087477005564
EX05356_X,0
EX03917_X,0
EX05635_X,-0.00185720204999831
EX00643_X,0
EX00170_X,0
EX00440_X,0.077585780935888
EX01879_X,-0.00314452632999714
EX17337_X,0
EX00506_X,0
EX00328_X,0.00359951963981821
EX02415_X,0
EXC0001_X,-0.000764368324308881
EX00162_X,-0.0060377235783579
EX03197_X,-1.86182771109498
EX00811_X,0
EX01888_X,0.00138783828999874
EX00532_X,-1.00000245537312e-07
EX00033_X,-0.0573605694332035
EX00164_X,-1.25029082297645
EX00084_X,-0.0409327210820269
EX18125_X,0.0109909716909938
EX01132_X,0.0048872190319541
EX00140_X,0.076518346179323
EX01996_X,-0
EX00437_X,0.000865125319969704
EX00979_X,0
EX00147_X,0.001857202050077
EX00212_X,0.000368649749999665
EX00194_X,-0.000423241918198518
EX00301_X,0
EX00021_X,-0.0265445168783388
EX04677_X,0.00185720204999831
EX04317_X,-0.00510901306
EX00026_X,-0.00640048035999333
EX00940_X,0
EX00099_X,0
EX00133_X,0
EX00041_X,0.274714618654131
EX00019_X,0
EX01137_X,-1.00000078691628e-07
EX00020_X,-0.00036864975
EX00523_X,0
EX11135_X,0
EX00108_X,-0.00359951964
EX00259_X,-9.99997151167957e-08
EX00219_X,-0.0374821506576137
EX00062_X,0.11406491046876
EX00072_X,0
EXC0180_X,-0.00179970982
EX00152_X,0.174547967116219
EX00402_X,0.00201915893952749
EX00049_X,0.154746665281443
EX05519_X,0
EX00002_X,0.0582373647919299
EX05787_X,-0.0005205638346758
EX00486_X,0.0005205638346758
EX02642_X,-0.00179990982018015
EX00575_X,0
EX02094_X,0
EX00438_X,-0.00999989999999497
EX00853_X,0.000463539912891772
EX01419_X,0.00404090453312414
EX00114_X,0
EX00695_X,-0
EX00588_X,-0.0193911017160442
EX00187_X,0.00145577144822282
EX00158_X,0
EX00698_X,0
EX00185_X,0
EX00011_X,-2.71883338399515
EXC0202_X,0.00510881305999535
EX00318_X,0
EX01326_X,-0.040932521081856
EX02512_X,0.00733486485999333
EX00097_X,0.0686307149596248
EX00475_X,0.0886174827620321
EX00559_X,-0.00552088458999498
EX00239_X,0.00998674316283859
EX00881_X,-0.00774693638999459
EX02679_X,0.00938608511725912
EX00330_X,-0.0103688497499917
EX00111_X,0
EX00268_X,0
EX05422_X,0
EX05512_X,-0.0201794015952856
EX03758_X,-0.00253720931999933
EX01801_X,0
EX00459_X,0.00971869369675124
EX00526_X,-0.0296449942645036
EX02763_X,0
EX00189_X,0.00295229650785415
EX00346_X,0.00698787857940295
EX00469_X,0.0081425979499017
EX00016_X,0.00516711029594658
EX00067_X,0
EX00354_X,-0.0262543344095351
EX14818_X,7.19103154360459e-05
EX14819_X,0
EX00061_X,0.00536807658420119
EX00504_X,-0.154242623061739
EX00058_X,-0.0200692591801127
EX00439_X,0
EX00095_X,0.00604787270204208
EX00122_X,0
EX00670_X,-0.00184929700980936
EX00124_X,-0.00256225940548773
EXC0214_X,0.000411771529999625
EX01697_X,0.00791400963661559
EX00352_X,-0.0018714190074132
EX00329_X,0.0168728576502471
EXC0216_X,-0.00337827356803838
EX00266_X,-0.00744184953962966
EX01921_X,0
EX00031_X,0.188095406614987
EX00257_X,0
EX00818_X,-0.0100000999999007
EX00191_X,0.00603153061006513
EX00064_X,0.18997803553027
EX00025_X,0.0479408808545313
EX00669_X,0
EXC0213_X,0.00554057447728072
EX00048_X,0
EX00037_X,0.184332503628193
EX00577_X,-0.0215874362596614
EX00719_X,-0.00532997028
EX00093_X,-0.0153394038872099
EX00116_X,-0.00804658418166722
EX00160_X,-0.00129150296738051
EX00387_X,-0.00726601088176318
EX00127_X,-0.00116661824000063
EX00051_X,0
EX00242_X,-0.000139187568232513
EX00027_X,-2.54918760515035
EX00001_X,-0.515169277441586
EX00080_X,-3.61161619684435
EX00288_X,0.247597015958984
EX00249_X,-0.557881793603212
EX00544_X,0
EX00135_X,0.0476914147597051
EX00388_X,-0.00309117711999798
EX00262_X,0
EX00708_X,0.00744184953999323
EX00311_X,0.129251540915256
EX00407_X,0.130815399436781
EX00130_X,0.207381195744306
EX00954_X,-0.0199998999999867
EX00137_X,0.00202604054279055
EX00294_X,-0.013799308139989
EX00081_X,0.00454847458999586
EX00238_X,0
EX01717_X,0
EX00256_X,0.00646963953999333
EX00186_X,-0.00774673638999295
EX00243_X,0.000525108858281429
EX00123_X,0.193409504867487
EX00909_X,0
EX02165_X,-0.00086512532
EX04853_X,0
EX01595_X,-0.116004925177712
EX04230_X,-0.803516676412123
EX18126_X,0.00999999999999091
EX00047_X,0.192269603721189
EX01885_X,-0.296582119968159
EX00149_X,-1.00000157383569e-07
EX00208_X,0.000525108858281429
EX00159_X,-1.0000123710225e-07
EX05402_X,0.000975053737980434
EX00132_X,0.00086512532
EXC0141_X,-0.00774673639003597
EX00073_X,0.0704024335007376
EX05127_X,-1.00000039345892e-07
EX00143_X,-0
EX06232_X,-0
EX00546_X,-0.00396826938987523
EX01330_X,0
EX00253_X,0.0795826961956789
EX00153_X,0.00510901305999826
EX00014_X,-0.10405011061443
EX01185_X,-0.0862735929556376
EX00455_X,0.0021684595700001
EX00007_X,8.12198401644879
EX00704_X,0.0399999000002157
EX01530_X,-0.0974527192670056
EX04227_X,-0.00185720205005902
EX01328_X,-0
EX00077_X,0.0212348474172841
EX01103_X,0.00568516149999483
EX00295_X,-0.0111628243099898
EX02505_X,-0.000865125319999213
EX04598_X,-0
EX01194_X,0
EX00054_X,0.000572730930404787
EX00157_X,0.857135196137218
EX01211_X,0
EX00350_X,0.00288516468985517
EX05332_X,-0.00309117712
EXC0152_X,0
EX00074_X,-0.247896892081709
EX00012_X,0
EX02188_X,0
EX00344_X,-0.0103162205144158
EX00079_X,0.142083456759791
EX00032_X,0.000478568283024747
EX00166_X,-0.0488295018042678
EX00009_X,0.148057036288852
EX00864_X,0.000616573811383931
EX00163_X,-0.00534454072999671
EX00148_X,0.16290152356499
EX00696_X,0
EX00584_X,0.00466982972005714
EX00427_X,-0.00281272767005883
EX02737_X,-0
EX00134_X,-0.00594692656999459
EX00534_X,0.00106042767244987
EX00018_X,0
EX00250_X,0.0019120954307054
EX00314_X,0.00167005288265535
EX00022_X,-0.00746440683029813
EXC0013_X,9.99994546370485e-08
EX03722_X,0.00272242736991962
EX00376_X,0
EX00473_X,0.0588122342559268
EX00777_X,0.00101304277315583
EX11061_X,-0.00101304277316983
EX00121_X,0
EX00255_X,-0.00916039859113186
EX00794_X,0.0395382692731883
EX02076_X,0
EX05697_X,0.00212183483570077
EX05688_X,0.012241708473744
EX05335_X,0.0087659249301148
EX05684_X,-0.00263319266945063
EX00065_X,-0.0485978751858352
EXC9998_X,-0.31524834537743
EX11499_X,-0.00999989999999091
EX00094_X,-0.0109921767299884
EX00059_X,-0.0258894343399829
EXC0203_X,-0.255229822512351
EXC0208_X,-0.0345455178404765
EXC0207_X,-0.000602820861247843
EXC0211_X,-0.021045556007231
EXC0201_X,0.254444677385645
EXC0210_X,0
EX00315_X,0
EX00750_X,0
EX00780_X,-0.00185720204999831
EX01613_X,0.000500654084433438
EXC9999_X,-0.353405101503221
EX00042_X,0.0572991173223156
EX00089_X,0.000525108858312639
EX00422_X,0.29658191996834
EX00245_X,0.00233293647991919
EX05122_X,1.00000039345892e-07
EX01755_X,-0.00179970982006139
EX00272_X,-1.00000450152311e-07
EX04722_X,-0.00100618780412472
EX00101_X,0.0802847252365038
EX00378_X,0.000653185864063041
EX00188_X,0.0673263760522905
EX00178_X,-0.0510445255152472
EX00214_X,0.0422787005853444
EX00565_X,0.00592117414843012
EX03793_X,-0.0026218133599984
EX01083_X,0.00123387506999966
EX00078_X,0.035996560662959
EX00398_X,0.00744184953999323
EX00535_X,0
EX00320_X,0.00594692656999459
EX06424_X,0.00644340213999493
EX00483_X,-0.000865125319940981
EX00082_X,0.110709086201267
EX00167_X,0.00561086830246612
EX00106_X,-0.414692569467687
EX00366_X,-0.0206990181089326
EX00785_X,0
EX00086_X,0.00891383828240678
EX00299_X,0.36888745336166
EX00075_X,0.028607687536339
EXC0135_X,0.00999989999999333
EX00183_X,0.177718804108796
EX00385_X,-0.0392405076576877
EX02470_X,0
EX00655_X,0
EX15519_X,0
EX15610_X,-0.00100598780419694
EX05455_X,0.000556204160177531
EX17339_X,0
EX15520_X,0
EX06341_X,0
EX01762_X,-0.0964232475719483
EX00181_X,-0.00355659785993538
EX00379_X,0.0072773726295519
