	reverse	forward
RC00765_I	0.0	0.01
RC02147_X	0.01	0.01
RC02094_X	0.01	0.01
RC02147_I	0.01	0.01
RC00765_X	0.0	0.01
RM00935_X	0.0	0.01
RC07641_X	0.0	0.01
RC02367_I	0.00184100733424	0.00702601286508
RC00955_X	0.01	0.01
RC01855_I	0.0	0.01
RC01321_X	0.01	0.01
RC00004_I	0.0	0.01
RCC0099_I	0.0	0.01
RC07641_I	0.0	0.01
RM00935_I	0.0	0.01
RC02367_X	0.00184100733424	0.00702601286508
RC00955_I	0.01	0.01
RC01855_X	0.0	0.01
RC01321_I	0.01	0.01
RC00004_X	0.0	0.01
RCC0099_X	0.0	0.01
RMC0097_I	0.0	0.01
RMC0095_X	0.0	0.01
RC01364_X	0.0	0.01
RCC0218_X	0.0	0.01
RM03172_X	0.01	0.01
RMC0097_X	0.0	0.01
RMC0095_I	0.0	0.01
RC01364_I	0.0	0.01
RM01214_I	0.01	0.01
RCC0218_I	0.0	0.01
RM03172_I	0.01	0.01
RC01026_X	0.0	0.01
RMC0099_X	0.0	0.01
RC00191_I	0.0	0.01
RC00093_I	0.0	0.01
RC01026_I	0.0	0.01
RMC0099_I	0.0	0.01
RC02543_X	0.01	0.01
RC00191_X	0.0	0.01
RC00093_X	0.0	0.01
RC09086_I	0.0	0.01
RC01280_X	0.0	0.01
RC09086_X	0.0	0.01
RC01280_I	0.0	0.01
RM00004_I	0.0	0.01
RM02396_X	0.0	0.01
RC02245_I	0.0	0.01
RM00004_X	0.0	0.01
RM02396_I	0.0	0.01
RM00261_X	0.0	0.01
RC02245_X	0.0	0.01
RC00959_X	0.01	0.01
RC00959_I	0.01	0.01
RCC0091_X	0.0	0.01
RC04286_X	0.0	0.01
RC00137_I	0.01	0.01
RCC0172_X	0.0	0.01
RC01857_X	0.01	0.01
RC04286_I	0.0	0.01
RCC0091_I	0.0	0.01
RC00137_X	0.01	0.01
RM08505_I	0.0	0.00124953103107
RCC0172_I	0.0	0.01
RC06262_X	0.0	0.01
RM00549_I	0.0	0.00515823700926
RC03595_I	0.0	0.01
RCC0177_I	0.0	0.01
RC07760_X	0.01	0.01
DGR0026_I	0.0	0.001301552476
RC03595_X	0.0	0.01
RC07760_I	0.01	0.01
RCC0177_X	0.0	0.01
RC03599_X	0.01	0.00295581073499
DGR0024_I	0.0	0.003231398302
RC04770_X	0.01	0.01
RM03778_I	0.01	0.01
RC03599_I	0.01	0.00295581073499
RC00685_I	0.0	0.01
RC04770_I	0.01	0.01
RM03778_X	0.01	0.01
RM00751_X	0.01	0.01
RC02241_X	0.0	0.01
RC00256_I	0.0	0.01
RCC0213_X	0.0	0.01
RC04208_I	0.0	0.01
RC04779_I	0.0	0.01
RC01103_X	0.0	0.000724814257537
RC02241_I	0.0	0.01
RC00256_X	0.0	0.01
RC01857_I	0.01	0.01
RCC0213_I	0.0	0.01
RC04779_X	0.0	0.01
RC04208_X	0.0	0.01
RM01923_I	0.0	0.01
RC01101_X	0.0	0.00141148191195
RM01616_X	0.0	0.01
RC01737_X	0.0	0.00247580358468
RM00549_X	0.0	0.00515823700926
RM01616_I	0.0	0.01
RC01101_I	0.0	0.00141148191195
RC00366_X	0.0	0.01
RC01737_I	0.0	0.00247580358468
RC02103_X	0.01	0.01
RC05556_I	0.0	0.01
RC02103_I	0.01	0.01
RC05556_X	0.0	0.01
RCC0039_X	0.0	0.01
RC04162_X	0.0	0.01
RC00507_X	0.0	0.01
RC02101_I	0.0	0.01
RC02107_X	0.0	0.01
RCC0039_I	0.0	0.01
RC04162_I	0.0	0.01
RCC0093_I	0.0	0.01
RC02101_X	0.0	0.01
RC02107_I	0.0	0.01
RC00529_X	0.01	0.01
RC02297_X	0.01	0.01
RC01956_X	0.01	0.01
RC00529_I	0.01	0.01
RM07136_I	0.01	0.01
RC07211_I	0.0	0.01
RC01956_I	0.01	0.01
RC03105_I	0.01	0.01
RM02164_X	0.0	0.01
RC03105_X	0.01	0.01
RM02164_I	0.0	0.01
RC04321_I	0.01	0.01
RC04323_X	0.0	0.01
RC04321_X	0.01	0.01
RC04323_I	0.0	0.01
RC02383_X	0.0	0.01
RM01859_X	0.0	0.01
RC04325_I	0.01	0.01
RC00966_I	0.0	0.01
RC00964_X	0.0	0.01
RM07136_X	0.01	0.01
RC02383_I	0.0	0.01
RC07211_X	0.0	0.01
RM01859_I	0.0	0.01
RC00966_X	0.0	0.01
RC04325_X	0.01	0.01
RC00964_I	0.0	0.01
RCC0109_X	0.0	0.01
RC10306_I	0.00149417527138	0.00171771628646
RC07213_I	0.0	0.01
RM00706_I	0.0	0.01
RM02565_X	0.0	0.01
RC10306_X	0.00149417527138	0.00171771628646
RM01214_X	0.01	0.01
RM02565_I	0.0	0.01
RM05373_I	0.0	0.01
RMC0109_X	0.0	0.01
RM00127_I	0.01	0.01
TCM5013_I	0.0	0.01
RMC0109_I	0.0	0.01
RM00127_X	0.01	0.01
TCE5085_L	0.00268182096039	0.01
TCM5013_X	0.0	0.01
RCC0071_I	0.0	0.01
RC01569_I	0.0	0.01
RC10059_I	0.01	0.01
TCM5049_I	0.0	0.01
RC01818_X	0.01	0.01
RC00289_I	0.01	0.01
RCC0071_X	0.0	0.01
RC01569_X	0.0	0.01
RCC0010_I	0.0	0.01
RC10059_X	0.01	0.01
RC03664_X	0.0	0.01
RC01818_I	0.01	0.01
RC01138_X	0.0	0.01
RC07213_X	0.0	0.01
RC00489_I	0.0	0.01
RCC0165_X	0.0	0.01
RC01923_I	0.0	0.01
RM00161_I	0.0	0.00515823700926
RC02024_X	0.0	0.01
RC01138_I	0.0	0.01
RC00489_X	0.0	0.01
RC02024_I	0.0	0.01
RM00161_X	0.0	0.00515823700926
RMC0104_I	0.0	0.01
RMC0187_X	0.0	0.01
RMC0106_X	0.0	8.98296840197e-05
RM05373_X	0.0	0.01
RC00032_X	0.0	0.000899904557786
RM02480_I	0.01	3.5906532871e-05
RMC0104_X	0.0	0.01
RMC0106_I	0.0	0.00893782913425
RMC0187_I	0.0	0.01
RC00032_I	0.0	0.000899904557786
RCC0073_X	0.0	0.01
RC01567_X	0.0	0.01
RC03660_I	0.0	0.01
RC03662_X	0.0	0.01
RC04742_X	0.0	0.01
RM01492_X	0.01	0.000463439912892
RMC0183_X	0.0	0.01
RCC0073_I	0.0	0.01
RC01567_I	0.0	0.01
RC03660_X	0.0	0.01
RC03662_I	0.0	0.01
RMC0100_X	0.0	0.01
RMC0183_I	0.0	0.01
RC00801_I	0.0	0.00213629616949
RM02199_X	0.01	0.01
RC07041_I	0.0	0.01
RCC0165_I	0.0	0.01
RC00801_X	0.0	0.00213629616949
RM02199_I	0.01	0.01
RC07041_X	0.0	0.01
RM02480_X	0.01	3.58970783915e-05
RC01072_I	0.0	0.01
RC01218_I	0.01	0.01
RC01070_X	0.01	0.01
RC00485_I	0.0	0.01
TCM5010_I	0.0	0.01
RC03719_I	0.0	0.00124953103107
RC00842_X	0.01	0.01
RC01072_X	0.0	0.01
RC01070_I	0.01	0.01
RC01218_X	0.01	0.01
RC00485_X	0.0	0.01
TCM5010_X	0.0	0.01
RC03719_X	0.0	0.00124953103107
RC00842_I	0.01	0.01
RCC0139_I	0.01	0.01
RC05973_I	0.0	0.01
RC01560_X	0.0	0.01
RC06259_I	0.0	0.01
RC05692_I	0.01	0.01
TCM5014_I	0.0	0.01
RCC0139_X	0.01	0.01
RC01560_I	0.0	0.01
RC05973_X	0.0	0.01
RC06259_X	0.0	0.01
RC05692_X	0.01	0.01
TCM5014_X	0.0	0.01
RC00177_I	0.0	0.01
RC04742_I	0.0	0.01
RC03219_I	0.0	0.01
RC03749_X	0.0	0.01
RC00177_X	0.0	0.01
RC03219_X	0.0	0.01
RC03749_I	0.0	0.01
RCC0045_I	0.0	0.01
RC01768_I	0.0	0.01
RCC0043_X	0.0	0.01
RCC0045_X	0.0	0.01
RCC0043_I	0.0	0.01
RC02778_I	0.0	0.01
RM01655_I	0.01	0.01
RC01252_X	0.0	0.01
RM04433_I	0.0	0.01
RC02778_X	0.0	0.01
RC08539_I	0.01	0.01
RC01252_I	0.0	0.01
RCC0130_I	0.0	0.01
RC08724_I	0.01	0.00124953103108
RC00731_X	0.0	0.01
RC03858_X	0.0	0.01
RC03315_X	0.0	0.01
RCC0130_X	0.0	0.01
RC08724_X	0.01	0.00124953103108
RC03858_I	0.0	0.01
RC00731_I	0.0	0.01
RCC0250_X	0.0	0.01
RC03315_I	0.0	0.01
RC00734_I	0.01	0.01
RC04928_I	0.01	0.0033794016714
RC08725_X	0.0	0.00124953103107
RC00369_I	0.01	0.01
RC04928_X	0.01	0.0033794016714
RC00734_X	0.01	0.01
RC08725_I	0.0	0.00124953103107
RC00369_X	0.01	0.01
RC01310_I	0.0	0.01
RC01030_I	0.0	0.01
RC01600_X	0.0	0.01
RC01036_X	0.01	0.01
RM02016_I	0.0	0.01
RC01310_X	0.0	0.01
RC08539_X	0.01	0.01
RC01030_X	0.0	0.01
RC01036_I	0.01	0.01
RC01600_I	0.0	0.01
RM02016_X	0.0	0.01
RC01137_I	0.01	0.00223228221869
RCC0041_I	0.0	0.000948980855246
RC01135_X	0.0	0.01
RC06518_X	0.0	0.01
RC04560_I	0.01	0.01
RC01051_X	0.0	0.00321818515247
RC02976_X	0.0	0.01
RCC0250_I	0.0	0.01
RC01137_X	0.01	0.00223169444079
RC01135_I	0.0	0.01
RCC0041_X	0.0	0.000948800881846
RC06518_I	0.0	0.01
RC04560_X	0.01	0.01
RC02976_I	0.0	0.01
RC00736_X	0.0	0.01
RM00705_I	0.0	0.01
RM01736_I	0.0	0.01
RM07412_I	0.01	0.000886263049665
RC05795_X	0.0	0.01
RC01641_X	0.01	0.01
RC00736_I	0.0	0.01
RM00705_X	0.0	0.01
RC05795_I	0.0	0.01
RM07412_X	0.01	0.000886263049665
RC00089_X	0.0	0.01
RC01134_X	0.0	0.01
RC00678_X	0.0	0.01
RC08177_X	0.0	0.01
RC00678_I	0.0	0.01
RC08177_I	0.0	0.01
RC00103_I	0.0	0.01
RM03648_I	0.0	0.01
RM02055_X	0.0	0.01
RC03005_I	0.01	0.01
RCC0166_X	0.0	0.01
RM03648_X	0.0	0.01
RC01051_I	0.0	0.00321818515247
RM02055_I	0.0	0.01
RC03005_X	0.01	0.01
RM01090_I	0.00374140462321	0.01
RM01736_X	0.0	0.01
RCC0046_X	0.0	0.01
RM00943_X	0.01	0.01
RC00328_I	0.0	0.01
RC01602_I	0.01	0.01
RM01090_X	0.00374140462322	0.01
RM00943_I	0.01	0.01
RM04125_X	0.01	0.01
RC00328_X	0.0	0.01
RC01602_X	0.01	0.01
RC01863_X	0.01	0.01
RC01863_I	0.01	0.01
RCC0167_I	0.0	0.01
RC03778_X	0.0	0.01
RM03660_I	0.0	0.01
RC06517_X	0.01	0.01
RC03778_I	0.0	0.01
RC06517_I	0.01	0.01
RCC0123_X	0.0	0.01
RC00631_X	0.01	0.01
RC07299_I	0.0	0.01
RC00631_I	0.01	0.01
RM08771_X	0.0	0.01
RC07299_X	0.0	0.01
RCC0044_X	0.0	0.01
RM03646_X	0.0	0.01
RC03363_I	0.0	0.01
RC05802_X	0.0	0.01
RM08775_X	0.0	0.01
RC01357_I	0.0	0.01
RC00102_X	0.0	0.01
RC03363_X	0.0	0.01
RM03646_I	0.0	0.01
RC05802_I	0.0	0.01
RC01357_X	0.0	0.01
RM03660_X	0.0	0.01
RC00286_X	0.0	0.01
RC04231_X	0.0	0.0023139425148
RC00286_I	0.0	0.01
RCC0174_I	0.0	0.01
RC04231_I	0.0	0.0023139425148
RM00267_X	0.0	0.01
RC07758_I	0.0	0.01
RC07758_X	0.0	0.01
RC00987_X	0.0	0.01
RC08388_X	0.000920503667122	0.00794651653223
RC02235_X	0.01	0.01
RC08388_I	0.000920503667122	0.00794651653223
RM08775_I	0.0	0.01
RMC0126_I	0.0	0.01
RC02235_I	0.01	0.01
RC08183_X	0.0	0.01
RC00100_X	0.01	0.01
RC02396_X	0.0	0.01
RC03956_I	0.01	0.01
RC08183_I	0.0	0.01
RCC0174_X	0.0	0.01
RC02396_I	0.0	0.01
RC00100_I	0.01	0.01
RC03956_X	0.01	0.01
RC01768_X	0.0	0.01
RM00267_I	0.0	0.01
RCC0180_X	0.0	0.01
RC07140_X	0.01	0.01
RC00289_X	0.01	0.01
RC00158_I	0.01	0.01
RM08505_X	0.0	0.00124953103107
RCC0180_I	0.0	0.01
RC07140_I	0.01	0.01
RC01231_X	0.0	0.01
RM00239_X	0.0	0.01
TCM5048_I	0.0	0.01
RC07377_I	0.01	0.01
RC01969_X	0.01	0.01
RC07377_X	0.01	0.01
RC00570_I	0.01	0.01
TCM5001_X	0.0	0.01
RM07273_X	0.0	0.01
RC00570_X	0.01	0.01
RCC0101_X	0.0	0.01
TCM5001_I	0.0	0.01
RM07273_I	0.0	0.01
RC04176_X	0.0	0.01
RC01931_X	0.01	0.01
RC04176_I	0.0	0.01
RC01231_I	0.0	0.01
RC01009_I	0.01	0.01
RM00335_X	0.0	0.01
RC02531_I	0.01	0.01
RM04738_I	0.01	0.01
TCM5009_I	0.0	0.01
RC03665_X	0.0	0.01
RC01009_X	0.01	0.01
RM00335_I	0.0	0.01
RC02531_X	0.01	0.01
TCM5009_X	0.0	0.01
RM04738_X	0.01	0.01
RC06262_I	0.0	0.01
RCC0001_X	0.01	0.01
RCC0111_I	0.0	0.01
RM08657_I	0.0	0.01
RC07379_X	0.0	0.01
RCC0001_I	0.01	0.01
RC08383_I	0.01	0.00886702019932
RM08657_X	0.0	0.01
RC08381_X	0.000920503667122	0.00794651653217
RM02619_I	0.01	0.01
RC01799_I	0.01	0.01
RC01041_X	0.01	0.01
RC08381_I	0.000920503667146	0.00794651653223
RM02619_X	0.01	0.01
RC01041_I	0.01	0.01
RC01799_X	0.01	0.01
RC07396_I	0.0	0.01
RC01494_I	0.0	0.01
RC01415_I	0.01	0.01
RC01496_X	0.01	0.01
RC05050_X	0.0	0.01
RC07396_X	0.0	0.01
RC01415_X	0.01	0.01
RC01494_X	0.0	0.01
RC01496_I	0.01	0.01
RC05050_I	0.0	0.01
RC05052_X	0.0	0.01
RC07392_I	0.0	0.01
RC02743_I	0.0	0.01
RC07379_I	0.0	0.01
RC01819_I	0.01	0.01
RC01082_X	0.01	0.01
RC05052_I	0.0	0.01
RC00685_X	0.0	0.01
RCC0111_X	0.0	0.01
RC07392_X	0.0	0.01
RC02743_X	0.0	0.01
RC02297_I	0.01	0.01
RC01082_I	0.01	0.01
TCM5002_I	0.0	0.01
RC02265_X	0.01	0.01
TCM5002_X	0.0	0.01
RC02265_I	0.01	0.01
RC04230_I	0.0	0.0023139425148
RM08759_X	0.01	0.00124953103108
RC00434_X	0.0	0.01
RC00699_X	0.0	0.01
RC09319_I	0.0	0.000407801942489
RM00410_X	0.01	0.01
RM08759_I	0.01	0.00124953103108
RC00434_I	0.0	0.01
RC00200_X	0.0	0.01
RM00410_I	0.01	0.01
RC01795_X	0.0	0.01
RCC0033_X	0.0	7.1794156783e-05
RC00181_X	0.0	0.01
RC01795_I	0.0	0.01
RC02017_X	0.0	0.01
RC00181_I	0.0	0.01
RC06260_X	0.0	0.01
RC08383_X	0.01	0.00886702019932
RC01793_I	0.0	0.01
RC02269_X	0.01	0.01
RC00183_I	0.0	0.01
RC01268_I	0.0	0.01
RC00185_X	0.0	0.01
RC01793_X	0.0	0.01
RC02269_I	0.01	0.01
RC01268_X	0.0	0.01
RC00183_X	0.0	0.01
RC00185_I	0.0	0.01
RCC0120_I	0.0	0.00893782913425
RC03055_I	0.01	0.01
RCC0120_X	0.0	8.98296840198e-05
RC03055_X	0.01	0.01
RM01465_X	0.01	0.01
RCC0124_I	0.0	0.01
RC01639_I	0.0	0.01
RCC0126_X	0.0	0.01
RM01465_I	0.01	0.01
RC01998_X	0.01	0.01
RCC0124_X	0.0	0.01
RCC0126_I	0.0	0.01
RC06260_I	0.0	0.01
RC02577_X	0.01	0.01
RC02294_X	0.01	0.01
RMC0132_I	0.0	3.5906532871e-05
RC01512_X	0.01	0.01
RC08224_X	0.01	0.01
RC02577_I	0.01	0.01
RC02294_I	0.01	0.01
RC01512_I	0.01	0.01
RC08224_I	0.01	0.01
RC05969_X	0.01	0.01
RC02748_I	0.01	0.01
RC01514_I	0.0	0.01
RC02748_X	0.01	0.01
RC05969_I	0.01	0.01
RC04326_X	0.01	0.01
RC01514_X	0.0	0.01
RC01639_X	0.0	0.01
RM02300_X	0.0	0.01
RCC0053_I	0.0	0.01
RCC0053_X	0.0	0.01
RC01127_I	0.01	0.01
RM04138_I	0.0	0.01
RMC0132_X	0.0	3.58970783914e-05
RC02902_I	0.0	0.00161353512059
RM04138_X	0.0	0.01
RC02902_X	0.0	0.00161353512059
RC01103_I	0.0	0.000724814257537
RC10633_I	0.01	0.01
RCC0128_I	0.0	0.01
RC10633_X	0.01	0.01
RCC0128_X	0.0	0.01
RC00188_I	0.0	0.01
RC01123_X	0.01	0.01
RCC0051_X	0.0	0.01
RC02737_I	0.0	0.01
RC00188_X	0.0	0.01
RC01123_I	0.01	0.01
RCC0051_I	0.0	0.01
RC02737_X	0.0	0.01
RC04807_X	0.0	0.00124953103107
RC07389_I	0.01	0.01
RM04744_X	0.01	0.01
RCC0070_X	0.0	0.01
RC07389_X	0.01	0.01
RM04744_I	0.01	0.01
RC06171_I	0.01	0.01
RE00548_X	0.0	0.01
RM04746_I	0.01	0.01
RM00248_X	0.01	0.01
RC06171_X	0.01	0.01
RM04746_X	0.01	0.01
RE00548_I	0.0	0.00164941824756
RM00248_I	0.01	0.01
RC04300_I	0.0	0.01
RC00424_X	0.0	0.01
RM03524_I	0.00428502137868	0.01
RC04300_X	0.0	0.01
RC08734_I	0.01	0.00124953103108
RC01616_X	0.0	0.01
RC04807_I	0.0	0.00124953103107
RCC0070_I	0.0	0.01
RC02869_X	0.0	0.01
RC08734_X	0.01	0.00124953103108
RC01616_I	0.0	0.01
RC02869_I	0.0	0.01
RM03650_X	0.0	0.00421288998786
RC02018_X	0.0	0.01
RC02640_X	0.01	0.01
RM00713_I	0.0	0.01
RM00711_X	0.0	0.01
RCC0156_I	0.0	0.01
RM03650_I	0.0	0.0042136890968
RM02301_I	0.0	0.01
RC02018_I	0.0	0.01
RC02640_I	0.01	0.01
RM00713_X	0.0	0.01
RCC0156_X	0.0	0.01
RM00711_I	0.0	0.01
RC01758_X	0.01	0.01
RC00424_I	0.0	0.01
RC08218_X	0.0	0.01
RC06983_X	0.01	0.01
RM03654_X	0.0	0.01
RC01758_I	0.01	0.01
RC06983_I	0.01	0.01
RM03656_X	0.0	0.01
RM03654_I	0.0	0.01
RC07933_I	0.0	0.01
RC07933_X	0.0	0.01
RCC0152_I	0.0	0.01
RCC0152_X	0.0	0.01
RM03659_X	0.0	0.00994660165859
RCC0118_I	0.0	0.01
RC00277_I	0.0	0.00295540903753
RC00275_X	0.0	0.01
RM02765_I	0.01	0.01
RCC0151_I	0.0	0.01
RM03659_I	0.0	0.0099484883488
RCC0118_X	0.0	0.01
RC04452_I	0.0	0.01
RC00277_X	0.0	0.00295540903753
RC00275_I	0.0	0.01
RM02765_X	0.01	0.01
RCC0151_X	0.0	0.01
RC07172_X	0.0	0.01
RCC0114_I	0.0	0.01
RCC0116_X	0.0	0.01
RC07172_I	0.0	0.01
RCC0114_X	0.0	0.01
RCC0116_I	0.0	0.01
RM00243_X	0.01	0.01
RC04591_I	0.01	0.01
RC00895_I	0.01	0.01
RC00278_I	0.0	0.01
RM00243_I	0.01	0.01
RC04591_X	0.01	0.01
RC00278_X	0.0	0.01
RC00895_X	0.01	0.01
RC00899_X	0.0	0.01
RC08193_I	0.01	0.01
RC02697_I	0.01	0.01
RC02695_X	0.01	0.01
RC04452_X	0.0	0.01
RM03991_I	0.01	0.01
RC00899_I	0.0	0.01
RC08193_X	0.01	0.01
RC02697_X	0.01	0.01
RC02695_I	0.01	0.01
RM03991_X	0.01	0.01
RC02017_I	0.0	0.01
RMC0003_I	0.0	0.01
RC01710_I	0.0	0.00295540903753
RC01664_X	0.0	0.01
RC09035_I	0.01	0.01
RC03018_X	0.0	0.0023139425148
RC01710_X	0.0	0.00295540903753
RMC0003_X	0.0	0.01
RC01664_I	0.0	0.01
RC09035_X	0.01	0.01
RC01975_X	0.01	0.01
RC04144_X	0.01	0.01
RC01095_I	0.01	0.01
RC01975_I	0.01	0.01
RC01095_X	0.01	0.01
RC04144_I	0.01	0.01
RM03989_I	0.0	0.01
RCC0110_I	0.0	0.01
RC00155_X	0.0	0.01
RCC0110_X	0.0	0.01
RC00155_I	0.0	0.01
RMC0007_I	0.0	0.01
RM00344_I	0.0	0.01
RC03601_I	0.01	0.00338380258398
RC07109_I	0.01	0.01
RMC0007_X	0.0	0.01
RM00344_X	0.0	0.01
RC03601_X	0.01	0.01
RC07109_X	0.01	0.01
RCC0088_I	0.0	0.01
RM03158_X	0.0	0.01
RC00582_X	0.0	0.01
RMC0004_X	0.0	0.01
RC01876_X	0.01	0.01
RM00197_I	0.0	0.01
RC07384_X	0.01	0.01
RCC0088_X	0.0	0.01
RM03158_I	0.0	0.01
RC00582_I	0.0	0.01
RC01876_I	0.01	0.01
RMC0004_I	0.0	0.01
RM00197_X	0.0	0.01
RC07384_I	0.01	0.01
RCC0082_X	0.0	0.01
RC00549_X	0.0	0.01
RM04741_I	0.01	0.01
RC00549_I	0.0	0.01
RCC0082_I	0.0	0.01
RM04741_X	0.01	0.01
RC04780_I	0.0	0.01
RC00905_I	0.0	0.01
RMC0088_I	0.0	0.01
RC04780_X	0.0	0.01
RMC0088_X	0.0	0.01
RC00905_X	0.0	0.01
RC00507_I	0.0	0.01
RMC0008_X	0.0	0.01
RM04749_I	0.01	0.01
RC08981_X	0.0	0.01
RC07380_X	0.01	0.01
RM00751_I	0.01	0.01
RMC0008_I	0.0	0.01
RC08981_I	0.0	0.01
RM04749_X	0.01	0.01
RC07380_I	0.01	0.01
RC02464_X	0.0	0.01
RC05578_I	0.0	0.01
RCC0019_X	0.01	0.01
RC01787_X	0.01	0.01
RC01829_I	0.01	0.01
RC00941_X	0.0	0.01
RC01010_X	0.0	0.01
RC02464_I	0.0	0.01
TCM5052_I	0.0	0.01
RC05578_X	0.0	0.01
RCC0019_I	0.01	0.01
RC01787_I	0.01	0.01
RC00941_I	0.0	0.01
RC01829_X	0.01	0.01
RC01010_I	0.0	0.01
RC02466_I	0.0	0.01
RC02250_I	0.0	0.01
RC04545_I	0.0	0.01
RC02250_X	0.0	0.01
RC02466_X	0.0	0.01
RC04545_X	0.0	0.01
RC03302_X	0.01	0.01
RC03720_X	0.0	0.00124953103107
RC01092_I	0.0	0.01
RC01055_I	0.01	0.01
RC03302_I	0.01	0.01
RC03720_I	0.0	0.00124953103107
RC09319_X	0.0	0.000407724603203
RC01092_X	0.0	0.01
RC01055_X	0.01	0.01
RC01057_I	0.01	0.01
RC00508_X	0.0	0.01
RC03300_I	0.0	0.01
RC00945_X	0.01	0.01
RC03659_X	0.0	0.01
RC01057_X	0.01	0.01
RC00508_I	0.0	0.01
RC03300_X	0.0	0.01
RC00945_I	0.01	0.01
RCC0081_I	0.0	0.01
RCC0087_X	0.0	0.01
RM00927_X	0.01	0.01
RM03858_I	0.01	0.01
RC02286_I	0.0	0.01
RC02288_X	0.0	0.01
RCC0081_X	0.0	0.01
RCC0087_I	0.0	0.01
RM00927_I	0.01	0.01
RM03858_X	0.01	0.01
RC02286_X	0.0	0.01
RC02288_I	0.0	0.01
RC02090_I	0.01	0.01
RCC0085_I	0.0	0.01
RC01931_I	0.01	0.01
RC01547_X	0.01	0.01
RCC0119_X	0.0	0.01
RC02090_X	0.01	0.01
RCC0085_X	0.0	0.01
RM00489_I	0.0	0.01
RCC0119_I	0.0	0.01
RC01547_I	0.01	0.00223228221869
RM05064_I	0.0	0.01
RM03857_I	0.01	0.01
RM05064_X	0.0	0.01
RM03857_X	0.01	0.01
RM03815_X	0.01	0.01
RM03815_I	0.01	0.01
RM01931_X	0.01	0.01
RM08761_X	0.0	0.00124953103107
RM03225_I	0.01	0.01
RC00426_X	0.0	0.01
RM08761_I	0.0	0.00124953103107
RM03225_X	0.01	0.01
RC00426_I	0.0	0.01
RCC0063_I	0.0	0.01
RC02485_I	0.0	0.01
RCC0065_X	0.0	0.01
RMC0087_I	0.0	0.01
RC04420_X	0.01	0.01
RM00112_I	0.01	0.01
RC02485_X	0.0	0.01
RCC0063_X	0.0	0.01
RCC0065_I	0.0	0.01
RC04420_I	0.01	0.01
RMC0087_X	0.0	0.01
RM00112_X	0.01	0.01
RMC0122_I	0.0	0.01
RM01175_X	0.01	0.01
RMC0120_X	0.0	8.98296840197e-05
RM01175_I	0.01	0.01
RMC0122_X	0.0	0.01
RMC0120_I	0.0	0.00893782913425
RC01154_X	0.0	0.01
RM01177_I	0.01	0.01
RC02098_I	0.01	0.01
RC09510_X	0.0	0.01
RC01000_X	0.01	0.01
RC01154_I	0.0	0.01
RM01177_X	0.01	0.01
RC02098_X	0.01	0.01
RC09510_I	0.0	0.01
RC02914_I	0.0	0.01
RC03659_I	0.0	0.01
TCM5050_X	0.0	0.01
RC00585_X	0.01	0.01
RC00754_X	0.01	0.01
RCC0010_X	0.0	0.01
RCC0068_I	0.0	0.01
TCM5052_X	0.0	0.01
RC02914_X	0.0	0.01
TCM5050_I	0.0	0.01
RC00585_I	0.01	0.01
RC00754_I	0.01	0.01
RCC0068_X	0.0	0.01
RC00710_I	0.0	0.01
RC03655_I	0.0	0.01
RC03657_X	0.0	0.01
RC01372_I	0.0	0.01
RC07324_I	0.0	0.01
DMN0073_X	0.0	0.01
RM00115_X	0.0	0.01
RC00710_X	0.0	0.01
RC03655_X	0.0	0.01
RC01372_X	0.0	0.01
RC03657_I	0.0	0.01
DMN0073_I	0.0	0.01
RC07324_X	0.0	0.01
RC03430_I	0.0	0.01
RM00115_I	0.0	0.01
RCC0067_I	0.0	0.01
RC03875_I	0.0	0.01
RC03346_I	0.0	0.01
RC01234_I	0.0	0.01
RCC0067_X	0.0	0.01
RC03875_X	0.0	0.01
RC01000_I	0.01	0.01
RC03430_X	0.0	0.01
RC01234_X	0.0	0.01
RC04903_X	0.0	0.01
RC04903_I	0.0	0.01
RM04433_X	0.0	0.01
RCC0021_I	0.0	0.01
RC00494_X	0.01	0.01
RM03665_X	0.0	0.01
RCC0021_X	0.0	0.01
TCM5011_I	0.0	0.01
RC00494_I	0.01	0.01
RM03665_I	0.0	0.01
RM00710_X	0.0	0.01
RC01186_X	0.0	0.01
RE00160_I	0.0	0.01
RC01186_I	0.0	0.01
RCC0122_X	0.0	0.01
RM00472_X	0.0	0.01
TCE5019_I	0.0	0.01
RC02173_I	0.0	0.01
BIO0003_X	0.0	0.01
RCC0060_X	0.0	0.01
RC02521_X	0.0	0.01
TCE5019_X	0.0	0.01
RC02173_X	0.0	0.01
BIO0003_I	0.0	0.01
RC02521_I	0.0	0.01
RCC0060_I	0.0	0.01
RC00342_X	0.01	0.01
RM03663_I	0.0	0.01
RM03661_X	0.0	0.01
RC02037_X	0.0	0.01
RC00342_I	0.01	0.01
RM03663_X	0.0	0.01
RM03661_I	0.0	0.01
RM00710_I	0.0	0.01
RC02037_I	0.0	0.01
RM03451_X	0.0	0.01
RC00885_I	0.01	0.01
RCC0147_I	0.0	0.00570946679069
RCC0122_I	0.0	0.01
RC00885_X	0.01	0.01
RM03451_I	0.0	0.01
RCC0147_X	0.0	0.01
RC00160_I	0.0	0.01
RC00694_X	0.01	0.01
RC05982_X	0.0	0.01
RM01648_X	0.01	0.01
RC00650_X	0.0	0.01
RC00160_X	0.0	0.01
RC05982_I	0.0	0.01
RC00694_I	0.01	0.01
RM01648_I	0.01	0.01
RC00650_I	0.0	0.01
RC01830_I	0.01	0.01
RC01384_X	0.0	0.01
RC01184_I	0.0	0.01
RM00239_I	0.0	0.01
RC09371_I	0.0	0.01
RCC0153_I	0.0	0.01
RC01830_X	0.01	0.01
RC01384_I	0.0	0.01
RC01184_X	0.0	0.01
RC09371_X	0.0	0.01
RC03283_X	0.0	0.01
RC01334_I	0.0	0.00315767715181
RC01844_X	0.01	0.01
RC04823_X	0.0	0.00124953103107
RC01968_X	0.0	0.01
RM02678_I	0.0	0.01
RC03283_I	0.0	0.01
RC01334_X	0.0	0.00315767715181
RC01844_I	0.01	0.01
RC01968_I	0.0	0.01
RC04823_I	0.0	0.00124953103107
RM02678_X	0.0	0.01
RM04203_X	0.01	0.01
RCC0106_I	0.0	0.00893782913425
RC01998_I	0.01	0.01
RCC0104_X	0.0	0.01
RC01704_I	0.01	0.01
RM03655_X	0.0	0.00866401610891
RC04513_X	0.0	0.01
RC00220_X	0.0	0.01
RM04203_I	0.01	0.01
RCC0106_X	0.0	8.9829610676e-05
RCC0104_I	0.0	0.01
RC01704_X	0.01	0.01
RC04513_I	0.0	0.01
RC00220_I	0.0	0.01
RM03038_X	0.0	0.01
RMC0058_X	0.0	0.01
RMC0011_I	0.0	0.01
RM01492_I	0.01	0.000463439912892
RM01923_X	0.0	0.01
RMC0011_X	0.0	0.01
RC02687_I	0.0	0.01
TCE5113_X	0.0	0.01
RC05980_I	0.0	0.01
RC00698_X	0.01	0.01
RC01926_I	0.0	0.01
RCC0102_X	0.0	0.01
RC02687_X	0.0	0.01
TCE5113_I	0.0	0.01
RC05980_X	0.0	0.01
RC00698_I	0.01	0.01
RC01926_X	0.0	0.01
RCC0102_I	0.0	0.01
RC00267_I	0.0	0.01
RC00261_X	0.0	0.01
RC02750_I	0.0	0.00360204964404
TCE5111_I	0.0	0.01
RC02038_X	0.01	0.01
RM03905_I	0.01	0.01
RM00238_X	0.01	0.01
RC00267_X	0.0	0.01
RC00261_I	0.0	0.01
TCE5111_X	0.0	0.01
RC02750_X	0.0	0.00360204964404
RM03905_X	0.01	0.01
RC02038_I	0.01	0.01
RCC0134_X	0.0	0.01
TCE5085_X	0.01	0.01
RM00238_I	0.01	0.01
RC03321_I	0.01	0.01
TCM5057_X	0.0	0.01
RC02051_I	0.01	0.01
RC01961_I	0.0	0.01
RC03321_X	0.01	0.01
TCM5057_I	0.0	0.01
RC02746_X	0.0	0.01
RC01961_X	0.0	0.01
RC01431_X	0.01	0.01
RCC0098_I	0.0	0.01
TCM5055_I	0.0	0.01
RC00511_I	0.0	0.01
RC03658_X	0.0	0.01
RC02364_X	0.0	0.01
RC01431_I	0.01	0.01
RCC0098_X	0.0	0.01
RC00511_X	0.0	0.01
TCM5055_X	0.0	0.01
RC03658_I	0.0	0.01
RC02364_I	0.0	0.01
RC01969_I	0.01	0.01
RC05989_I	0.0	0.01
RC04480_I	0.01	0.01
RC02323_I	0.0	0.01
RMC0094_I	0.0	0.01
RC00127_I	0.01	0.01
RC00192_I	0.01	0.01
RC05989_X	0.0	0.01
RC04480_X	0.01	0.01
RC02323_X	0.0	0.01
RMC0094_X	0.0	0.01
RC00127_X	0.01	0.01
RMC0098_X	0.0	0.01
TCE5085_I	0.01	0.01
RC00190_I	0.0	0.01
RC01021_X	0.0	0.01
RC02557_I	0.01	0.01
RMC0098_I	0.0	0.01
RC00190_X	0.0	0.01
RC01021_I	0.0	0.01
RC02557_X	0.01	0.01
RC02746_I	0.0	0.01
RM00472_I	0.0	0.01
RC04073_X	0.0	0.01
RC01061_I	0.01	0.01
RC03376_X	0.01	0.00159879534721
RC03618_X	0.01	0.01
TCM5011_X	0.0	0.01
RC04073_I	0.0	0.01
RC01061_X	0.01	0.01
RC03376_I	0.01	0.00159909861043
RM02161_X	0.01	0.01
RC03618_I	0.01	0.01
RC00291_X	0.01	0.01
RC00291_I	0.01	0.01
RC04404_I	0.0	0.01
RC03681_X	0.0	0.01
RM04753_X	0.0	0.01
RC03664_I	0.0	0.01
RC00009_X	0.0	0.01
TCM1285_I	0.01	0.01
RC02142_I	0.0	0.01
RC01802_X	0.01	0.01
RC03681_I	0.0	0.01
RM04753_I	0.0	0.01
RC00009_I	0.0	0.01
RC02142_X	0.0	0.01
RCC0032_X	0.01	0.0001076912352
RE00160_X	0.0	0.01
RC01802_I	0.01	0.01
RC01470_I	0.0	0.01
RM04751_I	0.01	0.01
RCC0090_I	0.0	0.01
RC01470_X	0.0	0.01
RM04751_X	0.01	0.01
RCC0090_X	0.0	0.01
RC02678_X	0.0	0.01
RC03596_I	0.01	0.01
RMC0117_I	0.0	0.01
RM04096_X	0.0	0.01
RMC0115_X	0.0	0.01
RC06263_X	0.0	0.01
RC03596_X	0.01	0.01
RC02678_I	0.0	0.01
RMC0117_X	0.0	0.01
RMC0115_I	0.0	0.01
RM04096_I	0.0	0.01
TCM5049_X	0.0	0.01
RC06263_I	0.0	0.01
RC06261_X	0.0	0.01
RC07761_I	0.0	0.01
RMC0113_I	0.0	0.01
RMC0111_X	0.0	0.01
RC06261_I	0.0	0.01
RCC0032_I	0.01	0.000107719598589
RC07761_X	0.0	0.01
RMC0113_X	0.0	0.01
RMC0111_I	0.0	0.01
RCC0214_I	0.0	0.01
RC00293_I	0.0	0.01
RC02240_I	0.0	0.01
RMC0118_I	0.0	0.01
RC00512_I	0.01	0.01
RCC0214_X	0.0	0.01
RC00293_X	0.0	0.01
RC02240_X	0.0	0.01
RMC0118_X	0.0	0.01
RC00512_X	0.01	0.01
RCC0210_I	0.0	0.01
RC01100_I	0.0	0.00141148191195
RCC0210_X	0.0	0.01
RC01100_X	0.0	0.00141148191195
RMC0014_X	0.0	0.01
RC02088_X	0.0	0.01
RC04734_X	0.0	0.01
RMC0154_X	0.0	0.01
RC00851_X	0.0	0.01
RC02102_X	0.0	0.01
RC02088_I	0.0	0.01
RC04734_I	0.0	0.01
RC00851_I	0.0	0.01
RMC0154_I	0.0	0.01
RC02102_I	0.0	0.01
RC02100_X	0.0	0.01
RC08379_X	0.01	0.01
RCC0108_I	0.0	0.01
RC02100_I	0.0	0.01
RC08379_I	0.01	0.01
RC01127_X	0.01	0.01
RCC0095_X	0.0	0.01
RC02061_I	0.0	0.000107719598613
RC03104_X	0.01	0.01
RCC0093_X	0.0	0.01
RC02556_I	0.0	0.01
RC02061_X	0.0	0.000107691235175
RCC0095_I	0.0	0.01
RC03104_I	0.01	0.01
RC01923_X	0.0	0.01
RC03106_X	0.0	0.01
RC02757_X	0.0	0.01
RCC0097_I	0.0	0.01
RM00432_X	0.01	0.01
RC03106_I	0.0	0.01
RCC0109_I	0.0	0.01
RC02757_I	0.0	0.01
RCC0097_X	0.0	0.01
RM00432_I	0.01	0.01
RM02661_X	0.01	0.01
RC06264_I	0.0	0.01
RCC0079_I	0.0	0.01
RM02661_I	0.01	0.01
RCC0079_X	0.0	0.01
RC06264_X	0.0	0.01
RC02382_X	0.0	0.01
RC04674_I	0.0	0.00382894299142
RC00359_X	0.0	0.00365755791884
RC01402_I	0.01	0.01
RMC0184_X	0.0	0.01
RC04674_X	0.0	0.00382894299142
RC02382_I	0.0	0.01
RC01402_X	0.01	0.01
RC00359_I	0.0	0.00365755791884
RMC0184_I	0.0	0.01
RC02556_X	0.0	0.01
RC02719_I	0.0	0.01
RMC0093_X	0.0	0.01
RM08771_I	0.0	0.01
RC02719_X	0.0	0.01
RM02161_I	0.01	0.01
RMC0093_I	0.0	0.01
RMC0091_X	0.0	0.01
RM08773_I	0.0	0.01
RC04867_X	0.0	0.01
RC00199_I	0.0	0.01
RM08773_X	0.0	0.01
RMC0091_I	0.0	0.01
RC04867_I	0.0	0.01
RC00199_X	0.0	0.01
RC03665_I	0.0	0.01
RC01815_I	0.0	0.01
RM00734_I	0.01	0.01
RM01282_X	0.01	0.01
RC01815_X	0.0	0.01
TCM5048_X	0.0	0.01
RM00734_X	0.01	0.01
RM01282_I	0.01	0.01
RCC0033_I	0.0	7.1813065742e-05
RCC0031_X	0.0	0.01
RC00352_X	0.0	0.01
RC01819_X	0.01	0.01
RCC0031_I	0.0	0.01
RC00352_I	0.0	0.01
RC08969_I	0.0	0.01
RC04326_I	0.01	0.01
RC00720_I	0.0	0.01
RC00722_X	0.01	0.01
RM02529_X	0.0	0.01
RC03661_X	0.0	0.01
RC08969_X	0.0	0.01
DGR0028_I	0.0	0.01
RC00720_X	0.0	0.01
RC00722_I	0.01	0.01
RM02529_I	0.0	0.01
RC03661_I	0.0	0.01
RCC0224_X	0.0	0.01
RC03663_X	0.0	0.01
RM00209_I	0.0	0.01
RCC0072_I	0.0	0.01
RM02085_I	0.01	0.01
RM03776_I	0.0	0.01
RC03663_I	0.0	0.01
RCC0224_I	0.0	0.01
RCC0072_X	0.0	0.01
RM03776_X	0.0	0.01
RMC0100_I	0.0	0.01
RC05970_I	0.0	0.01
RC05976_X	0.0	0.01
RC12124_I	0.0	0.01
RC05970_X	0.0	0.01
RC05976_I	0.0	0.01
RCC0123_I	0.0	0.01
RC12124_X	0.0	0.01
RM01278_I	0.0	0.01
RC09752_X	0.01	0.01
RC03648_X	0.0	0.01
RM01278_X	0.0	0.01
RC09752_I	0.01	0.01
RM01082_X	0.01	0.01
RM00833_I	0.01	0.01
RM02085_X	0.01	0.01
RCC0145_I	0.0	0.01
RCC0037_I	0.0	0.01
RCC0143_X	0.0	0.00614566271589
RC08759_I	0.01	0.00124953103108
RM01082_I	0.01	0.01
RM00833_X	0.01	0.01
RC02541_I	0.0	0.01
RCC0037_X	0.0	0.01
RC08759_X	0.01	0.00124953103108
RC00768_X	0.0	0.01
RC01529_I	0.01	0.01
TCM5015_I	0.0	0.01
RCC0219_I	0.0	0.01
RC05972_I	0.0	0.01
RC01529_X	0.01	0.01
RC00768_I	0.0	0.01
RCC0219_X	0.0	0.01
TCM5015_X	0.0	0.01
RC05972_X	0.0	0.01
RC00251_I	0.0	0.01
RC01281_X	0.0	0.01
RC00253_X	0.0	0.01
RC01528_X	0.0	0.01
RC00178_I	0.0	0.01
RC01281_I	0.0	0.01
RC00251_X	0.0	0.01
RC00253_I	0.0	0.01
RC01528_I	0.0	0.01
RCC0153_X	0.0	0.01
RC00178_X	0.0	0.01
RCC0145_X	0.0	0.01
RMC0024_X	0.0	0.00440136577174
RC01132_I	0.0	0.01
RC01130_X	0.0	0.01
RC01959_X	0.0	0.01
RC00257_X	0.0	0.01
RM00781_X	0.0	0.01
RCC0143_I	0.0	0.00614566271589
RMC0024_I	0.0	0.00440136577181
RC01132_X	0.0	0.01
RC01130_I	0.0	0.01
RC00257_I	0.0	0.01
RM00781_I	0.0	0.01
RC01326_I	0.0	0.01
RC02619_I	0.01	0.01
TCE5006_X	0.0	0.01
RC01326_X	0.0	0.01
RC02619_X	0.01	0.01
RCC0175_I	0.0	7.94551320753e-05
RM00081_I	0.0	0.01
RC03038_I	0.0	0.01
RC00174_I	0.0	0.00890146839053
RC01121_I	0.0	0.01
RCC0175_X	0.0	7.94400637331e-05
RM00081_X	0.0	0.01
RC03038_X	0.0	0.01
RC00174_X	0.0	0.00890146839053
RC05979_I	0.0	0.01
RC02331_X	0.01	0.01
RC01959_I	0.0	0.01
RC02389_X	0.0	0.00082921124791
TCM1277_I	0.01	0.01
RC04025_I	0.0	0.01
RM03045_I	0.01	0.01
RC01951_X	0.01	0.00294319736952
RC05979_X	0.0	0.01
RC02331_I	0.01	0.01
RC02389_I	0.0	0.00082921124791
RM02050_I	0.01	0.01
RCC0148_I	0.0	0.01
TCM1277_X	0.01	0.01
RM03045_X	0.01	0.01
RC01951_I	0.01	0.00294319736952
RMC0023_X	0.0	0.00440136577168
TCE5006_I	0.000886263049665	0.01
RC03394_X	0.0	0.01
RMC0023_I	0.0	0.00440136577168
RC03394_I	0.0	0.01
RC04209_X	0.01	0.01
RC01121_X	0.0	0.01
RC00602_X	0.0	0.01
DGR0019_I	0.0	0.01
RC04209_I	0.01	0.01
RC00602_I	0.0	0.01
RC01134_I	0.0	0.01
RM07411_I	0.0	0.00088626304966
RC03245_I	0.0	0.01
RM03425_X	0.01	0.01
TCM0111_I	0.0	0.01
RC02335_I	0.0	0.01
RM07411_X	0.0	0.00088626304966
RC03245_X	0.0	0.01
RM03425_I	0.01	0.01
RC02335_X	0.0	0.01
TCM0111_X	0.0	0.01
RC08174_I	0.0	0.01
RM02050_X	0.01	0.01
RC07168_X	0.01	0.01
RC08174_X	0.0	0.01
TCE5006_L	0.0	0.00088626304966
RC07168_I	0.01	0.01
RM00369_X	0.01	0.01
RCC0038_I	0.0	0.01
RC01814_X	0.0	0.01
RM00842_I	0.01	0.01
RM00369_I	0.01	0.01
RM04742_I	0.01	0.01
RCC0038_X	0.0	0.01
RC01814_I	0.0	0.01
RM05052_I	0.0	0.01
RM00842_X	0.01	0.01
RC01351_I	0.01	0.01
RC06099_I	0.01	0.01
RC01351_X	0.01	0.01
RC06099_X	0.01	0.01
RC00961_X	0.01	0.01
TCE5086_I	0.00124953103108	0.01
RM00216_I	0.0	0.01
RC00961_I	0.01	0.01
RM04742_X	0.01	0.01
TCE5086_X	0.0	0.01
RM00216_X	0.0	0.01
RCC0034_X	0.0	3.58970783915e-05
RM05052_X	0.0	0.01
RC00965_X	0.0	0.01
RC02668_X	0.0	0.01
RC04996_I	0.01	0.00382894299142
RC00965_I	0.0	0.01
RC02668_I	0.0	0.01
RC04996_X	0.01	0.00382894299142
RC03362_I	0.0	0.01
RM02566_X	0.0	0.01
RC04404_X	0.0	0.01
RC00527_X	0.01	0.01
RC00078_I	0.0	0.00227449955795
RC03362_X	0.0	0.01
RC05803_I	0.0	0.01
RM02566_I	0.0	0.01
RC00527_I	0.01	0.01
RC00078_X	0.0	0.00227449955795
RM02918_I	0.0	0.01
RMC0108_X	0.0	0.01
RC03991_X	0.0	0.01
TCM5012_X	0.0	8.98296840198e-05
RC00287_X	0.0	0.01
RC00963_X	0.0	0.01
RM02918_X	0.0	0.01
RMC0108_I	0.0	0.01
RC03991_I	0.0	0.01
TCE5084_L	0.00119706921379	0.01
RCC0034_I	0.0	3.5906532871e-05
RC00287_I	0.0	0.01
RC00963_I	0.0	0.01
RCC0181_I	0.0	0.01
RC02055_I	0.0	0.01
RC02057_X	0.01	0.01
RMC0075_I	0.0	0.01
RMC0077_X	0.0	0.01
RCC0181_X	0.0	0.01
RC02055_X	0.0	0.01
RC02057_I	0.01	0.01
RMC0075_X	0.0	0.01
RMC0077_I	0.0	0.01
RCC0185_I	0.0	0.01
RM00667_I	0.01	0.01
RCC0185_X	0.0	0.01
RM00667_X	0.01	0.01
RM04224_I	0.01	0.01
RM00585_X	0.01	0.01
RM08781_X	0.0	0.01
RM00945_I	0.01	0.01
RC02051_X	0.01	0.01
RC09845_I	0.0	7.1813065742e-05
RM00585_I	0.01	0.01
RM04224_X	0.01	0.01
RM08781_I	0.0	0.01
RMC0116_I	0.0	0.01
RM00945_X	0.01	0.01
RMC0105_X	0.0	0.01
RMC0107_I	0.0	0.01
RC02239_I	0.0	0.01
RM08774_I	0.0	0.01
RC02053_I	0.0	0.01
RC02239_X	0.0	0.01
RC00575_I	0.0	0.01
RC00988_X	0.01	0.01
RC00575_X	0.0	0.01
RC00988_I	0.01	0.01
RC00571_I	0.0	0.01
RC00573_X	0.0	0.01
TCM5051_X	0.0	0.01
RMC0116_X	0.0	0.01
RC00571_X	0.0	0.01
RC00573_I	0.0	0.01
RC02236_X	0.01	0.01
RC00847_I	0.0	0.01
RC03718_X	0.0	0.00124953103107
RM00908_X	0.01	0.01
RC02110_X	0.0	0.01
RMC0112_X	0.0	0.01
RC00847_X	0.0	0.01
RC02236_I	0.01	0.01
RC03718_I	0.0	0.00124953103107
RM00908_I	0.01	0.01
RC02110_I	0.0	0.01
RC06258_X	0.0	0.01
RC01724_X	0.01	0.01
RC01561_X	0.01	0.01
RC01724_I	0.01	0.01
RC06258_I	0.0	0.01
RC01561_I	0.01	0.01
RC03814_I	0.0	0.01
RM02488_I	0.0	0.01
TCE5086_L	0.0	0.00124953103107
RC00578_X	0.0	0.01
RC03814_X	0.0	0.01
RM02488_X	0.0	0.01
RC00578_I	0.0	0.01
RCC0134_I	0.0	0.01
RC03656_I	0.0	0.01
RC01318_I	0.01	0.01
RCC0042_X	0.0	0.000407724603203
RMC0112_I	0.0	0.01
RC01318_X	0.01	0.01
RMC0058_I	0.0	0.01
RCC0042_I	0.0	0.000407801942489
RCC0112_X	0.0	0.01
RC01049_I	0.01	0.01
RC04620_I	0.0	0.01
RM04432_X	0.01	0.01
RC01049_X	0.01	0.01
RC04620_X	0.0	0.01
RC09845_X	0.0	7.17941567831e-05
RM04432_I	0.01	0.01
RC04666_I	0.0	0.01
RC01083_X	0.01	0.01
RC01687_I	0.01	0.01
RC02665_I	0.0	0.01
RC04666_X	0.0	0.01
RC01083_I	0.01	0.01
RC01687_X	0.01	0.01
RC02665_X	0.0	0.01
RCC0058_I	0.0	0.01
RC04929_I	0.0	0.0033794016714
RM00130_I	0.0	0.0023139425148
RC00366_I	0.0	0.01
TCM5003_I	0.0	0.01
RC00939_X	0.01	0.01
RC04929_X	0.0	0.0033794016714
RM00706_X	0.0	0.01
RM00130_X	0.0	0.0023139425148
TCM5003_X	0.0	0.01
RC00939_I	0.01	0.01
RC01168_X	0.0	0.01
RC09394_X	0.0	0.00614566271589
RM00533_X	0.0	0.01
RC01269_X	0.0	0.01
RC07050_X	0.0	0.01
RC08761_I	0.0	0.00124953103107
RC01315_X	0.0	0.01
RC01168_I	0.0	0.01
RC09394_I	0.0	0.00614566271589
RC07050_I	0.0	0.01
RC08761_X	0.0	0.00124953103107
RC01315_I	0.0	0.01
RM01655_X	0.01	0.01
RC06364_X	0.01	0.01
RCC0040_I	0.0	0.00080328074246
RC06519_X	0.0	0.01
RC06364_I	0.01	0.01
RCC0040_X	0.0	0.000803128402255
RC06519_I	0.0	0.01
RC01001_X	0.0	0.01
RCC0058_X	0.0	0.01
RC03361_X	0.0	0.01
RC03416_X	0.0	0.01
RC01001_I	0.0	0.01
RC03361_I	0.0	0.01
RC03416_I	0.0	0.01
RC03181_X	0.0	0.01
RM02530_X	0.01	0.01
RM00533_I	0.0	0.01
RC01220_I	0.01	0.01
RCC0121_I	0.0	0.01
RM02530_I	0.01	0.01
RC03181_I	0.0	0.01
RC01220_X	0.01	0.01
RCC0121_X	0.0	0.01
RC01167_I	0.0	0.01
RCC0125_X	0.0	0.01
RC00102_I	0.0	0.01
RC01518_X	0.01	0.01
RC03004_I	0.0	0.01
RC01167_X	0.0	0.01
RCC0125_I	0.0	0.01
RCC0167_X	0.0	0.01
RC03004_X	0.0	0.01
RC01518_I	0.01	0.01
RC08223_X	0.01	0.01
RC01513_X	0.01	0.01
RC01682_X	0.0	0.01
RC02957_I	0.01	0.01
RC02295_I	0.01	0.01
RC02058_X	0.0	0.01
RC02749_X	0.01	0.01
RC01513_I	0.00130155247598	0.01
RC08223_I	0.01	0.01
RC00987_I	0.0	0.01
RC01682_I	0.0	0.01
RC02295_X	0.01	0.01
RC02749_I	0.01	0.01
RC02058_I	0.0	0.01
RC10065_I	0.01	0.01
RC01224_I	0.01	0.01
RC10065_X	0.01	0.01
RC01224_X	0.01	0.01
RC00670_X	0.0	0.01
RM02301_X	0.0	0.01
RC03866_I	0.0	0.01
RC01227_I	0.0	0.01
RC00670_I	0.0	0.01
RC05803_X	0.0	0.01
RC04230_X	0.0	0.0023139425148
RC03866_X	0.0	0.01
RC01227_X	0.0	0.01
RCC0168_I	0.0	0.01
RCC0168_X	0.0	0.01
RC02732_I	0.0	0.01
RC03552_X	0.01	0.01
RCC0127_I	0.0	0.01
RCC0129_X	0.0	0.01
RC03970_I	0.01	0.01
RM03656_I	0.0	0.01
RC02732_X	0.0	0.01
RC03552_I	0.01	0.01
RCC0127_X	0.0	0.01
RCC0129_I	0.0	0.01
RC02736_I	0.01	0.01
RM02433_X	0.01	0.01
RC01229_X	0.0	0.01
RM02433_I	0.01	0.01
RC02736_X	0.01	0.01
RC01229_I	0.0	0.01
RM00371_I	0.01	0.01
RMC0126_X	0.0	0.01
RM05051_I	0.0	0.01
RM00209_X	0.0	0.01
TCE5106_X	0.0	0.01
RM00371_X	0.01	0.01
RC08218_I	0.0	0.01
RM05051_X	0.0	0.01
RM01360_I	0.0	0.01
DGR0001_I	0.0	0.01
RC02397_X	0.0	0.01
TCE5084_X	0.01	0.01
RC07296_I	0.0	0.00124953103107
RM01360_X	0.0	0.01
RC02397_I	0.0	0.01
RC00703_I	0.01	0.01
RC01658_X	0.0	0.01
RC01769_X	0.0	0.01
RC08735_I	0.0	0.00124953103107
RC08733_X	0.0	0.00124953103107
RCC0018_I	0.0	0.01
RM01248_I	0.0	0.01
RC00703_X	0.01	0.01
RC01658_I	0.0	0.01
RC08735_X	0.0	0.00124953103107
RC01769_I	0.0	0.01
RC08733_I	0.0	0.00124953103107
RM01248_X	0.0	0.01
RM00513_X	0.0	0.01
RC06520_I	0.0	0.01
RC06522_X	0.0	0.01
RC04173_I	0.001301552476	0.01
RM00513_I	0.0	0.01
RC06520_X	0.0	0.01
RC04173_X	0.01	0.01
RC06522_I	0.0	0.01
RCC0206_X	0.0	0.01
RM03657_I	0.0	0.01
RM02300_I	0.0	0.01
TCE5084_I	0.01	0.01
RM03657_X	0.0	0.01
RM03655_I	0.0	0.00866565951587
RC07296_X	0.0	0.00124953103107
RC01655_X	0.01	0.01
RC02478_I	0.0	0.01
RM10151_X	0.0	0.01
RM04170_I	0.01	0.01
TCM5012_I	0.0	0.00893782913425
RCC0207_I	0.0	0.01
RM00716_X	0.01	0.01
RC02478_X	0.0	0.01
RC01655_I	0.01	0.01
RM10151_I	0.0	0.01
RM04170_X	0.01	0.01
RCC0207_X	0.0	0.01
RM00716_I	0.01	0.01
RM01868_X	0.0	0.01
RC04171_X	0.01	0.01
RC01498_X	0.0	0.01
RM04737_I	0.01	0.01
RM04739_X	0.01	0.01
RC00936_X	0.01	0.01
RM01868_I	0.0	0.01
RC01498_I	0.0	0.01
RC04171_I	0.01	0.01
RM04737_X	0.01	0.01
RM04739_I	0.01	0.01
RC00936_I	0.01	0.01
RCC0206_I	0.0	0.01
RM01025_I	0.01	0.01
TCM5053_X	0.0	0.01
RC00996_I	0.0	0.01
RC02957_X	0.01	0.01
RM03658_I	0.0	0.01
RMC0133_X	0.0	0.01
RC07759_I	0.01	0.01
RM01025_X	0.01	0.01
RMC0133_I	0.0	0.01
RM03658_X	0.0	0.01
RMC0103_I	0.0	0.01
RC00274_I	0.01	0.01
RC01896_X	0.01	0.01
RC03057_X	0.0	0.01
RC00978_X	0.01	0.01
RC02739_I	0.01	0.01
RC00274_X	0.01	0.01
RC08723_I	0.01	0.00124953103108
RC01896_I	0.01	0.01
RC00978_I	0.01	0.01
RC03057_I	0.0	0.01
RC02739_X	0.01	0.01
RM06985_X	0.0	0.01
RC00475_X	0.0	0.01
RM10092_X	0.01	0.01
RC02740_X	0.01	0.01
RC01495_I	0.0	0.01
TCM1285_X	0.01	0.01
RM00709_I	0.0	0.01
RC00475_I	0.0	0.01
RM10092_I	0.01	0.01
TCM5053_I	0.0	0.01
RC01495_X	0.0	0.01
RC02740_I	0.01	0.01
RC01497_I	0.0	0.01
RC05623_X	0.01	0.0081364430339
RM03534_X	0.01	0.01
RC01890_X	0.01	0.01
RC01497_X	0.0	0.01
RC07759_X	0.01	0.01
RMC0103_X	0.0	0.01
RC05623_I	0.01	0.00813644303389
RM03534_I	0.01	0.01
RC01890_I	0.01	0.01
RC01978_X	0.0	0.01
RC00235_X	0.0	0.01
RC00431_I	0.01	0.01
RC02016_I	0.0	0.01
RC00875_I	0.01	0.01
RC03970_X	0.01	0.01
RC00192_X	0.01	0.01
RC00235_I	0.0	0.01
RC01978_I	0.0	0.01
RC00431_X	0.01	0.01
RC02016_X	0.0	0.01
RC00875_X	0.01	0.01
RM06985_I	0.0	0.01
RMC0110_I	0.0	0.01
RC02908_X	0.0	0.01
RC01752_I	0.01	0.01
RC05916_I	0.01	0.01
RC02908_I	0.0	0.01
RC01752_X	0.01	0.01
RM00709_X	0.0	0.01
RC05916_X	0.01	0.01
RC01794_X	0.0	0.01
RC02519_I	0.0	0.01
RC00233_X	0.0	0.01
RM00275_I	0.0	0.01
RC01794_I	0.0	0.01
RC02519_X	0.0	0.01
RC00233_I	0.0	0.01
RC01269_I	0.0	0.01
RC02731_X	0.0	0.01
RC02222_X	0.0	0.01
RMC0006_I	0.0	0.01
RC01711_X	0.0	0.002955810735
RC02266_X	0.01	0.01
RC00028_I	0.0	0.00141148191195
RC02222_I	0.0	0.01
RC02731_I	0.0	0.01
RMC0006_X	0.0	0.01
RMC0110_X	0.0	0.01
RC01711_I	0.0	0.002955810735
RC02266_I	0.01	0.01
RC07387_X	0.0	0.01
TCE5105_X	0.0	0.01
RC02497_I	0.0	0.01
RMC0005_I	0.0	0.01
TCE5105_I	0.0	0.01
RC07387_I	0.0	0.01
RC02497_X	0.0	0.01
RMC0005_X	0.0	0.01
RC07385_I	0.01	0.01
RM04740_X	0.01	0.01
RC00548_X	0.0	0.01
RC07385_X	0.01	0.01
RM04740_I	0.01	0.01
RM00275_X	0.0	0.01
RC00548_I	0.0	0.01
RC04183_I	0.01	0.00109205817785
RC00332_X	0.01	0.01
RC01005_X	0.0	0.01
RM03026_X	0.01	0.01
RC01262_I	0.0	0.01
RC04183_X	0.01	0.00109205817785
RC00332_I	0.01	0.01
RM03026_I	0.01	0.01
RC01262_X	0.0	0.01
RC02493_I	0.0	0.00295540903753
RC00330_I	0.01	0.01
RC01993_I	0.01	0.01
RM04748_I	0.01	0.01
RC02493_X	0.0	0.00295540903753
RC00330_X	0.01	0.01
RC01993_X	0.01	0.01
RM04748_X	0.01	0.01
RM03103_I	0.0	0.01
TCE5019_L	0.0	0.01
RC03421_X	0.01	0.01
RC05577_I	0.0	0.01
RM03103_X	0.0	0.01
RC03421_I	0.01	0.01
RC05577_X	0.0	0.01
RC01468_X	0.0	0.01
RC01290_I	0.01	0.01
RC01011_I	0.0	0.01
RC01013_X	0.0	0.01
RC06521_X	0.0	0.01
RC01468_I	0.0	0.01
RC01290_X	0.01	0.01
RC01011_X	0.0	0.01
RC01013_I	0.0	0.01
RC06521_I	0.0	0.01
RCC0018_X	0.0	0.01
RC01093_X	0.01	0.01
TCE5020_X	0.0	0.01
RC01054_I	0.0	0.01
RC00748_X	0.0	0.01
RC01056_X	0.01	0.01
TCE5020_I	0.01	0.01
RC01093_I	0.01	0.01
TCE5020_L	0.0	0.00315461984402
RC01054_X	0.0	0.01
RC01056_I	0.01	0.01
RC00748_I	0.0	0.01
RMC0105_I	0.0	0.01
RCC0056_I	0.0	0.01
RCC0050_X	0.01	0.00124953103108
RC00509_I	0.01	0.01
RCC0056_X	0.0	0.01
RCC0050_I	0.01	0.00124953103108
RC00509_X	0.01	0.01
RM04743_I	0.01	0.01
RM01251_X	0.0	0.01
RM04745_X	0.01	0.01
RCC0055_X	0.0	0.00658955698589
RC07034_X	0.0	0.01
RCC0080_I	0.0	0.01
RCC0086_X	0.0	0.01
RC01870_I	0.01	0.01
RM00405_I	0.01	0.01
RM04743_X	0.01	0.01
RM04745_I	0.01	0.01
RM01251_I	0.0	0.01
RC07034_I	0.0	0.01
RCC0055_I	0.0	0.00658955698589
RCC0080_X	0.0	0.01
RCC0086_I	0.0	0.01
RM00405_X	0.01	0.01
RC01870_X	0.01	0.01
RC09085_X	0.0	0.01
RC01230_X	0.0	0.01
RM04747_I	0.01	0.01
RC08505_I	0.0	0.00124953103107
RC02093_I	0.01	0.01
RCC0084_I	0.0	0.01
RM00245_X	0.0	0.01
RM01253_X	0.0	0.01
RM04747_X	0.01	0.01
RC04559_I	0.01	0.01
RCC0084_X	0.0	0.01
RC02093_X	0.01	0.01
RM03856_I	0.0	0.01
RC02053_X	0.0	0.01
RM04807_I	0.0	0.00124953103107
RC01126_X	0.0	0.01
RC03648_I	0.0	0.01
RC00893_I	0.0	0.01
RC01015_X	0.01	0.01
RC00782_X	0.0	0.01
RC03634_I	0.01	0.000724814257524
RC03646_I	0.0	0.01
RC00897_X	0.0	0.01
RC00782_I	0.0	0.01
RC03634_X	0.01	0.000724814257537
RC03646_X	0.0	0.01
RC09085_I	0.0	0.01
RC00897_I	0.0	0.01
RC01827_I	0.01	0.01
RC01909_I	0.0	0.002955810735
RC01397_X	0.0	0.01
RC00867_I	0.0	0.01
RC02019_I	0.0	0.01
RC08505_X	0.0	0.00124953103107
RC03542_X	0.01	0.01
RC01909_X	0.0	0.002955810735
RC01827_X	0.01	0.01
RC01397_I	0.0	0.01
RC00867_X	0.0	0.01
RC00089_I	0.0	0.01
RC03542_I	0.01	0.01
RMC0107_X	0.0	0.01
RC04184_X	0.01	0.01
RC01759_I	0.01	0.01
RC02543_I	0.01	0.01
TCE5106_I	0.0	0.01
RM05577_I	0.0	0.01
RC01759_X	0.01	0.01
RC02094_I	0.01	0.01
RC09844_I	0.0	0.000107719598613
RC01878_X	0.0	0.01
RC00669_I	0.01	0.01
RC03469_I	0.0	0.01
RMC0123_I	0.0	0.01
RMC0121_X	0.0	0.01
RC09844_X	0.0	0.000107691235175
RC01878_I	0.0	0.01
RC00669_X	0.01	0.01
RC03469_X	0.0	0.01
RMC0123_X	0.0	0.01
RMC0121_I	0.0	0.01
RC00238_X	0.01	0.01
RC02099_I	0.0	0.01
RC09511_X	0.0	0.01
RM01975_I	0.01	0.01
RC00028_X	0.0	0.00141148191195
RC00238_I	0.01	0.01
RC02099_X	0.0	0.01
RC01641_I	0.01	0.01
RC09511_I	0.0	0.01
RM01975_X	0.01	0.01
RCC0142_I	0.0	0.00614566271589
RM00199_X	0.0	0.01
RCC0150_X	0.0	0.01
RC01005_I	0.0	0.01
RC04184_I	0.01	0.01
RCC0115_X	0.0	0.01
RM00199_I	0.0	0.01
RC08723_X	0.01	0.00124953103108
RCC0150_I	0.0	0.01
RCC0115_I	0.0	0.01
RCC0117_X	0.0	0.01
RC01375_X	0.01	0.01
RC08198_X	0.01	0.01
BIO0004_I	0.0	0.0068685606729
RC00711_I	0.0	0.01
RCC0117_I	0.0	0.01
RM00258_X	0.01	0.01
RC01375_I	0.01	0.01
RC08198_I	0.01	0.01
BIO0004_X	0.0	0.00686675212552
RC00711_X	0.0	0.01
RC03269_X	0.0	0.0023139425148
RC00894_X	0.0	0.01
RC06238_X	0.0	0.01
RC04262_X	0.01	0.00124953103107
RC00662_I	0.0	0.01
RM02313_X	0.01	0.01
RC03269_I	0.0	0.0023139425148
RC00894_I	0.0	0.01
RC06238_I	0.0	0.01
RC00662_X	0.0	0.01
RM02313_I	0.01	0.01
RC00115_I	0.0	0.01
RCC0142_X	0.0	0.00614566271589
RM03990_X	0.01	0.01
RCC0148_X	0.0	0.01
RM05578_X	0.0	0.01
RC00115_X	0.0	0.01
RM03990_I	0.01	0.01
RM05578_I	0.0	0.01
RC01665_X	0.01	0.00120168162198
RC01018_X	0.0	0.01
RC01378_I	0.01	0.01
RC01665_I	0.01	0.00120199811776
RC01018_I	0.0	0.01
RM00258_I	0.01	0.01
RC01378_X	0.01	0.01
RC04262_I	0.01	0.00124953103107
RC01663_I	0.0	0.01
RC01904_I	0.01	0.01
RM03664_I	0.0	0.00434936356397
RM03102_X	0.0	0.01
RC01663_X	0.0	0.01
RM03664_X	0.0	0.00434853872492
RC01904_X	0.01	0.01
RM03102_I	0.0	0.01
RCC0166_I	0.0	0.01
RC00156_I	0.01	0.01
RCC0113_X	0.0	0.01
RCC0149_I	0.0	0.00893594912873
RC00156_X	0.01	0.01
RCC0113_I	0.0	0.01
RMC0012_I	0.0	0.01
RC09036_X	0.01	0.01
RE10092_I	0.01	0.01
RC08707_X	0.01	0.01
RM03662_I	0.0	0.01
RC09036_I	0.01	0.01
RE10092_X	0.01	0.01
RC08707_I	0.01	0.01
RM03662_X	0.0	0.01
RM00342_X	0.01	0.01
RC03018_I	0.0	0.0023139425148
RC01843_I	0.0	0.01
RC10928_X	0.0	0.01
RM00342_I	0.01	0.01
RC01126_I	0.0	0.01
RC01843_X	0.0	0.01
RC10928_I	0.0	0.01
RC00996_X	0.0	0.01
RC00103_X	0.0	0.01
RCC0149_X	0.0	0.01
RCC0083_I	0.0	0.01
RM03524_X	0.00428420307719	0.01
RMC0012_X	0.0	0.01
RCC0083_X	0.0	0.01
RC03348_I	0.0	0.01
RM03035_X	0.01	0.00231394251483
RMC0089_I	0.0	0.01
RC03332_I	0.0	0.01
RC00306_I	0.0	0.00141148191195
RC03348_X	0.0	0.01
RC03332_X	0.0	0.01
RMC0089_X	0.0	0.01
RC00306_X	0.0	0.00141148191195
RC00010_I	0.0	0.01
RM05066_X	0.01	0.01
RC02541_X	0.0	0.01
RC03482_X	0.01	0.01
RCC0089_X	0.0	0.01
RC00943_I	0.01	0.01
RC00010_X	0.0	0.01
RM05066_I	0.01	0.01
RCC0089_I	0.0	0.01
RC03482_I	0.01	0.01
RC00943_X	0.01	0.01
RC00946_X	0.0	0.01
RC01786_X	0.0	0.01
RM01608_X	0.01	0.01
RC02701_I	0.0	0.01
RM04204_X	0.01	0.01
RC02251_X	0.0	0.01
RC01786_I	0.0	0.01
RC00946_I	0.0	0.01
RM01608_I	0.01	0.01
RM04204_I	0.01	0.01
RC02701_X	0.0	0.01
RC02251_I	0.0	0.01
RC00658_X	0.01	0.01
RM04125_I	0.01	0.01
RM03035_I	0.01	0.00231394251483
RC02059_X	0.0	0.01
RC00658_I	0.01	0.01
RM01931_I	0.01	0.01
RC04463_X	0.0	0.01
RC02035_I	0.0	0.01
RC04496_X	0.0	3.58970783915e-05
RC00335_I	0.0	0.01
RC02529_X	0.0	0.01
RM00245_I	0.0	0.01
RM00489_X	0.0	0.01
RC04463_I	0.0	0.01
RC02035_X	0.0	0.01
RC02529_I	0.0	0.01
RM01253_I	0.0	0.01
RM08774_X	0.0	0.01
RC00619_X	0.0	0.00351631477535
RC00619_I	0.0	0.00351631477535
RC01960_I	0.0	0.01
RC02059_I	0.0	0.01
RC00554_X	0.00190834636295	0.01
RMC0054_I	0.0	0.01
RC03161_I	0.0	0.00294319736954
RCC0046_I	0.0	0.01
TCM5056_X	0.0	0.01
RC01960_X	0.0	0.01
RM03038_I	0.0	0.01
RC03161_X	0.0	0.00294319736954
RMC0054_X	0.0	0.01
TCM5056_I	0.0	0.01
TCM5054_X	0.0	0.01
RM04754_X	0.01	0.01
RC01274_I	0.0	0.01
RC01230_I	0.0	0.01
RM03293_X	0.01	0.01
TCM5054_I	0.0	0.01
RC04496_I	0.0	3.5906532871e-05
RM04754_I	0.01	0.01
RC01274_X	0.0	0.01
RM03989_X	0.0	0.01
RM03293_I	0.01	0.01
RC02078_X	0.0	0.01
RC02918_X	0.0	0.01
RC02078_I	0.0	0.01
RC02918_I	0.0	0.01
RC00551_X	0.0	0.01
RC00551_I	0.0	0.01
RC03617_X	0.0	0.01
RC00554_I	0.00190834636295	0.01
RC02484_X	0.01	0.01
RM00351_I	0.0	0.01
RC03617_I	0.0	0.01
RC02484_I	0.01	0.01
RC00335_X	0.0	0.01
RM00351_X	0.0	0.01
RC04025_X	0.0	0.01
TCE5097_X	0.0	0.01
RCC0062_I	0.0	0.01
RCC0064_X	0.0	0.01
RC00893_X	0.0	0.01
RC03435_I	0.0	0.01
TCE5097_I	0.0	0.01
RCC0062_X	0.0	0.01
RCC0064_I	0.0	0.01
RC03435_X	0.0	0.01
RM03291_X	0.01	0.01
RC01015_I	0.01	0.01
RMC0013_X	0.0	0.01
RC03020_I	0.0	0.01
RM03291_I	0.01	0.01
RMC0114_I	0.0	0.01
RMC0013_I	0.0	0.01
RC03020_X	0.0	0.01
RC10951_X	0.0	0.01
RC01801_I	0.01	0.01
RM00355_I	0.01	0.01
RC10951_I	0.0	0.01
RM00355_X	0.01	0.01
RC01801_X	0.01	0.01
RM03856_X	0.0	0.01
RCC0069_I	0.0	0.01
TCM5029_I	0.0	0.01
RM03313_I	0.0	0.01
TCM5051_I	0.0	0.01
RC03654_X	0.0	0.01
RC00158_X	0.01	0.01
RC03346_X	0.0	0.01
RCC0069_X	0.0	0.01
TCM5029_X	0.0	0.01
RM03313_X	0.0	0.01
RM04807_X	0.0	0.00124953103107
RC03654_I	0.0	0.01
RC03656_X	0.0	0.01
RC05861_I	0.0	0.00542288722895
RC10092_I	0.01	0.01
RCC0112_I	0.0	0.01
RMC0114_X	0.0	0.01
RC05861_X	0.0	0.00542288722895
RC10092_X	0.01	0.01
RMC0119_I	0.0	0.01
RC01066_I	0.01	0.01
RC00513_X	0.0	0.01
RC01023_I	0.01	0.01
RCC0066_I	0.0	0.01
RMC0001_X	0.01	0.01
RC01066_X	0.01	0.01
RMC0119_X	0.0	0.01
RC00513_I	0.0	0.01
RCC0066_X	0.0	0.01
RC01023_X	0.01	0.01
RC04311_X	0.01	0.01
RC03433_I	0.01	0.01
RC02124_X	0.01	0.01
RC00751_X	0.01	0.01
RC04311_I	0.01	0.01
RC03433_X	0.01	0.01
RC02124_I	0.01	0.01
RC00751_I	0.01	0.01
RCC0020_I	0.0	0.01
RCC0022_X	0.0	0.01
RC01206_I	0.0	0.01
RC07218_I	0.0	0.00124953103107
RC00416_I	0.01	0.01
RCC0020_X	0.0	0.01
RC01206_X	0.0	0.01
RCC0022_I	0.0	0.01
RC00416_X	0.01	0.01
RC07218_X	0.0	0.00124953103107
RC01187_X	0.0	0.01
RMC0001_I	0.01	0.01
RC01187_I	0.0	0.01
RCC0092_I	0.0	0.01
RC03650_I	0.0	0.00728586287477
RCC0094_X	0.0	0.01
RC03652_X	0.0	0.01
RC01920_X	0.0	0.01
RC07212_X	0.0	0.01
RCC0061_I	0.0	0.01
RCC0092_X	0.0	0.01
RCC0094_I	0.0	0.01
RC03650_X	0.0	0.00728448113752
RC03652_I	0.0	0.01
RC00699_I	0.0	0.01
RC01920_I	0.0	0.01
RC07212_I	0.0	0.01
RCC0061_X	0.0	0.01
RC02030_X	0.01	0.000859692138249
RM01220_I	0.01	0.01
RCC0096_I	0.0	0.01
RMC0014_I	0.0	0.01
RM00479_I	0.01	0.01
RC00497_X	0.0	0.01
RC02030_I	0.01	0.000859855206329
RM01220_X	0.01	0.01
RCC0096_X	0.0	0.01
RCC0044_I	0.0	0.01
RCC0108_X	0.0	0.01
RM00479_X	0.01	0.01
RC00497_I	0.0	0.01
RC03936_I	0.0	0.01
RC02080_I	0.0	0.01
RC00161_X	0.0	0.01
RC02670_X	0.01	0.01
RC01201_I	0.0	0.01
RC00888_X	0.0	0.01
RC03936_X	0.0	0.01
DGR0021_I	0.0	0.01
RC00161_I	0.0	0.01
RC02080_X	0.0	0.01
RC02670_I	0.01	0.01
RC00888_I	0.0	0.01
RC01201_X	0.0	0.01
RC05985_I	0.0	0.01
RC05983_X	0.0	0.01
RCC0140_X	0.0	0.01
RM04188_I	0.01	0.01
RC05985_X	0.0	0.01
RC05983_I	0.0	0.01
RCC0140_I	0.0	0.01
RC01570_X	0.01	0.01
RMC0092_X	0.0	0.01
RC01185_I	0.0	0.01
RC01570_I	0.01	0.01
RMC0092_I	0.0	0.01
RM00261_I	0.0	0.01
RC01185_X	0.0	0.01
RC04824_I	0.01	0.00124953103108
RC02003_X	0.0	0.01
RC02082_X	0.01	0.01
RMC0090_I	0.0	0.01
RC04866_I	0.0	0.01
RMC0096_X	0.0	0.01
RC04824_X	0.01	0.00124953103108
RC02082_I	0.01	0.01
RC02003_I	0.0	0.01
RMC0090_X	0.0	0.01
RMC0096_I	0.0	0.01
RC04866_X	0.0	0.01
RC00200_I	0.0	0.01
RCC0107_I	0.0	0.01
RC00355_I	0.01	0.01
RM04188_X	0.01	0.01
RCC0107_X	0.0	0.01
RC00355_X	0.01	0.01
RC02019_X	0.0	0.01
RC05988_X	0.0	0.01
RC02326_I	0.01	0.00120199811778
RC05988_I	0.0	0.01
RC02326_X	0.01	0.00120168162198
RC03755_I	0.0	0.01
RC05981_I	0.0	0.01
RC04559_X	0.01	0.01
RC03755_X	0.0	0.01
RCC0225_X	0.0	0.01
RC05981_X	0.0	0.01
RM05577_X	0.0	0.01
RM03777_I	0.01	0.01
RCC0103_I	0.0	0.01
RCC0225_I	0.0	0.01
RM03777_X	0.01	0.01
RCC0103_X	0.0	0.01
RCC0101_I	0.0	0.01
