Row,PFD,OFD
BIO0001_I,0.486288412787243,0.486288412787243
BIO0002_I,1.93300345247386,1.93300345247386
BIO0003_I,0.0796624085934965,0.0796624085934965
BIO0004_I,0,0
BIO0005_I,0.124287562327822,0.118614944597653
BIO0006_I,0.149209454960555,0.159121524842135
BIO0007_I,0.0306732580829703,0.0506632580832047
BIO0008_I,0.054781804424364,0.054781804424364
BIO0009_I,0.0247452662732202,0.0247452662732202
BIO0010_I,0.359065328818057,0.359065328818057
BIO0011_I,0.0484171091464987,0.0429265070799829
BIO0012_I,-0.0117664172825016,-0.0136389810601258
BIO0013_I,0.068026989805162,0.0661269628288892
BIO0014_I,0.0106733580831815,0.0306733580831633
BIO0015_I,3.59065328818057e-05,3.59065328818057e-05
BIO0100_I,0,0
BIO0101_I,0.0139696216607366,0.0139696216607366
BIO0102_I,0,0
BIO0103_I,0,0
BIO0104_I,0.00670342036191564,0.00670342036191527
BIO0105_I,0,0
BIO0106_I,0.338392286795405,0.338392286795405
BIO0107_I,0,0
DGR0001_I,10.44309637486,10.7417311980364
DGR0002_I,1.32059664864116,1.19398194328951
DGR0003_I,0.207101403420136,0.228644891060649
DGR0004_I,0.563405499732916,0.622013115227776
DGR0005_L,0.268283989560605,0.296191926048709
DGR0006_L,2.07630862118538,2.29229426097196
DGR0007_L,2.07630862118538,2.29229426097196
DGR0008_L,10.44309637486,10.7417311980364
DGR0009_L,1.32059664864116,1.19398194328951
DGR0010_L,0.207101403420136,0.228644891060649
DGR0011_L,0.0568431011221921,0.0627561399826295
DGR0012_I,0.0568431011221921,0.0627561399826295
DGR0013_L,0.0172977271230954,0.0190971034881574
DGR0014_L,0.00264347243934395,0.0190971034881574
DGR0015_L,0.0172977271230954,0.0190971034881574
DGR0016_I,0.00264347243934395,0.0190971034881574
DGR0017_I,0.0172977271230954,0.0190971034881574
DGR0018_L,0.201225333233974,0.22215756936513
DGR0019_I,0.201225333233974,0.22215756936513
DGR0020_L,0.0482350467670908,0.0532526425762235
DGR0021_I,0.0616538070729436,0.0680672741414018
DGR0022_L,0.0134187603058528,0.0148146315651783
DGR0023_I,0.0134187603058528,0.0148146315651783
DGR0024_I,0.0134187603058528,0.0148146315651783
DGR0025_L,0.00540484925368795,0.0059670825421773
DGR0026_I,0.00540484925368795,0.0059670825421773
DGR0027_L,0.28195440552249,0.311284391462949
DGR0028_I,0.28195440552249,0.311284391462949
DGR0029_E,0,0
DGR0029_L,0.0018749066849304,0.00206994171765768
DMN0001_I,0,0
DMN0002_I,0.000878701637128848,0
DMN0005_I,0,0
DMN0006_I,0.000886263049665104,0.000886263049665104
DMN0007_I,0,0
DMN0008_I,0.0090261851660387,0.0090261851660387
DMN0009_I,0,0
DMN0015_I,0,0
DMN0017_I,0,0
DMN0018_I,0,0
DMN0020_I,0,0
DMN0021_I,0,0
DMN0022_I,0,0
DMN0023_I,0,0
DMN0024_I,0.00614566271588536,0.00614566271588536
DMN0025_I,0.01,0.01
DMN0026_I,0.000920503667089179,0.000920503667089179
DMN0027_I,0,0
DMN0030_I,0,0
DMN0031_I,0.156253000093525,0.169560280780883
DMN0032_I,0,0
DMN0033_I,0,0
DMN0034_I,0.00963135025000004,0.00963135025000003
DMN0035_I,0.000368649749999963,0.000368649749999968
DMN0038_I,0,0
DMN0039_I,0,0
DMN0040_I,0,0
DMN0041_I,0,0
DMN0042_I,0.000432130047315875,0.00218875261884577
DMN0043_I,0,0
DMN0044_I,0.00231384314910604,0.00231386440636692
DMN0046_I,0,0
DMN0047_I,0.00440136577180776,0.00440136577180776
DMN0048_I,0,0
DMN0054_I,0,0
DMN0055_I,0,0
DMN0057_I,0,0
DMN0058_I,0.00813644303389083,0.00813644303389083
DMN0059_I,0,0
DMN0060_I,0,0.00999999999999091
DMN0061_I,0,0.00999999999999091
DMN0062_I,0,0
DMN0063_I,0.01,0.01
DMN0064_I,0,0
DMN0065_I,0.01,0.01
DMN0066_I,0.00999999999999091,0.00999999999999091
DMN0067_I,0,0
DMN0068_I,0.01,0.01
DMN0072_I,0.101056956217543,0.101056956217543
DMN0073_I,0,0
DMN0075_I,0.01,0.01
DMN0077_I,0.01,0.01
DMN0078_I,0,0
DMN0080_I,0,0.01
DMN0082_I,0.01,0.01
DMN0083_I,0.0122421639760213,0.0122421639760213
DMN0084_I,0,0
DMN0085_I,0,0
DMN0086_I,0,0
DMN0100_I,0,0
DMN1001_I,0,0
DMN1004_I,0.00999999999999091,0.00999999999999091
DMN1005_I,0,0
DMN1006_I,0.00999999999999091,0.00999999999999091
DMN1007_I,0.00999999999999091,0.00999999999999091
EX00001_E,0.498597311844605,1.33343816275044
EX00002_E,0,0
EX00007_E,-14.8147287963743,-16.1681011557181
EX00009_E,1.23048353838726,1.28103909978745
EX00011_E,12.7476660273547,13.6339602563639
EX00014_E,4.52036927601267,5.01534866097404
EX00016_E,0,0
EX00018_E,0,0
EX00019_E,0,0
EX00020_E,0,0
EX00021_E,0.208053914610923,0.220993492528782
EX00022_E,0,0
EX00025_E,0,0
EX00026_E,0,0
EX00027_E,0,0
EX00031_E,0,0
EX00032_E,0,0
EX00033_E,0,0
EX00037_E,0,0
EX00041_E,0,0
EX00042_E,1.0029737064884,0.539944644573831
EX00047_E,0.33371764458002,0.349846392681102
EX00048_E,0,0
EX00049_E,0,0
EX00051_E,0,0
EX00054_E,0,0
EX00058_E,0.753587047979899,1.15370305734522
EX00059_E,0.0146160868116379,0.0145882005375127
EX00061_E,0,0
EX00062_E,0.240350889845006,0.269594106308059
EX00064_E,0,0
EX00065_E,0,0
EX00067_E,0.0149562151818428,0.014521758529988
EX00068_E,0,0
EX00072_E,0,0
EX00073_E,0,0.000669133766976471
EX00074_E,0,0
EX00075_E,0,0
EX00077_E,0,0
EX00078_E,0.0684758978692004,0.070655912202454
EX00079_E,0.155917804203325,0
EX00080_E,0.565189172220698,0.356604961013431
EX00081_E,0,0
EX00082_E,0,0
EX00084_E,0,0
EX00086_E,0.0818279404471794,0.0669571482096546
EX00089_E,0,0
EX00093_E,0,0
EX00094_E,0,0
EX00095_E,0,0
EX00097_E,0.122223036589254,0.134138642367447
EX00099_E,0.0113878382899909,0.0127757765799909
EX00101_E,0,0
EX00106_E,0.139373893761583,0.155946772006739
EX00108_E,0,0
EX00109_E,0,0
EX00111_E,0,0
EX00114_E,0,0
EX00116_E,0,0
EX00121_E,0,0
EX00122_E,0,0
EX00123_E,0.0955663900646921,0.123178620008227
EX00124_E,0,0
EX00127_E,0,0
EX00130_E,0,0
EX00132_E,0,0
EX00133_E,0,0
EX00134_E,0.00408962451985474,0.00408962451985953
EX00135_E,0.0946524245363782,0.0976655370499103
EX00137_E,0,0
EX00140_E,0,0
EX00141_E,0,0
EX00143_E,0,0
EX00147_E,0.0265833237047673,0.0198459087194739
EX00148_E,0.143218516777159,0.15838022390285
EX00149_E,0,0
EX00152_E,0.289940031181037,0.289535590370215
EX00153_E,0.00644370214005905,0.00607495239004457
EX00156_E,0,0
EX00157_E,0,0
EX00158_E,0,0
EX00159_E,0,0
EX00160_E,0,0
EX00162_E,0,0
EX00163_E,0,0.00678149807411394
EX00164_E,0.506838252542419,1.4988942915233
EX00166_E,0.0183617183455602,0.173476027013523
EX00167_E,0,0
EX00170_E,0,0
EX00178_E,0.012241251620306,0.0148002857714127
EX00181_E,0,0
EX00183_E,0,0
EX00185_E,0,0
EX00186_E,0.000368649749999665,0.00774673638999293
EX00187_E,0,0
EX00188_E,0,0
EX00189_E,0,0
EX00191_E,0,0
EX00194_E,0.000423241918198518,0.000921898765086165
EX00197_E,0,0
EX00208_E,0,0
EX00212_E,0,0
EX00214_E,0.0314757291725078,0.0368923506691357
EX00219_E,0,0
EX00233_E,0,0
EX00239_E,0,0
EX00242_E,0.429610518825894,0.398797517453043
EX00243_E,0,0
EX00245_E,0,0
EX00249_E,0,0
EX00250_E,0.000415261724237076,0.00019983497045584
EX00253_E,0,0
EX00255_E,0.0101743059819318,0.0102782056763894
EX00256_E,0,0
EX00257_E,0,0
EX00259_E,0,0
EX00262_E,0.00216845957,0.00908277039265917
EX00266_E,0,0.027441849539975
EX00268_E,0,0
EX00272_E,0,0
EX00288_E,0.314980666749851,0
EX00294_E,0,0
EX00295_E,0.00419231674339164,0.024458474270027
EX00299_E,0.13504835457135,0.104679155789319
EX00301_E,0,0
EX00311_E,0,0
EX00314_E,0.000415261724237076,0
EX00315_E,0,0
EX00318_E,0.01,0.01
EX00320_E,0.00270371291819795,0
EX00322_E,0,0
EX00328_E,0,0
EX00329_E,0,0
EX00330_E,0,0
EX00334_E,0.000865125319999986,0.00364100189999996
EX00344_E,0,0
EX00346_E,0.096426720838534,0
EX00350_E,0,0
EX00352_E,0,0
EX00354_E,0,0
EX00355_E,0.00545682169,0.00731412374
EX00366_E,0.118982998216598,0.0723756055982743
EX00376_E,0,0
EX00378_E,0.00163718254509965,0.00187541470578215
EX00379_E,0,0
EX00385_E,0.00666131516965121,0.00820464903368664
EX00387_E,0,0
EX00388_E,0,0
EX00398_E,0,0
EX00402_E,0,0
EX00407_E,0,0
EX00422_E,0,0
EX00427_E,0,0
EX00429_E,0.00999999999999091,0.0062791252299909
EX00437_E,0.0137152106088292,0
EX00438_E,0,0
EX00439_E,0,0
EX00440_E,0,0
EX00455_E,0,0
EX00459_E,0.00760553576934698,0.00674031044941137
EX00469_E,0,0
EX00473_E,0,0
EX00475_E,0.217902569362491,0.197374156060108
EX00483_E,0,0.00086512532
EX00486_E,0,0
EX00504_E,0,0
EX00506_E,0,0
EX00523_E,0,0
EX00526_E,0,0
EX00532_E,0,0
EX00534_E,0,0
EX00535_E,0,0
EX00544_E,0,0
EX00546_E,0,0
EX00559_E,0,0
EX00565_E,0,0
EX00575_E,0,0
EX00577_E,0,0
EX00583_E,0,0
EX00584_E,0.000586475869997622,0.00591654614999462
EX00588_E,0,0
EX00631_E,0,0
EX00632_E,0,0
EX00642_E,0,0
EX00643_E,0,0
EX00655_E,0,0
EX00669_E,0,0
EX00670_E,0,0
EX00671_E,0,0
EX00695_E,0.00193927019726519,0.00193927019720031
EX00696_E,0,0
EX00704_E,0,0
EX00708_E,0,0
EX00719_E,0.0145861000899474,0.0154513254099875
EX00750_E,0,0
EX00777_E,0,0
EX00780_E,0.00185720204974618,0.0037145041
EX00785_E,0,0
EX00794_E,0,0
EX00811_E,0,0
EX00818_E,0,0
EX00853_E,0,0
EX00864_E,0,0
EX00881_E,0,0
EX00906_E,0,0
EX00909_E,0,0
EX00940_E,0,0
EX00942_E,0,0
EX00954_E,0.00138783829,0.00138783829
EX00979_E,0.00819498774808709,0
EX01060_E,0.00372087476997982,0.00372087476999662
EX01083_E,0,0
EX01103_E,0.0127655491499884,0.00101908854000117
EX01132_E,0,0
EX01137_E,0,0
EX01161_E,0,0
EX01179_E,0.0974605750696912,0.103585357647103
EX01181_E,0,0
EX01185_E,0,0
EX01194_E,0,0
EX01205_E,0,0.0037208747697851
EX01326_E,0,0
EX01419_E,0,0
EX01530_E,0,0
EX01595_E,0,0.01
EX01613_E,0,0
EX01697_E,0,0
EX01717_E,0,0
EX01755_E,0.00179970982,0.00179970982006486
EX01762_E,0,0
EX01801_E,0,0
EX01879_E,0,0
EX01885_E,0,0
EX01888_E,0,0
EX01921_E,0.000173327196256556,0.000173327196256556
EX01996_E,0,0
EX02076_E,0,0
EX02094_E,0,0
EX02165_E,0.000865125319959867,0.000865125319940194
EX02188_E,0,0
EX02415_E,0,0
EX02470_E,0,0
EX02505_E,0.0108651253199901,0.0108651253199901
EX02512_E,0,0
EX02630_E,0,0
EX02642_E,0,0.00179970981999837
EX02679_E,0.00264347243934395,0
EX02737_E,0,0
EX02763_E,0,0
EX02918_E,0.00510881305991201,0.00510881305995431
EX02946_E,0,0
EX03197_E,0.0126649351399885,0
EX03284_E,0,0.0137208747699875
EX03722_E,0,0
EX03758_E,0.000737399499982896,0.0007373995
EX03793_E,0,0
EX03917_E,0,0
EX04227_E,0.00185720204990329,0.00185720205
EX04230_E,0,0
EX04317_E,0.0178304752044173,0.0178204752047205
EX04598_E,0,0
EX04677_E,0,0
EX04722_E,4.59764255324394e-05,4.59764255324389e-05
EX04853_E,0,0
EX05100_E,0,0
EX05122_E,0,0
EX05127_E,0,0
EX05332_E,0,0
EX05335_E,0,0
EX05356_E,0,0
EX05402_E,0,0
EX05422_E,0,0
EX05455_E,0,0
EX05512_E,0,0
EX05519_E,0,0.00999999999999091
EX05635_E,0,0
EX05684_E,0,0
EX05688_E,0,0.00572405339613878
EX05697_E,0,0
EX05787_E,0.00131919793853557,0.00131919793853557
EX05828_E,0,0
EX05852_E,0,0.01
EX05984_E,0,0.00552068458999495
EX06232_E,0.00235887694584481,0.00370878719443139
EX06341_E,0,0
EX06424_E,0.0393133654638539,0
EX11061_E,0,0
EX11135_E,0,0
EX11499_E,0,0
EX14818_E,0,0
EX14819_E,0,0
EX15519_E,0.00124953103107024,0.00124953103107024
EX15520_E,0,0
EX15610_E,0.000231975654554537,0.000231975654554537
EX17337_E,0,0
EX17339_E,0,0
EX18125_E,0,0
EX18126_E,1.00000140574458e-07,1.00000009110174e-07
EXC0001_E,0,0
EXC0013_E,0.000415261724237076,0.000458458852194393
EXC0050_L,-2.07630862118538,-2.29229426097197
EXC0051_L,0.015531764937057,0.804843823556265
EXC0052_L,0,0.263988267810747
EXC0053_L,0,0
EXC0054_L,0,0
EXC0055_L,0,0
EXC0056_L,0.0146542546837514,0
EXC0057_L,0,0
EXC0058_L,0,0
EXC0059_L,0,0
EXC0060_L,0,0
EXC0063_L,0,0
EXC0065_L,0,0
EXC0072_L,0,0
EXC0135_E,0,0
EXC0141_E,0.00737798663999329,0.00552068458999498
EXC0142_L,0,0
EXC0152_E,0,0
EXC0180_E,0,0.00168558711714286
EXC0201_E,0,0
EXC0202_E,0,0
EXC0203_E,0,0
EXC0207_E,0,0
EXC0208_E,0,0
EXC0210_E,0,0.00479717946273191
EXC0211_E,0.0047971794627317,0
EXC0213_E,0,0
EXC0214_E,0.00504495015999541,0.00324514033999703
EXC0216_E,0.00123407506999888,0.00227941215801825
EXC9998_E,0.40126152299027,0.443002295956532
EXC9999_E,0.200630761495135,0.221501147978266
RC00004_I,3.46806787846819,3.71881278067493
RC00009_I,0.0934547917327278,0.604324394138427
RC00010_I,0.01,0.01
RC00028_I,0.00141148191195134,0.00141148191195134
RC00032_I,0,0
RC00078_I,0.00227449955795058,0.00227449955795058
RC00089_I,0.01,0.01
RC00093_I,0.224770075885461,0.201557379125909
RC00100_I,0.569311660068365,0.783121794584076
RC00102_I,0.40274348574763,0.580032010206527
RC00103_I,0,0
RC00115_I,0.01,0.01
RC00127_I,2.98844707143462,3.27072972238341
RC00137_I,-0.00820029018007062,-0.00820029018007062
RC00138_I,0,0
RC00155_I,0,0
RC00156_I,0.199189646207742,0.221579164381524
RC00158_I,0.103413282348583,0.126209152614933
RC00160_I,0.0135161624447376,0.0144619734631217
RC00161_I,0.01,0.01
RC00174_I,0,0
RC00177_I,0.282600850856547,0.213980516756747
RC00178_I,0.0117564880399987,0.0117564880399987
RC00181_I,0.01,0.01
RC00183_I,0,0
RC00185_I,0.0353192597183341,0.01
RC00188_I,0.01,0.01
RC00190_I,0.01,0.01
RC00191_I,0.01,0.01
RC00192_I,0.0964637977832581,0.0299999999999727
RC00199_I,0.01,0.01
RC00200_I,0.01,0.55925033375234
RC00220_I,0,0
RC00233_I,0,0
RC00235_I,0,0.01
RC00238_I,0,0.00999999999999091
RC00251_I,0.01,0.01
RC00253_I,0.01,0.01
RC00256_I,0.01,0.01
RC00257_I,0.01,0.01
RC00261_I,0,0
RC00267_I,0,0.01
RC00274_I,0.0148474565748984,0.0148474565748984
RC00275_I,0,0
RC00277_I,0,0
RC00278_I,0,0
RC00286_I,0.00226482615531264,0.00388294325361735
RC00287_I,0,0
RC00289_I,0.112498011081243,0.113709776086921
RC00291_I,0.0144843279520046,0.0144843279520046
RC00293_I,0,0
RC00306_I,0.00141148191195134,0.00141148191195134
RC00328_I,0,0
RC00330_I,3.37187887752327,4.09873436849011
RC00332_I,0.0447470741096367,0.0447470741096367
RC00335_I,0.01,0.01
RC00342_I,-0.750513048885637,-0.0336575579187866
RC00352_I,0.01,0.01
RC00355_I,0,0.00999999999999091
RC00359_I,0.0036575579188444,0.0036575579188444
RC00366_I,0.01,0.01
RC00369_I,-0.00999999999999091,0
RC00383_I,0.00124953103113512,0
RC00416_I,0,0
RC00417_I,-0.101056956217576,-0.101056956217576
RC00424_I,0.01,0.01
RC00426_I,0,0
RC00431_I,-0.736855490966832,-0.00999999999999091
RC00434_I,0.01,0.01
RC00471_I,0,0
RC00475_I,0.01,0.01
RC00485_I,0,0
RC00489_I,0,0
RC00494_I,0.00999999999999091,0.00999999999999091
RC00497_I,0.0196949131499001,0.0196949131498982
RC00507_I,0,0
RC00508_I,0,0
RC00509_I,0,0
RC00511_I,0.252202243623631,0.237235976178278
RC00512_I,-0.0492760580540335,-0.0816615412421697
RC00513_I,0,0
RC00525_I,0,0
RC00527_I,0,0
RC00529_I,0,0
RC00548_I,0,0
RC00549_I,9.99999977752131e-06,0
RC00551_I,0.0926481130616978,0.072812516722657
RC00554_I,0.00999999999999091,0.00999999999999091
RC00570_I,-0.0392760580540426,-0.0616615412421879
RC00571_I,0.01,0.01
RC00573_I,0,0.01
RC00575_I,0,0.01
RC00578_I,0.01,0.01
RC00582_I,0.613338278925433,0.959737378318867
RC00585_I,0,0.00999999999999091
RC00602_I,0,0
RC00619_I,0,0
RC00631_I,0,9.99999986106559e-06
RC00650_I,0.01,0.01
RC00658_I,0.899898561747818,0.676866951090233
RC00662_I,0,0
RC00669_I,-0.00999999999999091,0.00999999999999091
RC00670_I,0.01,0.01
RC00678_I,0,0
RC00685_I,0,0
RC00694_I,0.0183617183455453,0.181676317193592
RC00698_I,0.00999999999999091,0.00999999999999091
RC00699_I,0,0
RC00703_I,0,0
RC00710_I,0,0
RC00711_I,0.400096721206789,0.53705043856492
RC00720_I,0,0
RC00722_I,0.00999999999999091,0.00999999999999091
RC00731_I,0,0
RC00734_I,0.122050830676358,0.130370805202233
RC00736_I,0,0
RC00748_I,0.0319530533565504,0.167855019988575
RC00751_I,0.234586019131939,0.228671406932904
RC00754_I,0,-0.00392018598518007
RC00765_I,0,0.0367357982943764
RC00768_I,0.00134924693069596,0
RC00782_I,0,0
RC00801_I,1.00000023668547e-07,0
RC00842_I,0,0
RC00847_I,0.0704927285064221,0.0886708953312265
RC00851_I,0.080981640910065,0.0784271323400731
RC00867_I,1.00000023668547e-07,0
RC00875_I,0,0
RC00885_I,0.155037192063105,0.155037192063105
RC00888_I,0.01,0.01
RC00893_I,0,0
RC00894_I,0.0196949131499001,0.0196949131498982
RC00895_I,0.00270371291821903,-0.00304517296365248
RC00897_I,0,0
RC00899_I,0.01,0.00999999999999091
RC00905_I,0,0
RC00936_I,0.0059969729607019,0.0165192284615614
RC00939_I,0,0
RC00941_I,0.01,0.01
RC00943_I,-0.672681517260685,-1.04487657875154
RC00945_I,0.792945464997388,1.12095559689828
RC00946_I,0.0764637977832318,0.01
RC00955_I,0.00999999999999091,0.00999999999999091
RC00959_I,0.159026592096552,0.174211814437399
RC00961_I,-0.00999999999999091,-0.00999999999999091
RC00963_I,0.199967388403002,0.159629401125554
RC00964_I,0,0
RC00965_I,0,0.01
RC00966_I,0,0
RC00978_I,-0.00999999999999091,-0.00999999999999091
RC00987_I,0,0
RC00988_I,0,0
RC00996_I,0,0
RC01000_I,0,0
RC01001_I,0.01,0.01
RC01005_I,0.0483457306877195,0.0483457306877195
RC01009_I,0.0644609742503235,0.0644609742503235
RC01010_I,0.01,0.01
RC01011_I,0.01,0.01
RC01013_I,0.0306732580829424,0.0506732580830863
RC01015_I,-0.715563124599385,-0.783142021031381
RC01016_I,0,0
RC01018_I,0.01,0.01
RC01021_I,0,0.025276812991474
RC01023_I,0.00999989999991158,0.0103686497500348
RC01026_I,0.01,0.01
RC01030_I,0,9.99999983955502e-06
RC01036_I,0,0.00999999999999091
RC01041_I,-0.00393962227894917,-0.0167036204447868
RC01049_I,0.0452732899699413,0.0556420397197144
RC01051_I,0,0
RC01054_I,0,0
RC01055_I,-0.00999999999999091,-0.00999999999999091
RC01056_I,0.272180603953302,0.234331190471721
RC01057_I,0.448257251021118,0.373944618450992
RC01061_I,1.50033211594223,1.62391349051757
RC01066_I,0.152608252361006,0.167848440996295
RC01070_I,0.349980135028545,0.418591838018074
RC01072_I,0.00999999999999091,0.00999999999999091
RC01082_I,0,-0.00999999999999091
RC01083_I,0.00999999999999091,0.00999999999999091
RC01092_I,0.01,0.01
RC01093_I,0.799522622246286,2.61240244685609
RC01095_I,-0.818269297616325,-2.63294913204606
RC01100_I,0,0
RC01101_I,0,0
RC01103_I,1.00000023668547e-07,0
RC01108_I,0,0
RC01121_I,0.313412826339498,0.313412826339498
RC01123_I,0.0211017022469377,0.0211017022469377
RC01126_I,0,0
RC01127_I,-0.0118574020498272,-0.0118574020499409
RC01130_I,0.01,0.02
RC01132_I,0,0
RC01134_I,0.0154475370485106,0.0236238334688869
RC01135_I,0.01,0.01
RC01137_I,0,0
RC01138_I,0,0
RC01154_I,0,0
RC01167_I,0,0
RC01168_I,0,0
RC01184_I,0,0
RC01185_I,0,0
RC01186_I,0,0
RC01187_I,0.0295488252432554,0.0286559561870325
RC01201_I,0,0
RC01206_I,0.01,0.01
RC01218_I,0,0
RC01220_I,0.704538919310494,1.07673398080158
RC01224_I,-0.00999999999999091,-0.00999999999999091
RC01227_I,0.379337814568714,0.340938052093406
RC01229_I,0,0
RC01230_I,0.01,0.01
RC01231_I,0,0.01
RC01234_I,0.01,0.01
RC01252_I,0,0
RC01262_I,0,0
RC01266_I,-0.101056956217576,-0.101056956217576
RC01268_I,0,0
RC01269_I,0,0
RC01274_I,0,0
RC01280_I,0.23029857799367,0.351952096578061
RC01281_I,0.0246868389804962,0.0250489717641878
RC01290_I,0.00999999999999091,0.00999999999999091
RC01301_I,0.01,0.01
RC01310_I,0,0
RC01315_I,0,0
RC01318_I,-0.00780323142294037,-0.0107393249194274
RC01321_I,0.0634953949358987,0.0609408872142012
RC01326_I,0.0976307167548394,0.0976307167443564
RC01334_I,0.00315767715181385,0.00315767715181385
RC01351_I,0.0117664172825016,0.0236389810601167
RC01357_I,0.01,0.01
RC01364_I,0.01,0.01
RC01372_I,0,0.01
RC01375_I,0,0
RC01378_I,0,0
RC01384_I,0,0
RC01393_I,0,0.00999999999999091
RC01397_I,0.00732671599054438,0.02
RC01402_I,0.00999999999999091,0.00999999999999091
RC01410_I,0,0
RC01415_I,0,0
RC01431_I,0,0.00999999999999091
RC01463_I,0.00198534662270852,0.00198534662270852
RC01468_I,0.01,0.01
RC01470_I,0.211225333233965,0.23215756936513
RC01481_I,0.00999999999999091,0.00999999999999091
RC01483_I,-0.00179990981996525,0
RC01494_I,0.01,0.01
RC01495_I,0.01,0.01
RC01496_I,0.010637201244549,0.0100341994485689
RC01497_I,0.0162789252299943,0.0158725731372593
RC01498_I,0.01,0.01
RC01500_I,0,0
RC01512_I,-1.50033211594223,-1.62391349051757
RC01513_I,0.607933429671789,0.953770295776735
RC01514_I,0,0
RC01518_I,-0.899898561747818,-0.670143194740831
RC01528_I,0.00999999999999091,0.00999999999999091
RC01529_I,0.282180603953293,0.244331190471712
RC01547_I,0,0
RC01560_I,0.0619630848537103,0.0191263971975779
RC01561_I,0,-0.00999999999999091
RC01567_I,0,0
RC01569_I,0.0410519456528965,0.0463625661606964
RC01570_I,0,0
RC01595_I,0.0108651253199599,0.0108651253199402
RC01600_I,0.0290582892419862,0.0390054703417109
RC01602_I,0,0
RC01616_I,0.01,0.01
RC01639_I,0.01,0.0199999999999818
RC01641_I,-0.146090301976642,-0.132165595235847
RC01655_I,0.694538919310503,1.0567339808016
RC01658_I,0.0211017022469507,0.0211017022469507
RC01663_I,0,0
RC01664_I,0.0475347360644855,0.0528602827517625
RC01665_I,0,0
RC01681_I,0,0
RC01682_I,0,0
RC01687_I,0,0
RC01704_I,0.00999999999999091,0.00999999999999091
RC01710_I,0,0
RC01711_I,0,0
RC01724_I,0.0152732899699686,0.0256420397197417
RC01737_I,0,0
RC01752_I,0,0
RC01758_I,0,0
RC01759_I,0,0
RC01768_I,0.118982998216598,0.0609875673082743
RC01769_I,0,0.01
RC01786_I,0.164193159495288,0.17469689521732
RC01787_I,0.0037208747700106,0.00653987313000925
RC01793_I,0,0
RC01794_I,0,0
RC01795_I,0,0
RC01799_I,0.0321403834461762,0.032140382597845
RC01801_I,0.000420837387082429,0.000420836538864933
RC01802_I,0.0308596908568006,0.0308596908568006
RC01814_I,0,0
RC01815_I,0,0
RC01816_I,0.000864260094631749,0.0017194854148162
RC01818_I,-0.155037192063105,-0.155037192063105
RC01819_I,-0.0574064753083121,-0.0574064753187713
RC01827_I,0.00999999999999091,0.00999999999999091
RC01829_I,0.136090301976651,0.122165595235856
RC01830_I,-0.146090301976642,-0.132165595235847
RC01843_I,0.136090301976632,0.122165595235862
RC01844_I,0,0
RC01855_I,0,0
RC01857_I,0,0
RC01863_I,0.0660736505136583,0.0227675990976195
RC01870_I,-0.00999999999999091,-0.00999999999999091
RC01876_I,0,0
RC01878_I,0,0.01
RC01890_I,0.0840265688749469,0.081472061153363
RC01896_I,0.00999999999999091,0.0199999999999818
RC01903_I,0,0
RC01904_I,0.00999999999999091,0.00999999999999091
RC01905_I,0.00999999999999091,0.00999999999999091
RC01909_I,0,0
RC01920_I,0.01,0.01
RC01923_I,0,0.01
RC01926_I,0,0.01
RC01931_I,-0.00999999999999091,-0.00695482703633843
RC01938_I,0,0
RC01951_I,0.0029431973695182,0.0029431973695182
RC01956_I,0,0
RC01959_I,0,0
RC01960_I,0,0
RC01961_I,0,0.0323927723295138
RC01968_I,0.0524987560571805,0.057959879369637
RC01969_I,0.0524987560571617,0.057959879369605
RC01975_I,0,0.00733486486001311
RC01978_I,0.01,0.0126651351399567
RC01987_I,0,0
RC01993_I,-0.00999999999999091,-0.0296313502500425
RC01998_I,-0.0306732580829703,-0.0506732580830658
RC02003_I,0.0211017022469507,0.0211017022469507
RC02016_I,0.0122913254317707,0.0122913254317707
RC02017_I,0,0
RC02018_I,0,0
RC02019_I,0,0
RC02024_I,0,0
RC02029_I,0.000420837387102028,0.000420836538846082
RC02030_I,0.000859855202293147,0.000859855202293147
RC02035_I,0.00999999999999091,0.00999999999999091
RC02037_I,0.0685676952522336,0.0506333497962502
RC02038_I,-0.175953918235336,-0.195784892853567
RC02051_I,-0.205800140921724,-0.235631115540059
RC02053_I,0,0
RC02055_I,0.01,0.01
RC02057_I,-0.186096002379259,-0.21592697699748
RC02058_I,0,0
RC02059_I,0,0
RC02061_I,0.000107719598645417,0.000107719598645417
RC02078_I,0,0
RC02080_I,0,0
RC02082_I,0.313412826339459,0.313412826339459
RC02088_I,0.0510519456528874,0.0563625661606873
RC02090_I,0,0
RC02093_I,0.00999999999999091,0.00999999999999091
RC02094_I,0.00999999999999091,0.00999999999999091
RC02098_I,0,0
RC02099_I,0,0
RC02100_I,0,0
RC02101_I,0,0
RC02102_I,0,0
RC02103_I,0.118982998216552,0.0623756055982767
RC02107_I,0,0.01
RC02110_I,0.01,0.01
RC02124_I,-0.00999999999999091,-0.00999999999999091
RC02142_I,0,0
RC02147_I,0.37435196007732,0.342326090383381
RC02173_I,0,0
RC02186_I,0.0161152435625809,0.0161152435625809
RC02222_I,0.151534521478334,0.222142477448575
RC02235_I,0.0059969729607019,0.0165192284615614
RC02236_I,0,0
RC02239_I,0,0.01
RC02240_I,0.156958883457882,0.199344365797899
RC02241_I,0.080981640910065,0.0784271323400731
RC02245_I,0.313412826339498,0.313412826339498
RC02250_I,0.01,0
RC02251_I,0.0780269898051246,0.0661269628288606
RC02265_I,0.00999999999999091,0.00999999999999091
RC02266_I,0,0
RC02269_I,0,0
RC02286_I,0,0
RC02288_I,0,0
RC02294_I,0.00783164043002671,0.00746289068001715
RC02295_I,0,-0.00999999999999091
RC02297_I,0,0.00138803828997425
RC02323_I,0.00783164043005903,0.00746289068004462
RC02326_I,0,0
RC02331_I,0,0
RC02335_I,0.0308721866866683,0.0308721866866683
RC02364_I,0,0
RC02367_I,-0.000920503667089179,-0.000920503667089179
RC02382_I,0,0
RC02383_I,0,0
RC02389_I,0.000829211247909564,0.000829211247909564
RC02396_I,0,0.01
RC02397_I,0.01,0.01
RC02464_I,0.00999999999999091,0.01
RC02466_I,0,0
RC02478_I,0,0
RC02484_I,0.0435980989568634,0.0480665437719381
RC02485_I,0.0475347360644855,0.0528602827517625
RC02493_I,0,0
RC02497_I,0,0
RC02519_I,0.01,0.01
RC02521_I,0.01185720205,0.01185720205
RC02529_I,0,0
RC02531_I,0,0
RC02541_I,0.01,0.01
RC02543_I,0,0
RC02556_I,0.0529093477028874,0.0463625661606964
RC02557_I,0,0.00999999999999091
RC02577_I,0,0
RC02619_I,0,0
RC02640_I,0.00999999999999091,0.00999999999999091
RC02665_I,0,0
RC02668_I,0,0
RC02670_I,0.000432130047329338,0.00218875261884932
RC02678_I,0,0
RC02687_I,0,0.01
RC02695_I,0,0
RC02697_I,0,0
RC02701_I,0,0
RC02719_I,0,0
RC02731_I,0.01,0.01
RC02732_I,0.01,0.01
RC02736_I,0.00999999999999091,0.00999999999999091
RC02737_I,0.0111242010562283,0.0111242010562486
RC02739_I,0,0.00999999999999091
RC02740_I,0.282546725292377,0.299128552411503
RC02743_I,0,0
RC02746_I,0,0
RC02748_I,0.0529093477028937,0.0482199682106739
RC02749_I,0.149006202716919,0.164246391352208
RC02750_I,0.00360204964403936,0.00360204964403936
RC02757_I,0.01,0.01
RC02778_I,0.0111242010562283,0.0111242010562486
RC02869_I,0.000368649749999963,0.000368649749999968
RC02902_I,0,0
RC02908_I,0,0
RC02914_I,0,0
RC02918_I,0.0541252122618762,0.0541252122618762
RC02957_I,-0.00179990981996525,0
RC02976_I,0.01,0.0199756005318075
RC02978_I,0.0246868389804962,0.0250489717641878
RC03004_I,0,0
RC03005_I,0.00999999999999091,0.00999999999999091
RC03018_I,0.00231394251480337,0.00231394251480337
RC03020_I,0.01,0.00999999999999091
RC03038_I,0.247545930846387,0.247545930846387
RC03055_I,0,0
RC03057_I,0.01,0.01
RC03058_I,0.0108651253199599,0.0108651253199402
RC03104_I,0,0
RC03105_I,-0.00729628708177188,-0.00999999999999091
RC03106_I,0.00999999999999091,0.00695482703632301
RC03161_I,0.00294319736954162,0.00294319736954162
RC03181_I,0.01,0.01
RC03219_I,0.00072079,0.00072079
RC03245_I,0.313412826339498,0.313412826339498
RC03269_I,0.00231394251477468,0.00231394251480337
RC03283_I,0.01,0.01
RC03284_I,0.01,0.01
RC03300_I,0,0
RC03302_I,0,0
RC03315_I,0.01,0.00999999999999091
RC03321_I,0.0190582892420252,0.0390054703417491
RC03332_I,0,0
RC03336_I,0.012733053556758,0.014532863376985
RC03346_I,0,0.00999999999999091
RC03348_I,0,0
RC03361_I,0.01,0.01
RC03362_I,0.01,0.01
RC03363_I,0,0.0100000000000182
RC03376_I,6.23900000391586e-05,6.23900000391586e-05
RC03393_I,0,0
RC03394_I,0,0
RC03416_I,0.00999999999999091,0.01
RC03421_I,0.101056956217576,0.101056956217576
RC03430_I,0.00999999999999091,0.00999999999999091
RC03433_I,0.00999999999999091,0.00999999999999091
RC03435_I,0.0199999999999818,0.0199999999999818
RC03445_I,0,0
RC03454_I,0.0199998999997259,0.019999899999888
RC03455_I,0.0199998999997259,0.019999899999888
RC03469_I,0.01,0.01
RC03482_I,0.00999999999999091,0.00999999999999091
RC03542_I,0,0
RC03552_I,-0.410943775927649,-0.588232300386494
RC03595_I,0,0
RC03596_I,0,-0.0133838025840305
RC03599_I,0,0
RC03601_I,-0.00999999999999091,0.00338380258403959
RC03617_I,0,0
RC03618_I,-0.00999999999999091,-0.00999999999999091
RC03634_I,1.00000079328311e-07,0
RC03646_I,0.0824153773400096,0.0824153773400096
RC03648_I,0.0500837258632247,0.0500837258632247
RC03650_I,0.000672534718114563,0.000672534718114563
RC03652_I,0.0510766423995756,0.0510766423995756
RC03654_I,0.146337480868725,0.146337480868725
RC03655_I,0.0347949828924989,0.0347949828924989
RC03656_I,0.101069539022345,0.101069539022345
RC03657_I,0.15471550673873,0.15471550673873
RC03658_I,0.15323136203199,0.15323136203199
RC03659_I,0.0237184050545841,0.0237184050545841
RC03660_I,0.0708124381672048,0.0708124381672048
RC03661_I,0.0889407708619325,0.0889407708619325
RC03662_I,0.0996428690566695,0.0996428690566695
RC03663_I,0.101534985581645,0.101534985581645
RC03664_I,0.0140795220615078,0.0140795220615078
RC03665_I,0.137853498439819,0.137853498439819
RC03681_I,0.01,0.01
RC03718_I,0,0
RC03719_I,0.00124953103113512,0.00124953103113512
RC03720_I,0,0
RC03749_I,0,0
RC03755_I,0.0580269898051246,0.0561269628288606
RC03778_I,0,0.148313224744029
RC03814_I,0.060922077416819,0.139537912007239
RC03858_I,0,0.129216121255872
RC03866_I,0.01,0.01
RC03875_I,0.01,0.01
RC03889_I,0,0
RC03936_I,0,0
RC03954_I,0,0
RC03956_I,0,0
RC03970_I,0,0
RC03991_I,0,0.01
RC04025_I,0,0
RC04073_I,0,0
RC04144_I,0.00999999999999091,0.00999999999999091
RC04162_I,0.0106733580832165,0.0306733580831984
RC04171_I,0,0
RC04173_I,0.607933429671789,0.953770295776735
RC04176_I,0.01,0.01
RC04183_I,0,0
RC04184_I,0.00999999999999091,0.00999999999999091
RC04208_I,0.01,0.00999999999999091
RC04209_I,0.00999999999999091,0.00999999999999091
RC04230_I,0,0
RC04231_I,0.00231394251477468,0.00231394251480337
RC04262_I,0.00198534662274596,0.00198534662274596
RC04286_I,0,0
RC04293_I,0,0
RC04300_I,0,0
RC04311_I,0.0306732580829703,0.0506732580830658
RC04313_I,0.01,0.01
RC04321_I,0.0199998999996751,0.0199998999999025
RC04323_I,0,0
RC04325_I,0,-0.00999999999999091
RC04326_I,0.00999999999999091,0.0199999999999818
RC04360_I,0.0306732580829703,0.0506732580830658
RC04361_I,0.0106733580832165,0.0306733580831984
RC04404_I,0.01,0.0100000000000182
RC04420_I,0.00999999999999091,0.00999999999999091
RC04452_I,0.01,0.01
RC04463_I,0.01,0.00999999999999091
RC04480_I,-0.00999999999999091,-0.00999999999999091
RC04496_I,3.59065328818057e-05,3.59065328818057e-05
RC04513_I,0.01,0.01
RC04545_I,0.01,0.01
RC04559_I,0.00999999999999091,0.00999999999999091
RC04560_I,0.0118574020498272,0.0118574020499409
RC04571_I,0.00417618129665698,0.0241761812966388
RC04591_I,0.00999999999999091,0.00999999999999091
RC04620_I,0.01,0.01
RC04666_I,0.00179970981999836,0
RC04674_I,0,0
RC04734_I,0,0
RC04742_I,0,0.148313224744029
RC04770_I,0,0
RC04779_I,0.408939694272001,0.469628940964578
RC04780_I,0.01,0.01
RC04807_I,0.00124953103107024,0.00124953103107024
RC04823_I,0.00124953103107024,0.00124953103107024
RC04824_I,0.00124953103102143,0.00124953103102143
RC04826_I,0.00124953103107024,0.00124953103107024
RC04866_I,0,0
RC04867_I,0,0
RC04886_I,0,0
RC04903_I,0,0
RC04928_I,0,0
RC04929_I,0,0
RC04940_I,0,0
RC04996_I,0,0
RC05050_I,0,0
RC05052_I,0,0
RC05556_I,0.01,0.01
RC05577_I,0.164454058845738,0.164454058845738
RC05578_I,0.165898609421283,0.165898609421283
RC05623_I,0.00813644303389083,0.00813644303389083
RC05692_I,0.00999999999999091,0.00999999999999091
RC05795_I,0.01,0.0100000000000182
RC05802_I,0.0299999999999818,0.02
RC05803_I,0.0199999999999818,0.02
RC05861_I,0,0
RC05916_I,0.00999999999999091,0.00999999999999091
RC05969_I,0.0161152435625809,0.0161152435625809
RC05970_I,0.0161152435625732,0.0161152435625732
RC05972_I,0.0161152435625732,0.0161152435625732
RC05973_I,0.0161152435625732,0.0161152435625732
RC05976_I,0.0161152435625732,0.0161152435625732
RC05979_I,0.0161152435625732,0.0161152435625732
RC05980_I,0.0161152435625732,0.0161152435625732
RC05981_I,0.0161152435625732,0.0161152435625732
RC05982_I,0.0161152435625732,0.0161152435625732
RC05983_I,0.0154188870243785,0.0154188870243785
RC05985_I,0.012535395381359,0.012535395381359
RC05988_I,0.012535395381359,0.012535395381359
RC05989_I,0.0122421639760213,0.0122421639760213
RC06099_I,-0.00999999999999091,-0.00999999999999091
RC06171_I,0,-0.00999999999999091
RC06238_I,0.0161152435625732,0.0161152435625732
RC06258_I,0.0161152435625732,0.0161152435625732
RC06259_I,0.0161152435625732,0.0161152435625732
RC06260_I,0.0161152435625732,0.0161152435625732
RC06261_I,0.0161152435625732,0.0161152435625732
RC06262_I,0.0161152435625732,0.0161152435625732
RC06263_I,0.0161152435625732,0.0161152435625732
RC06264_I,0.0161152435625732,0.0161152435625732
RC06364_I,0.0101420841439221,0.030142084143904
RC06517_I,0.00999999999999091,0.00999999999999091
RC06518_I,0,0
RC06519_I,0,0
RC06520_I,0.000393145866736683,0.01
RC06521_I,0,0.00632250826081398
RC06522_I,0.01,0.0101966497032499
RC06982_I,0,0
RC06983_I,0,0
RC07034_I,0,0
RC07041_I,0.01,0.01
RC07050_I,0.01,0.01
RC07109_I,0.00999999999999091,0.00999999999999091
RC07140_I,0,0
RC07168_I,0.0983960195002282,0.0442110899098225
RC07172_I,0,0
RC07209_I,0,0
RC07211_I,0,0
RC07212_I,0,0
RC07213_I,0,0
RC07218_I,0.00124953103107024,0.00124953103107024
RC07296_I,0.00124953103113512,0.00124953103107024
RC07299_I,0.01,0.0100000000000182
RC07324_I,0.0295488252432554,0.0286559561870325
RC07372_I,0,0
RC07377_I,0.0150357023990182,0.0150357023990182
RC07379_I,0,0
RC07380_I,0,0
RC07384_I,0,0.00999999999999091
RC07385_I,0,0.00999999999999091
RC07387_I,0,0
RC07389_I,0.000531273939259336,0.000531273939259336
RC07392_I,0.01,0.01
RC07396_I,0.01,0.01
RC07641_I,0.00732671599054438,0.01
RC07758_I,0.208058647674557,0.319495601155428
RC07759_I,0.208058647674534,0.319495601155381
RC07760_I,0.208058647674534,0.319495601155381
RC07761_I,0.208058647674557,0.319495601155428
RC07933_I,0.0558886581327086,0.0277096545067435
RC08174_I,0.0332400062357199,0.0532300062358722
RC08177_I,0,0.01
RC08183_I,0.0419237578444748,0.0485813812899224
RC08193_I,0,0
RC08198_I,0,-0.00042614198002866
RC08218_I,0,0
RC08223_I,0,0
RC08224_I,0,0
RC08379_I,0.0109205036670801,0.0109205036670801
RC08381_I,-0.000920503667089179,-0.000920503667089179
RC08383_I,0,0
RC08388_I,-0.000920503667089179,-0.000920503667089179
RC08505_I,0,0
RC08539_I,-0.00999999999999091,0.00999999999999091
RC08707_I,-0.101056956217576,-0.101056956217576
RC08723_I,0,0
RC08724_I,0,0
RC08725_I,0,0
RC08733_I,0.00124953103113512,0.00124953103113512
RC08734_I,0.00124953103113512,0.00124953103113512
RC08735_I,0.00124953103113512,0.00124953103113512
RC08759_I,0.00124953103102143,0.00124953103102143
RC08761_I,0.00124953103107024,0.00124953103107024
RC08766_I,0.0127330535567141,0.0145328633769325
RC08767_I,0.01,0.01
RC08969_I,0.0143582760145891,0.0143582760145891
RC08981_I,0,0
RC09035_I,-0.00476130034064681,-0.00476130034064681
RC09036_I,-0.00999999999999091,-0.00999999999999091
RC09085_I,0,0
RC09086_I,0,0
RC09319_I,0.000407801988182669,0.000407801988182669
RC09371_I,0.01,0.01
RC09394_I,0.00614566271588536,0.00614566271588536
RC09510_I,0,0
RC09511_I,0.01,0.01
RC09752_I,0,0
RC09844_I,0.000107719598645417,0.000107719598645428
RC09845_I,7.18130657636114e-05,7.18130657636114e-05
RC10059_I,0,0
RC10065_I,0.00999999999999091,0.00999999999999091
RC10092_I,0.386236167199627,1.29193195357323
RC10306_I,0,0
RC10633_I,-0.410943775927649,-0.588232300386494
RC10928_I,0.0199999999999818,0.01
RC10951_I,0,0.01
RC12124_I,0.01,0.01
RCC0001_I,0.0313401068119674,0.0458308102948877
RCC0005_I,10,10
RCC0009_I,0,0
RCC0010_I,0.01,0.01
RCC0018_I,0,0
RCC0019_I,0.571188302044675,1.63106515496895
RCC0020_I,0.00256532895636389,0.110600043955026
RCC0021_I,0.0685676952522336,0.0506333497962502
RCC0022_I,0.01,0
RCC0029_I,0.01,0.01
RCC0030_I,0.01,0.01
RCC0031_I,0.01,0.01
RCC0032_I,0.000107719598645417,0.000107719598645417
RCC0033_I,7.18130657636114e-05,7.18130657636114e-05
RCC0034_I,3.59065328818057e-05,3.59065328818057e-05
RCC0037_I,0.0161152435625732,0.0161152435625732
RCC0038_I,0.0154188870243785,0.0154188870243785
RCC0039_I,0.0142787736261061,0.0142787736261061
RCC0040_I,0.000803280833761274,0.000803280833761274
RCC0041_I,0.000948980961577995,0.000948980961577995
RCC0042_I,0.000407801988182669,0.000407801988182669
RCC0043_I,0.00862848689737242,0.0086284868973725
RCC0044_I,0.145291446209931,0.159956439180161
RCC0045_I,0.145291446209931,0.159956439180161
RCC0046_I,0.116233156967945,0.127965151344129
RCC0050_I,0.00124953103113512,0.00124953103113512
RCC0051_I,0.01,0.01
RCC0053_I,0,0
RCC0055_I,0,0.0190971034881574
RCC0056_I,0.00561358506883385,0.124738293061353
RCC0058_I,0,0
RCC0060_I,0.00999999999999091,0.00999999999999091
RCC0061_I,0.1390700747398,0.199828516532462
RCC0062_I,0.0558886581327086,0.0277096545067435
RCC0063_I,0.0558886581327086,0.0277096545067435
RCC0064_I,0.060922077416819,0.139537912007239
RCC0065_I,0.0469382464351826,0.105000781313762
RCC0066_I,0,0.01
RCC0067_I,0.039069423732787,0.01
RCC0068_I,0,0.0411927982685095
RCC0069_I,0.01,0.01
RCC0070_I,0.01,0.01
RCC0071_I,0.0373924072324567,0.0476338882557145
RCC0072_I,0.0373924072324567,0.0476338882557145
RCC0073_I,0.0241597386645892,0.0346060318952832
RCC0074_I,0,0
RCC0076_I,3.59065328439101e-05,3.59065328439101e-05
RCC0078_I,0.0124437779199868,0.0177738481999838
RCC0079_I,0,0.01
RCC0080_I,0.01,0.02
RCC0081_I,0.01,0.02
RCC0082_I,0,0
RCC0083_I,0,0.01
RCC0084_I,0,0.129216121255872
RCC0085_I,0,0.148313224744029
RCC0086_I,0,0.148313224744029
RCC0087_I,0.01,0
RCC0088_I,0.0182954269570891,0.0308187303061704
RCC0089_I,0,0.01
RCC0090_I,0.00450713176594533,0.0178506683963296
RCC0091_I,0.01,0.01
RCC0092_I,0.01,0.03
RCC0093_I,0,0.01
RCC0094_I,0,0.02
RCC0095_I,0,0.01
RCC0096_I,0,0.01
RCC0097_I,0,0.02
RCC0098_I,0,0.01
RCC0099_I,0,0.02
RCC0101_I,0.0132326685678675,0.0130278563604313
RCC0102_I,0.0341597386645801,0.0446060318952832
RCC0103_I,0,0.01
RCC0104_I,0,0.01
RCC0106_I,0.0370922884149411,0.0409528923341482
RCC0107_I,0,0.01
RCC0108_I,0.01,0
RCC0109_I,0,0
RCC0110_I,0,0
RCC0111_I,0,0
RCC0112_I,0,0
RCC0113_I,0,0
RCC0114_I,0,0
RCC0115_I,0,0
RCC0116_I,0,0
RCC0117_I,0,0
RCC0118_I,0,0.01
RCC0119_I,0,0
RCC0120_I,0,0
RCC0121_I,0,0
RCC0122_I,0,0
RCC0123_I,0,0.01
RCC0124_I,0.00241328043304838,0.0224487354801732
RCC0125_I,0,0.01
RCC0126_I,0,0.01
RCC0127_I,0,0
RCC0128_I,0.0421731125066729,0.0636129301928889
RCC0129_I,0.01,0
RCC0130_I,0.051207135273594,0.0552719654479207
RCC0131_I,0,0
RCC0134_I,0,0.00733486486003425
RCC0136_I,0.0161152435625732,0.0161152435625732
RCC0137_I,0.00569065156355464,0
RCC0138_I,0,0.00701418250571351
RCC0139_I,0,0
RCC0140_I,0,9.99999983955502e-06
RCC0141_I,0,9.99999983955502e-06
RCC0142_I,0.00614566271588536,0.00614566271588536
RCC0143_I,0.00614566271588536,0.00614566271588536
RCC0144_I,0,0
RCC0145_I,0,0
RCC0147_I,0.0237092302397606,0.0261755559150153
RCC0148_I,0.0189807588664055,0.0239019703959507
RCC0149_I,0.0371075764289091,0.040967649808247
RCC0150_I,0,0
RCC0151_I,0.0117664172824542,0.0236389810600903
RCC0152_I,0,0.01
RCC0153_I,0.01,0.00124953103113512
RCC0156_I,0,0
RCC0157_I,0,0
RCC0159_I,0.01,0.01
RCC0162_I,0,0
RCC0163_I,-0.410943775927649,-0.588232300386494
RCC0165_I,0,0.01
RCC0166_I,0,0.129216121255872
RCC0167_I,0,0.148313224744029
RCC0168_I,0,0.148313224744029
RCC0170_I,0.01,0.01
RCC0171_I,0.01,0.01
RCC0172_I,0.01,0.01
RCC0173_I,0.00333333333333333,0.00333333333333333
RCC0174_I,0.00333333333333333,0.00333333333333333
RCC0175_I,3.1e-06,3.1e-06
RCC0176_I,0.00333333333333333,0.00333333333333333
RCC0177_I,0.01,0.01
RCC0178_I,0.101056956217543,0.101056956217543
RCC0179_I,0,0
RCC0180_I,0.101056956217543,0.101056956217543
RCC0181_I,0,0
RCC0185_I,0.01,0.01
RCC0200_I,0,0.01
RCC0206_I,0,0.00428571428571429
RCC0207_I,0,0.00571428571428571
RCC0210_I,0,0.01
RCC0211_I,0,0.00142857142857143
RCC0212_I,0,0.00142857142857143
RCC0213_I,0,0.00142857142857143
RCC0214_I,0,0.00857142857142857
RCC0215_I,0,0.00857142857142857
RCC0216_I,0,0.00857142857142857
RCC0217_I,0,0.00857142857142857
RCC0218_I,0,0.00857142857142857
RCC0219_I,0,0.00285714285714286
RCC0222_I,0,0.00142857142857143
RCC0223_I,0,0.00142857142857143
RCC0224_I,0,0.00714285714285714
RCC0225_I,0,0.00142857142857143
RCC0250_I,0,0
RE00160_I,0,0
RE00548_I,0,0
RE10092_I,-0.000707267248571952,-0.0013191979385283
RM00004_I,0.499953517129808,0.499953517129837
RM00081_I,9.19537228738068,9.68638195735502
RM00112_I,8.16348180071714,8.5382592288554
RM00115_I,0,0
RM00127_I,0.486289871652502,0.496289871652493
RM00130_I,0.00231394251477468,0.00231394251480337
RM00138_I,0.000463439912891772,0.000463439912891772
RM00161_I,0,0
RM00197_I,0.0507330762838998,0.0566461151144151
RM00199_I,0,0.01
RM00209_I,0.799521835643538,1.20170701307526
RM00216_I,0.412134098910991,0.243000206687068
RM00238_I,0.536833932085642,1.24213807457363
RM00239_I,0.01,0.01
RM00243_I,0,-0.00999999999999091
RM00245_I,0.0199999999999909,0.0199999999999909
RM00248_I,3.7492441286638,3.98477714312833
RM00258_I,2.26146550051556,2.64425376748989
RM00261_I,0,0
RM00267_I,2.87590236133331,2.65874849700677
RM00275_I,0,0
RM00335_I,0.01,0.01
RM00342_I,0.816292318085743,0.261546044957072
RM00344_I,0.01,0.01
RM00351_I,0.978246389073797,0.423909858494505
RM00355_I,0.15195407098804,0.152363813537363
RM00369_I,-1.92829951516683,-2.30568954746934
RM00371_I,0,0
RM00383_I,0.00179534369850501,0
RM00405_I,-2.68409149114473,-3.41797181113327
RM00410_I,-0.58963649080863,-1.51558970203359
RM00432_I,-0.982576825574483,-0.982576825574483
RM00471_I,0,0
RM00472_I,0,0.01
RM00479_I,-1.9582995151668,-2.31568954746933
RM00489_I,0,0
RM00513_I,0,0
RM00533_I,0,0.01
RM00549_I,0,0
RM00585_I,0,0.00999999999999091
RM00667_I,0.00999999999999091,0.00999999999999091
RM00705_I,0,0.01
RM00706_I,0.797611050183689,0.788915464122295
RM00709_I,0.01,0.01
RM00710_I,0.01,0.01
RM00711_I,0,0.01
RM00713_I,0,0
RM00716_I,0,0
RM00734_I,0,0
RM00751_I,0.00999999999999091,0.0199999999999818
RM00781_I,0,0
RM00833_I,0.00999999999999091,0.00999999999999091
RM00842_I,-0.00999999999999091,-0.00999999999999091
RM00908_I,-0.00999999999999091,-0.00999999999999091
RM00927_I,0.309176249971756,0.323598283551291
RM00935_I,0.474414318469307,0.478800048781268
RM00943_I,0,-0.00999999999999091
RM00945_I,-0.00999999999999091,-0.00999999999999091
RM01025_I,0.00999999999999091,0.00999999999999091
RM01082_I,-0.0390505633457678,-0.0318247472398525
RM01090_I,0.350805233571919,0.348381579455236
RM01175_I,0.0428025587229968,0.256982623446561
RM01177_I,0.0428025587229968,0.236982623446579
RM01214_I,0.47347973396927,0.489665174101219
RM01220_I,0,0.00999999999999091
RM01248_I,0,0
RM01251_I,0,0
RM01253_I,0,0
RM01278_I,0.01,16.1737005397998
RM01282_I,0.00999999999999091,16.1837005397998
RM01301_I,0,0
RM01360_I,0.01,0.01
RM01393_I,0,0.00999999999999091
RM01465_I,0,0
RM01492_I,0.000463439912891772,0.000463439912891772
RM01608_I,0.807611050183709,0.808915464122265
RM01616_I,0,0
RM01648_I,0,0
RM01655_I,0,0.00999999999999091
RM01736_I,0,0
RM01859_I,0.00999999999999091,0.01
RM01868_I,0.01,0.0296313502500343
RM01875_I,0,0
RM01923_I,0,0.01
RM01931_I,0,0
RM01939_I,0,0
RM01975_I,-0.0528025587229877,-0.273451627459963
RM02016_I,0.01,0.01
RM02050_I,0.00179970982003397,0
RM02055_I,0,0
RM02085_I,0.313412826339459,0.310747691199595
RM02161_I,18.3300114984775,19.3161177995956
RM02164_I,0,0
RM02199_I,0.310410125041699,0.324832158621234
RM02300_I,0,0
RM02301_I,0,0
RM02313_I,0,0
RM02396_I,0,0.01
RM02433_I,0,0
RM02480_I,3.59065328439101e-05,3.59065328439101e-05
RM02488_I,0.01,0.016469004013424
RM02529_I,0,0
RM02530_I,0,0
RM02565_I,0,0
RM02566_I,0.00999999999999091,0.00999999999999091
RM02619_I,0,0
RM02661_I,0.472614608649337,0.488800048781286
RM02678_I,0,0
RM02765_I,-0.00999999999999091,-0.00999999999999091
RM02918_I,0.0130480906919073,0.0130480906919073
RM03026_I,-0.0528025587229877,-0.273451627459963
RM03035_I,0.00231394251477468,0.00231394251477468
RM03038_I,0.0543996258732706,0.0543996258732706
RM03045_I,0.807611050183709,0.808915464122265
RM03102_I,0,0
RM03103_I,0,0
RM03158_I,0.80761105018368,0.808915464122286
RM03172_I,0.309176249971756,0.323598283551291
RM03225_I,-0.00999999999999091,0.00999999999999091
RM03291_I,-0.00999999999999091,-0.00999999999999091
RM03293_I,0.00999999999999091,0.00999999999999091
RM03313_I,0.01,0.01
RM03336_I,0,0
RM03425_I,0.00999999999999091,0.00999999999999091
RM03451_I,0.01,0.01
RM03524_I,0,0
RM03534_I,-0.00999999999999091,0.00999999999999091
RM03646_I,0.0237532438110057,0.0237532438110057
RM03648_I,0.0172170412547324,0.0172170412547324
RM03650_I,0.00421368909680146,0.00421368909680146
RM03651_I,0.0183301554316024,0.0183301554316024
RM03654_I,0.0460116370411034,0.0460116370411034
RM03655_I,0.00866565951586868,0.00866565951586868
RM03656_I,0.0258856185010778,0.0258856185010778
RM03657_I,0.0399004505576061,0.0399004505576061
RM03658_I,0.034828948700648,0.034828948700648
RM03659_I,0.00994848834880143,0.00994848834880143
RM03660_I,0.0173079771879236,0.0173079771879236
RM03661_I,0.0210261383920948,0.0210261383920948
RM03662_I,0.0222793036318476,0.0222793036318476
RM03663_I,0.0242502305688743,0.0242502305688743
RM03664_I,0.00434936356396911,0.00434936356396911
RM03665_I,0.0365226912423859,0.0365226912423859
RM03758_I,0,0
RM03776_I,0,0.01
RM03777_I,0.0428025587229968,0.24698262344657
RM03778_I,0,0.00999999999999091
RM03815_I,0.00999999999999091,0.00999999999999091
RM03856_I,0,0.01
RM03857_I,0,0.0199999999999818
RM03858_I,0,0.00999999999999091
RM03905_I,0.0183301554316131,0.0183301554316131
RM03989_I,0,0.01
RM03990_I,0,0.0199999999999818
RM03991_I,0,0.00999999999999091
RM04096_I,0.313412826339498,0.310747691199541
RM04125_I,0.00999999999999091,0.00999999999999091
RM04138_I,0.313412826339498,0.310747691199541
RM04170_I,0,-0.00999999999999091
RM04188_I,0,0.00999999999999091
RM04203_I,0.309176249971756,0.323598283551291
RM04204_I,0.309176249971756,0.323598283551291
RM04224_I,0.472614608649337,0.488800048781286
RM04432_I,0.807611050183709,0.808915464122265
RM04433_I,18.0695958511222,19.0031789018072
RM04737_I,0,-0.00999999999999091
RM04738_I,0,-0.00999999999999091
RM04739_I,0,-0.00999999999999091
RM04740_I,0,-0.00999999999999091
RM04741_I,0,-0.00999999999999091
RM04742_I,0,0.00999999999999091
RM04743_I,0,-0.00999999999999091
RM04744_I,0,-0.00999999999999091
RM04745_I,-0.0428025587229968,-0.236982623446579
RM04746_I,-0.0428025587229968,-0.236982623446579
RM04747_I,0.0428025587229968,0.236982623446579
RM04748_I,-0.0428025587229968,-0.236982623446579
RM04749_I,-0.0428025587229968,-0.236982623446579
RM04751_I,16.0211759985319,0.24698262344657
RM04753_I,0,0.01
RM04754_I,0,0.0199999999999818
RM04807_I,0,0
RM05051_I,0,0
RM05052_I,0,0
RM05064_I,0.472614608649309,0.488800048781258
RM05066_I,0.472614608649337,0.488800048781286
RM05373_I,0,0
RM05577_I,0.0315824872568803,0.0315824872568803
RM05578_I,0.0327690309840812,0.0327690309840812
RM06985_I,15.9783734398089,0.01
RM07136_I,0,0
RM07273_I,0.01,0.01
RM07411_I,0.000886263049659875,0.000886263049659875
RM07412_I,0.000886263049665104,0.000886263049665104
RM08505_I,0,0
RM08657_I,0.250415647355223,0.283307547538402
RM08759_I,0,0
RM08761_I,0,0
RM08766_I,0,0
RM08767_I,0,0
RM08770_I,0.01,0.01
RM08771_I,0.01,0.01
RM08772_I,0.01,0.01
RM08773_I,0.01,0.01
RM08774_I,0.01,0.01
RM08775_I,0.01,0.01
RM08781_I,0.01,0.01
RM10092_I,0.33341282633944,0.330747691199576
RM10151_I,0,0
RMC0001_I,0.927602846166451,0.353058949537399
RMC0003_I,3.06703182591057,2.87495893467412
RMC0004_I,38.2061063498013,40.2936145003652
RMC0005_I,0,0
RMC0006_I,0,0
RMC0007_I,0,0
RMC0008_I,0,0
RMC0009_I,0,0
RMC0011_I,0.350805233571954,0.348381579455255
RMC0012_I,0.472614608649309,0.488800048781258
RMC0013_I,0.309176249971744,0.323598283551263
RMC0014_I,0.01,0.016469004013424
RMC0015_I,0,0
RMC0016_I,0,0
RMC0023_I,0.00440136577180776,0.00440136577180776
RMC0024_I,0.00440136577180776,0.00440136577180776
RMC0026_I,0,0
RMC0027_I,0,0
RMC0028_I,0,0
RMC0054_I,0.01,0
RMC0058_I,0,0
RMC0074_I,0,0
RMC0075_I,0.01,0.01
RMC0077_I,0,0
RMC0087_I,0.01,0
RMC0088_I,0,0
RMC0089_I,0,0
RMC0090_I,0.01,0
RMC0091_I,0,0
RMC0092_I,0,0
RMC0093_I,0,0
RMC0094_I,0,0
RMC0095_I,0,0
RMC0096_I,0,0
RMC0097_I,0,0
RMC0098_I,0,0
RMC0099_I,0,0.02
RMC0100_I,0,0.02
RMC0103_I,0,0
RMC0104_I,0,0
RMC0105_I,0,0.01
RMC0106_I,0,0
RMC0107_I,0,0
RMC0108_I,0.01,0
RMC0109_I,0,0
RMC0110_I,0,0
RMC0111_I,0,0
RMC0112_I,0,0
RMC0113_I,0,0
RMC0114_I,0,0
RMC0115_I,0,0
RMC0116_I,0,0
RMC0117_I,0,0
RMC0118_I,0,0.01
RMC0119_I,0,0
RMC0120_I,0,0
RMC0121_I,0,0
RMC0122_I,0,0
RMC0123_I,0,0.01
RMC0126_I,0,0
RMC0132_I,3.59065328818057e-05,3.59065328818057e-05
RMC0133_I,0.0258158254411245,0.01526760075862
RMC0154_I,0.01,0.00124953103113512
RMC0155_I,0.04,0.0599999999999818
RMC0182_I,0.01,0.01
RMC0183_I,0.01,0.01
RMC0184_I,0.01,0.01
RMC0187_I,0,0
SNK0012_I,0,0
SNK0013_I,0,0
SNK0014_I,0,0
SNK0016_I,0,0
SNK0028_I,0,0
SNK0029_I,0,0
SNK0036_I,0,0
SNK0045_I,0.00557837681999493,0.00557837682001999
SNK0056_I,0,0
SNK0069_I,0,0
SNK0070_I,0,0
SNK0071_I,0,0
SNK0074_I,0,0
SNK0101_I,0,0
SNK0102_I,0.00999999999999091,0.00999999999999091
SNK1002_I,0,0
SNK1003_I,0,0
TCE0329_I,-0.0136258241292353,-0.0252098776119283
TCE0329_L,0,0
TCE0332_I,-0.000525108858255408,-0.000525108858255408
TCE0332_L,0.00193659077024222,0.00193659077024222
TCE0333_I,0,0
TCE0333_L,0,0
TCE0338_I,0.0112531246298886,0.00945331481000267
TCE0338_L,0,0
TCE0342_I,0,0
TCE0342_L,0,0
TCE0346_I,0,0
TCE0346_L,0,0
TCE0352_I,0.00138514539548851,5.75922299503873e-05
TCE0360_I,-0.00256674815273072,-0.00256674815261704
TCE0360_L,0,0
TCE0368_I,-0.00528694487866233,-0.00580143464685534
TCE0368_L,0,0
TCE0370_I,0,0
TCE0374_I,0,0
TCE0374_L,0,0
TCE0376_I,0,-0.00999999999999091
TCE0376_L,0,0
TCE0379_I,0.035978594645826,0.083557323082232
TCE0379_L,0,0
TCE0382_I,-0.129903712517262,-0.131703522532689
TCE0382_L,0,0
TCE0384_I,0,0
TCE0389_I,0.00131086561361826,0.00220373466981982
TCE0389_L,0,0
TCE0392_I,0,0
TCE0392_L,0,0
TCE0395_I,0,0
TCE0395_L,0,0
TCE0399_I,0.0236533935634498,0.0206261095595437
TCE0399_L,0.000611930689974723,0
TCE0401_I,0,0
TCE0414_I,0,0
TCE0414_L,0,0
TCE0416_I,0,0
TCE0416_L,0,0
TCE0417_I,0,0
TCE0417_L,0,0
TCE0424_I,0.00347208185405634,0.00347208184359715
TCE0424_L,0,0
TCE0430_I,-0.000415261724242555,-0.00051138845776677
TCE0430_L,0.000415261724242555,0.00051138845776677
TCE0437_I,0,0
TCE0440_I,-0.0763752269939459,-0.0565396306549246
TCE0440_L,0,0
TCE0441_I,0,0.00185740204995
TCE0441_L,0,0
TCE0447_I,0,0
TCE0450_I,-0.000415261724242555,-0.000458458852222066
TCE0450_L,0.000415261724242555,0.000458458852222066
TCE0453_I,-0.189967388403034,-0.159629401125585
TCE0453_L,0,0
TCE0457_I,0,0
TCE0457_L,0,0
TCE0459_I,0.00372092476997141,0.00372092476999662
TCE0459_L,0,0
TCE0464_I,0,0
TCE0464_L,0,0
TCE0474_I,0,0
TCE0482_I,0,0
TCE0482_L,0,0
TCE0484_I,3.96718243943826,4.33499859890912
TCE0484_L,0,0
TCE0486_I,0,0
TCE0486_L,0,0
TCE0487_I,0,0
TCE0504_I,-7.17593292165475e-05,-7.17593292165475e-05
TCE0504_L,0.00916975756099024,0.00916975756099023
TCE0507_I,0,0
TCE0507_L,0,0
TCE0508_I,-0.178380975334676,-0.185822925142816
TCE0508_L,0,0
TCE0513_L,0,0
TCE0514_I,-0.0435980989568634,-0.0480665437719381
TCE0514_L,0,0
TCE0518_I,0,0
TCE0518_L,0,0
TCE0521_I,-0.0800197771064859,-0.0793992055916988
TCE0521_L,0,0
TCE0531_I,-0.334253032268066,-0.361832190714949
TCE0531_L,0,0
TCE0533_I,-0.0119322217169611,-0.0242110899098407
TCE0533_L,0,0
TCE0536_I,-0.000489986690581645,-0.000489986690581645
TCE0536_L,0.0013191979385283,0.0013191979385283
TCE0542_I,-0.0925603426464932,-0.0957342335472049
TCE0542_L,0,0
TCE0544_I,0,0
TCE0544_L,0,0
TCE0558_I,0,0
TCE0558_L,0,0
TCE0559_I,0,0
TCE0560_I,0.00910562794422276,0.0036150267260382
TCE0573_I,-0.00393663710758574,-0.00479373897985624
TCE0573_L,0,0
TCE0574_I,0,0
TCE0576_I,-0.0021586336611108,-0.00364511682641933
TCE0576_L,0,0
TCE0591_I,0,0
TCE0591_L,0,0
TCE0597_I,0,0
TCE0597_L,0,0
TCE0600_I,0,0
TCE0602_I,0.00372092476993657,0.209640943467321
TCE0602_L,0,0
TCE0603_I,0,0
TCE0605_I,0.00411056565997114,0.00364120189999539
TCE0605_L,0,0
TCE0611_I,0,0
TCE0611_L,0,0
TCE0612_I,0,0
TCE0615_I,0,0
TCE0618_I,0,0
TCE0619_I,-0.426850716134481,-0.400285969753099
TCE0619_L,0,0
TCE0621_I,0.0027332535566984,0.00453306337692538
TCE0621_L,0.00761388715807243,0.00757069003009292
TCE0622_I,-0.00999999999999091,-0.00999999999999091
TCE0622_L,0,0
TCE0627_I,0.0199999000000162,0.0199999000000162
TCE0627_L,-0.0191356399053575,-0.0156223947623175
TCE0644_I,0,0
TCE0644_L,0,0
TCE0648_I,0,0
TCE0648_L,0,0
TCE0658_I,-0.00082921124794666,-0.00082921124794666
TCE0658_L,0,0
TCE0660_I,0,0
TCE0662_I,0,0
TCE0662_L,0,0
TCE0670_I,-0.00999999999999091,0.00266513513997779
TCE0670_L,0,0
TCE0673_I,-0.00270371291821903,0.00304517296365248
TCE0673_L,0,0
TCE0674_I,0,0
TCE0674_L,0,0
TCE0687_I,0.00372107476994188,0.00445857426973362
TCE0687_L,0,0.00108659446005292
TCE0694_I,0,0
TCE0694_L,0,0
TCE0697_I,0.0033333333333303,0.0033333333333303
TCE0699_L,0,0
TCE0706_I,-0.58963649080863,-1.53558970203358
TCE0706_L,0,0
TCE0707_I,0,0
TCE0710_I,0,0
TCE0712_I,0,0
TCE0712_L,0,0
TCE0713_I,-0.000804518199402082,-0.00106022767249669
TCE0713_L,0.000804518199402082,0.00106022767249669
TCE0716_I,-0.00611002483833545,-0.00611002486823509
TCE0716_L,0,0
TCE0718_I,-0.0802784278548643,-0.0910162358154594
TCE0718_L,0,0
TCE0719_I,0,0
TCE0719_L,0,0
TCE0723_I,0,0
TCE0723_L,0,0
TCE0726_I,0.118982998216598,0.0723756055982743
TCE0729_I,0,0
TCE0732_I,0.00185740204995,0
TCE0732_L,0,0
TCE0735_I,-0.156855208331422,-0.167717618290453
TCE0735_L,0,0
TCE0739_I,-0.00179970981992028,-0.00179970982003397
TCE0739_L,0,0
TCE0743_I,0,0
TCE0745_I,0,0
TCE0745_L,0.00360204964408695,0.00360204964408695
TCE0752_I,-0.00999999999999091,-0.00999999999999091
TCE0752_L,0,0
TCE0757_I,-0.0129632842534875,-0.00611729228432978
TCE0757_L,0.00792748185449454,0.0267170526269638
TCE0758_I,-0.245256281628144,-0.0922860944201602
TCE0758_L,0,0
TCE0766_I,-0.00963135025006068,-0.00926260050005112
TCE0766_L,0,0
TCE0772_I,-0.0049858544913377,0.00138803828997425
TCE0772_L,0,0
TCE0777_I,0,0
TCE0779_I,0.000818546788764252,-0.0108736028024623
TCE0779_L,0,0
TCE0784_I,-0.252202243623628,-0.227235976178235
TCE0784_L,0,0
TCE0785_I,-0.0249029245945849,-0.0218756405906788
TCE0785_L,-0.000611930689956353,0
TCE0788_I,0,0
TCE0788_L,0,0
TCE0795_I,0,0
TCE0797_I,0,0
TCE0797_L,0,0
TCE0825_I,0,0
TCE1117_I,-0.0853530205337165,-0.075729465455538
TCE1117_L,0,0
TCE1121_I,-0.131071660307157,-0.122117325835006
TCE1121_L,0.00286470467858635,0
TCE1122_I,-0.178305550284904,-0.187561223179955
TCE1122_L,0,0
TCE1124_I,-0.0037208747700106,-0.00653987313000925
TCE1124_L,0,0
TCE1127_I,0,0
TCE1127_L,0,0
TCE1130_I,0,0
TCE1130_L,0,0
TCE1132_I,0,0
TCE1133_I,9.9999965641473e-08,0.000368849749975197
TCE1133_L,0.00999990000002526,0.00963115025001571
TCE1137_I,-0.0800852662001716,-0.0901608214848011
TCE1137_L,0,0
TCE1143_I,0,0
TCE1143_L,-0.0199999999999818,-0.0199999999999818
TCE1148_I,-0.00484745657490748,-0.00484745657490748
TCE1148_L,0,0
TCE1150_I,0,0
TCE1154_I,-0.0093034360954789,-0.0150200986621485
TCE1154_L,0,0
TCE1156_I,0,0
TCE1156_L,0,0
TCE1157_I,-0.00999999999999091,-0.00999999999999091
TCE1157_L,0,0
TCE1158_I,-0.000368649749930228,-0.000737399499939784
TCE1158_L,0,0
TCE1159_I,-1.26057244696119,-0.712538094850856
TCE1159_L,0,0
TCE1161_I,0.438862804765449,0.419063946485494
TCE1161_L,0,0
TCE1164_I,-0.170846790261066,-0.179576553917514
TCE1164_L,0,0
TCE1169_I,-0.00136750377077988,-0.00136750377077988
TCE1169_L,0.00368144628555456,0.00368144628555456
TCE1179_I,0,0
TCE1179_L,0,0
TCE1182_I,-0.632622439232478,-0.662142846506526
TCE1182_L,0.00374981336983637,0.00413988343530036
TCE1184_I,-0.528822296896919,-0.553896044647217
TCE1184_L,0,0
TCE1185_I,0,0
TCE1185_L,0,0
TCE1186_I,0.0190505633456723,0.0218247472398616
TCE1186_L,0,0
TCE1189_I,-0.141517923679544,-0.146807642302406
TCE1189_L,0,0
TCE1194_I,-0.124965711969821,-0.135045171101865
TCE1194_L,0,0
TCE1197_I,-0.0626481130617549,-0.0628125167226017
TCE1197_L,0,0
TCE1202_I,-0.692681517260667,-1.07630515018013
TCE1202_L,0,0
TCE1204_I,0,-0.0199999999999818
TCE1204_L,0,0
TCE1206_I,-0.00134924693065841,0.00434302596488578
TCE1206_L,0,0
TCE1208_I,-0.368728267702522,-0.405079564302582
TCE1208_L,0,0
TCE1211_I,-0.401127422520972,-0.414586894001559
TCE1211_L,0,0
TCE1297_I,-0.562577357842883,-0.611800612889397
TCE1297_L,0,0
TCE1298_I,0,0
TCE1298_L,0,0.00999999999999091
TCE1300_I,0,-0.00392018598518007
TCE1300_L,0,0
TCE1301_I,10.1406460984128,11.3937953878951
TCE1302_I,-0.0190506036427678,-0.0134042433676314
TCE1302_L,0,0
TCE1303_I,-0.321646263918979,-0.333988841160817
TCE1303_L,0,0
TCE1304_I,0,0
TCE1304_L,0,0
TCE1305_I,0,0
TCE1305_L,0,0
TCE1306_I,-0.0633819690647215,-0.0522942836500988
TCE1306_L,0,0
TCE1307_I,-0.00999999999999091,-0.00999999999999091
TCE1307_L,0,0
TCE1308_I,0.0178114831295488,0.0171134535328292
TCE1308_L,0,0
TCE1309_I,0,0
TCE1309_L,0,0
TCE1310_I,-9.36492873795726,-10.175234671392
TCE1310_L,0.000707267248571952,0.0013191979385283
TCE1311_I,-0.00915294527908372,-0.00220194076234748
TCE1311_L,0,0
TCE1312_I,3.97559332403557,3.20697215872963
TCE1312_L,-0.00304254612126442,-0.00282068549677206
TCE2000_I,0,0
TCE2001_I,0,0
TCE2003_I,0,0
TCE2005_I,0,0
TCE5004_I,0.00953666008716732,0
TCE5004_L,0.000926779825724448,0.000926779825775481
TCE5005_I,0,0.00907810123491383
TCE5005_L,0.000415261724237076,0.000458458852194393
TCE5006_I,-0.00148745691126351,-0.00148745691126351
TCE5006_L,0.00244553302667221,0.00244553302669856
TCE5007_I,0,0
TCE5007_L,0,0
TCE5008_I,-0.0104152617242335,-0.00219946997719944
TCE5008_L,0.000415261724237076,0.00558327256129242
TCE5016_I,0,0
TCE5016_L,0,0
TCE5017_I,-0.00229016840921759,-0.00252840056987225
TCE5017_L,0.00229016840921759,0.00252840056987225
TCE5019_I,0,0
TCE5019_L,0.01,0.01
TCE5020_I,0.00999999999999091,0.00999999999999091
TCE5020_L,0.000919804719185123,0.00101548635761058
TCE5021_I,0,0.00042614198002866
TCE5021_L,0,0
TCE5022_I,0,0
TCE5022_L,0,0
TCE5023_I,0,0
TCE5023_L,0.0129769288824086,0.0143268391310748
TCE5024_I,0,0
TCE5024_L,0,0
TCE5031_I,-0.0183426080399158,-0.00405519726473358
TCE5031_L,0.00834260803992493,0.0140551972647245
TCE5035_I,0.0069551252703377,0
TCE5035_L,0,0
TCE5036_I,-2.00000044969784e-07,-0.10296020934868
TCE5036_L,-0.00761388715807243,-0.00757069003009292
TCE5038_I,0,0
TCE5038_L,-0.00141148191198681,-0.00141148191198681
TCE5040_I,0,0
TCE5041_I,0,0
TCE5041_L,0,0
TCE5042_I,0.000368849749975197,0.00216865956997481
TCE5042_L,0.00783124043005046,0.0078313404300161
TCE5043_I,0.00179990981996525,0
TCE5043_L,0,0
TCE5045_I,0.00129150296743319,0.00129150296743319
TCE5045_L,0.00555081988079564,0.00555081988079564
TCE5046_I,-0.00592117414851145,-0.00592117414851145
TCE5046_L,0.0140576171824023,0.0140576171824023
TCE5063_I,0,0
TCE5063_L,0,0
TCE5066_I,0.00361289262400533,0.00361224259995652
TCE5066_L,-0.00361289262400533,-0.016996045183987
TCE5069_I,-0.00188264198391153,0.00384226143626165
TCE5069_L,-0.00811735801607938,-0.000458458852222066
TCE5070_I,-0.00736417995074135,-0.00736576850192705
TCE5070_L,0.00383801750628083,0.00290379503884254
TCE5071_I,0,0.00999999999999091
TCE5071_L,0,0
TCE5072_I,0,0
TCE5072_L,0,0
TCE5073_I,-0.00999999999999091,-0.00999999999999091
TCE5074_I,-0.00476130034064681,-0.00476130034064681
TCE5075_I,0,0.00999999999999091
TCE5075_L,0,0
TCE5076_I,0,0
TCE5077_I,0.00999999999999091,0.00999999999999091
TCE5078_I,0,0
TCE5079_I,0.000415261724242555,0.000458458852222066
TCE5079_L,-0.000415261724242555,-0.000458458852222066
TCE5080_I,0.0592878452597461,0.0609785430050351
TCE5080_L,-0.0344985354494156,-0.0243631554737931
TCE5082_I,0.00092733500707709,0.00092733500707709
TCE5083_I,0,0
TCE5083_L,0,0
TCE5084_I,-0.00558171123645934,-0.0160607696093393
TCE5084_L,-0.000415261724242555,-0.000458458852222066
TCE5085_I,0.0717572681780894,0.0702964598364133
TCE5085_L,0,-0.00268182096044711
TCE5086_I,-0.00040540285078805,-0.00040540285078805
TCE5086_L,0.00364028050458985,0.00364028050458985
TCE5092_I,0,0
TCE5092_L,-0.0187466753700392,-0.02054668518997
TCE5093_I,0,0
TCE5094_I,0,0
TCE5096_I,0,0
TCE5097_I,0,0.01
TCE5098_I,0.00201915893956084,0.00201915893956084
TCE5098_L,-0.00567671685837468,-0.00567671685837468
TCE5099_I,0.00683126616652326,0.00818117641518942
TCE5100_I,0,-0.000196649703298135
TCE5101_I,0,0
TCE5102_I,-0.000393145866723899,-2.43994682023185e-05
TCE5103_I,0,0.00367749173915399
TCE5104_I,0.00224351767042208,0.00189685081682001
TCE5104_L,-0.0057596801151476,-0.00635882427991419
TCE5105_I,0.01,0.000463339912883709
TCE5106_I,0,0
TCE5107_I,1.00000079328311e-07,-0.000368649750043915
TCE5108_I,0,0
TCE5109_I,0.00999999999999091,0.00999999999999091
TCE5110_I,0,0.00142857142857143
TCE5111_I,0,0
TCE5112_I,0,0
TCE5112_L,0,0
TCE5113_I,0,0
TCE5114_I,0,0
TCE5114_L,0,0
TCE5300_I,-0.000606403659503485,-0.00222452075774981
TCE5300_L,0,0
TCE5301_I,0.00442162317995098,0.00442162317995098
TCE5302_I,0.0524289350036042,0.063606688171717
TCE5302_L,0,0
TCE5303_I,-1.05261867702211e-05,-1.05261868839079e-05
TCE5303_L,0,0
TCE5304_I,0,0
TCE5305_I,0,0
TCE5306_I,0,0
TCE5307_I,0,0
TCE5308_I,0,0
TCE5309_I,0.00124953103107024,0.00124953103107024
TCE5310_I,0.000735815591610844,0.000735815591610844
TCE5311_I,-0.199311101039257,-0.211971862454561
TCE5311_L,0,0
TCE5312_I,-0.00999999999999091,0
TCE5312_L,0,0
TCE5313_I,0,0
TCE5313_L,0,0
TCE5314_I,0.00138783829004296,0.00138783829004296
TCE5314_L,0,0
TCE5315_I,-0.00730493909827601,-0.00548123551891422
TCE5315_L,0,0
TCE5316_I,0.00185740204983631,0.00185740204995
TCE5316_L,0,0
TCE5317_I,0.0489595592434853,0.0410371029464613
TCE5317_L,0,0
TCE5318_I,-0.00527328996997767,-0.00564203971975985
TCE5318_L,0,0
TCE5319_I,-0.00496401999271256,-0.00509959661792436
TCE5319_L,0,0
TCE5320_I,-0.000368649750043915,-0.000368649750043915
TCE5320_L,0,0
TCE5321_I,0,0
TCE5321_L,0,0
TCE5322_I,0,0
TCE5322_L,0,0
TCE5323_I,0,0
TCE5323_L,0,0
TCE5324_I,-0.000864260094658675,-0.00172948541467122
TCE5324_L,0,0
TCE5325_I,0.000864260094658675,0.00172948541467122
TCE5325_L,0,0
TCE5326_I,0,-0.00359771983085011
TCE5326_L,0,0.00359771983085011
TCE5327_I,0.00264347243933116,0
TCE5327_L,0,0
TCE5328_I,0,0
TCE5328_L,0,0
TCE5329_I,-0.0313401068119674,-0.0358308102948968
TCE5329_L,0,0
TCE5330_I,0,0
TCE5331_I,0,0.00672375634940181
TCE5331_L,0,0
TCE5332_I,0.00749987547737874,0
TCE5332_L,0,0
TCE5333_I,0.00545887362272879,-0.00443810163437774
TCE5333_L,0,0
TCE5334_I,-0.0974605750697037,-0.103980739775352
TCE5334_L,0,0
TCE5335_I,0.00267328400946099,0.00963135025006068
TCE5335_L,0,0
TCE5336_I,0,0
TCE5336_L,0,0
TCE5337_I,-0.00155374316091184,-0.00675022242023715
TCE5337_L,0,0
TCE5338_I,0,0
TCE5338_L,0,0
TCE5339_I,-0.000249701677944358,-0.000249701677944358
TCE5339_L,0,0
TCE5340_I,0.00185720205001871,0.00185720205001871
TCE5340_L,0,0
TCE5341_I,0,0
TCE5341_L,0,0
TCE5342_I,0.163043070780986,0.127616617337935
TCE5342_L,0,0
TCE5343_I,-0.0183617183455453,-0.171676317193487
TCE5343_L,0,0
TCE5344_I,0.00273305355676712,0.00453286337688041
TCE5344_L,0,0
TCE5345_I,0,0
TCE5345_L,0,0
TCE5347_I,-0.00713529532140456,-0.0164690040134019
TCE5347_L,-0.00286470467858635,0
TCE5348_I,0,-0.0196313502500516
TCE5348_L,0,0
TCE5349_I,0,0.00265801982288849
TCE5349_L,0,0
TCE5350_I,0,0
TCE5350_L,0,0
TCE5351_I,-0.00179970982003397,0
TCE5351_L,0,0
TCE5352_I,0,0
TCE5352_L,0,0
TCE5353_I,-0.0954331696265172,0.00270347693117401
TCE5353_L,0,0
TCE5354_I,0,0
TCE5354_L,0,0
TCE5355_I,0,0
TCE5355_L,0,0
TCE5356_I,0,0.000941799817155697
TCE5356_L,0.000864260094658675,0.000777685597654454
TCE5357_I,0,0
TCE5357_L,0,0
TCE5358_I,-0.00123387506994277,-0.00123387506994277
TCE5358_L,0,0
TCE5359_I,-0.000835793709939026,-0.000835793709939026
TCE5359_L,0.000835793709939026,0.000835793709939026
TCE5360_I,0,0
TCE5360_L,0,0
TCE5361_I,0.00138803828997425,0.00138803828997425
TCE5361_L,0.00861196171001666,0.00861196171001666
TCE5362_I,-0.0008651253200469,-0.0008651253200469
TCE5362_L,0,0
TCE5363_I,0.00999999999999091,0.00999999999999091
TCE5363_L,0,0
TCE5365_I,0.0158158254411092,0.00526760075865695
TCE5365_L,0,0
TCE5367_I,-0.00393962227894917,-0.00670362044479589
TCE5367_L,0,0
TCE5369_I,-0.0127037129182099,-0.00427562144636795
TCE5369_L,0,-0.00267920558997048
TCE5370_I,0,0
TCE5370_L,0,0
TCE5371_I,0,0
TCE5372_I,-0.0300206465583415,-0.0347206608013266
TCE5372_L,0,0
TCE5373_I,0,0
TCE5374_I,-0.00999999999999091,-0.00999999999999091
TCE5374_L,0,0
TCE5375_I,0.106455734083738,0.116819764643196
TCE5375_L,0,0
TCE5376_I,0,0
TCE5377_I,0,0
TCE5378_I,0,0
TCE5379_I,0,0
TCE5381_I,-0.0801144655040389,-0.0802833716883242
TCE5382_I,0.0104390178150879,0.0104390186634191
TCE5383_I,-0.00372107476994188,-0.00412742686273759
TCE5384_I,0,0
TCE5385_I,-0.0099998999996842,-0.00999989999991158
TCE5386_I,-0.00694375969339944,-0.0098798531897728
TCE5387_I,0,0
TCE5388_I,-0.00999999999999091,-0.00999000000012984
TCE5389_I,-0.00244377792000705,-0.00777384820003135
TCE5390_I,0,0
TCE5391_I,0.0797934070875499,0.0797659438889013
TCE5392_I,0,0
TCE5393_I,0,0
TCE5394_I,-0.000865125319933213,-0.000865125319933213
TCE5395_I,0,0
TCE5396_I,-0.00850014557624945,-0.00706032789014444
TCE5397_I,0,0
TCE5398_I,-0.00507998484727068,-0.00507337123235629
TCE5399_I,-0.000637201244558128,-0.00371169118784564
TCE5400_I,0,0
TCE5401_I,0,0
TCE5402_I,0,0
TCE5403_I,0,0
TCE5404_I,-0.024930536005968,-0.0397478337378061
TCE5404_L,0,0
TCE5405_I,0,0
TCE5405_L,0.0115522152000267,0.0100968709899689
TCE5406_I,0,0
TCE5407_I,0,0
TCE5408_I,0,0
TCE5408_L,0,0
TCE5409_I,0.0109098047193985,0.0110154863576015
TCE5410_I,0,0
TCE5410_L,0,0
TCE5411_I,0,0
TCE5411_L,0,0
TCE5412_I,-0.0410519456529528,-0.0463625661607239
TCE5412_L,0,0
TCE5413_I,-0.0393133654638405,-0.00575536653070685
TCE5413_L,0,0
TCE5414_I,0,0.00138803828997425
TCE5414_L,0,0
TCE5415_I,0,0
TCE5415_L,0,0
TCE5416_I,0,-0.00999999999999091
TCE5416_L,0,0
TCE5417_I,0,0
TCE5417_L,0,0
TCE5501_I,0,0.102960009348637
TCE5501_L,0,0
TCE5502_I,0,0
TCE5502_L,0.00744184953998683,0.00744184953998683
TCE5504_I,0,0
TCE5505_I,0.369123482664236,0.179777552005589
TCE5505_L,-0.00116763943640308,-0.000750743779121876
TCE6001_I,0,0
TCE6002_I,-0.00876612493004814,-0.00621184237809302
TCE6002_L,-0.00123387506994277,-0.00378815762189788
TCE7572_I,0,0
TCE7666_I,0,0
TCE7666_L,0,0
TCE7728_I,0,0
TCE7728_L,0,0
TCE9072_I,-1.00000079328311e-07,0
TCE9072_L,0,0
TCM0059_I,0,0
TCM0064_I,0,0.00999999999999091
TCM0066_I,0,0
TCM0069_I,0,0
TCM0070_I,0,0
TCM0072_I,-0.58963649080863,-1.53558970203358
TCM0073_I,0,0
TCM0075_I,0,0
TCM0076_I,0,0
TCM0077_I,0.315688732334138,0.119085013493986
TCM0079_I,0,0
TCM0080_I,0,0
TCM0081_I,0,0
TCM0082_I,0,0
TCM0083_I,0,0
TCM0087_I,0,0
TCM0088_I,0,0
TCM0089_I,0.0348289487006923,0.0348289487006923
TCM0091_I,0,0
TCM0092_I,0,0
TCM0094_I,0.0237532438110293,0.0237532438110293
TCM0095_I,0.00999999999999091,0
TCM0096_I,0,0
TCM0097_I,0,0
TCM0098_I,0,0
TCM0099_I,0,0
TCM0101_I,0,0
TCM0104_I,0,0
TCM0105_I,0,0
TCM0106_I,0.00999999999999091,0.00999999999999091
TCM0109_I,0,-0.207398791757555
TCM0110_I,0,0
TCM0111_I,39.3695596264484,42.1836132321407
TCM0114_I,0,0
TCM0115_I,0,0
TCM0116_I,0,0
TCM0117_I,0.390705684129557,0.388282030012874
TCM0118_I,0,0
TCM0119_I,0,0
TCM0121_I,0,0
TCM0125_I,0,0
TCM0126_I,0,0
TCM0127_I,0,0
TCM0128_I,0,0
TCM0130_I,0,0
TCM0131_I,0,0
TCM0132_I,0.336295743542792,0.350717777122327
TCM0135_I,0.510002425211724,0.526187865343672
TCM0137_I,0,0
TCM0139_I,0,0
TCM0140_I,0,0
TCM0141_I,0.0183301554316024,0.0183301554316024
TCM0143_I,0,0
TCM0144_I,0,0
TCM0145_I,1.98431115220797,2.35170118451038
TCM0148_I,0,0
TCM0149_I,0,0
TCM0150_I,0,0
TCM0151_I,0,0
TCM0153_I,0,0
TCM0154_I,0,0
TCM0156_I,0,0
TCM0158_I,0,0
TCM0160_I,0,0
TCM0161_I,0,0
TCM0162_I,0,0
TCM0163_I,0,0
TCM0165_I,0,0
TCM0167_I,0,0
TCM0170_I,0,0
TCM0171_I,0,0
TCM0172_I,0,0
TCM0173_I,0,0
TCM0174_I,0,0
TCM0175_I,0,0
TCM0176_I,-0.000922169582509014,-0.000922169582509014
TCM0177_I,0,0.00999999999999091
TCM0181_I,0,0
TCM0183_I,0.0299999999999727,0.0199999999999818
TCM0184_I,0,0
TCM0187_I,0,0
TCM0188_I,0,0
TCM0190_I,-0.00999999999999091,-0.0199999999999818
TCM0192_I,-0.00999999999999091,-0.00999999999999091
TCM0196_I,0.00999999999999091,0.00999999999999091
TCM0198_I,0,0
TCM0199_I,0,0
TCM0200_I,0,0
TCM0201_I,0,0
TCM0204_I,0,0
TCM0206_I,0,0
TCM0207_I,0.0490505633457587,0.0418247472398434
TCM0208_I,0,0
TCM0210_I,0.0228025587230344,0.226982623446529
TCM0212_I,0,0
TCM0214_I,0,0
TCM0215_I,0,0
TCM0216_I,0,0
TCM0217_I,0,0
TCM0218_I,0,0
TCM0219_I,0,0
TCM0220_I,0,0
TCM0221_I,0,0
TCM0222_I,0,0
TCM0224_I,-0.00999999999999091,0.00999999999999091
TCM0316_I,0,0
TCM1027_I,0,0
TCM1031_I,-3.7492441286638,-3.97477714312834
TCM1033_I,0.00999999999999091,0.00999999999999091
TCM1034_I,-0.0008651253200469,-0.0008651253200469
TCM1037_I,0,0
TCM1039_I,0.00231394251477468,0.00231394251477468
TCM1043_I,0,0
TCM1044_I,0,0
TCM1045_I,1.13873231074365,0.589269387204808
TCM1047_I,0,0
TCM1051_I,0.00434936356396065,0.00434936356396065
TCM1054_I,-0.00866565951582743,-0.00866565951582743
TCM1055_I,0,0
TCM1058_I,-0.00994848834875484,-0.00994848834875484
TCM1061_I,0,0
TCM1062_I,0,-0.00999999999999091
TCM1063_I,0,0
TCM1067_I,0.0299999999999727,0.0299999999999727
TCM1069_I,0,0.00999999999999091
TCM1070_I,0.017217041254753,0.017217041254753
TCM1071_I,0,0
TCM1073_I,0,0
TCM1075_I,-0.0173079771878974,-0.0173079771878974
TCM1077_I,0.00999999999999091,0.00999999999999091
TCM1078_I,0,0
TCM1080_I,0,0
TCM1082_I,0.013048090691882,0.013048090691882
TCM1085_I,0.0122793036318853,0.0222793036318762
TCM1089_I,0.0342502305688868,0.0442502305688777
TCM1091_I,-0.0299999999999727,-0.0299999999999727
TCM1096_I,0,0.01
TCM1098_I,-0.00123387506994277,-0.00123387506994277
TCM1101_I,0,0
TCM1109_I,0,0
TCM1274_I,-0.00999999999999091,-0.00999999999999091
TCM1275_I,9.23625855043031,9.73726822040464
TCM1276_I,-46.4547363129703,-49.1190078097774
TCM1277_I,0,0.00999999999999091
TCM1278_I,0,0
TCM1279_I,0.0507330762839047,0.056646115114404
TCM1280_I,0.0152883849200407,0.593496471253161
TCM1282_I,0,0
TCM1283_I,0.03,0.0512495310311351
TCM1284_I,0.433843248437142,0.258404176332533
TCM1285_I,-0.0506435429073235,-0.080850908957018
TCM1286_I,0,0
TCM1287_I,-9.32161458174608,-9.19436799372045
TCM1288_I,0.00999999999999091,0.00999999999999091
TCM1289_I,-0.303412826339468,-0.30074769119949
TCM1290_I,0.00440136577185513,-0.00559863422813578
TCM1291_I,0.0210261383921306,0.0210261383921306
TCM1292_I,39.3959107838691,42.2127385734555
TCM2002_I,0,0
TCM2004_I,0,0
TCM5001_I,0,0.01
TCM5002_I,0,0
TCM5003_I,0,0
TCM5004_I,-0.0373924072324598,-0.0476338882557457
TCM5005_I,0.000463439912891772,0.000463439912891772
TCM5006_I,0.000415261724242555,-0.000463439912891772
TCM5007_I,0,0
TCM5008_I,0,0
TCM5009_I,0,0
TCM5010_I,0,0.01
TCM5011_I,0,0
TCM5012_I,0,0
TCM5013_I,0,0
TCM5014_I,0,0
TCM5015_I,0,0.01
TCM5018_I,0,0
TCM5027_I,0.00428550216256508,0.00428550216256508
TCM5029_I,0.01,0.00124953103113512
TCM5030_I,0.385694088336164,0.382892032828131
TCM5032_I,0.00999999999999091,0.00999999999999091
TCM5034_I,-0.00179534369851808,0
TCM5037_I,0,0
TCM5047_I,0.00277738242766645,0.00277738242769487
TCM5048_I,0.01,0
TCM5049_I,0,0
TCM5050_I,0,0
TCM5051_I,0,0
TCM5052_I,0,0.02
TCM5053_I,0,0
TCM5054_I,0,0
TCM5055_I,0,0
TCM5056_I,0,0
TCM5057_I,0.01,0
TCM5058_I,0,0
TCM5059_I,0.0258158254411245,0.01526760075862
TCM5060_I,0,0
TCM5061_I,7.1813065801507e-05,7.1813065801507e-05
TCM5062_I,0.00179970982003397,0
TCM5064_I,0.00999999999999091,0.00999999999999091
TCM5065_I,-0.00999999999999091,-0.00999999999999091
TCM5067_I,0,0
TCM5095_I,-0.183536558244896,-0.183946300794332
TCM5111_I,0,0
TCM5510_I,0.00999999999999091,0.0164690040134019
UP00002_L,0,0
UP00011_L,0,0
UP00014_L,0,0
UP00016_L,0,0
UP00018_L,0,0
UP00019_L,0,0
UP00020_L,0,0
UP00021_L,0,0
UP00022_L,0,0
UP00025_L,0,0
UP00026_L,0,0
UP00027_L,0,0
UP00031_L,0,-0.00268182096044711
UP00032_L,-0.00203027130248756,-0.00198707417450805
UP00033_L,0,0
UP00037_L,0,0
UP00041_L,0,0
UP00042_L,0,0
UP00047_L,0,0
UP00049_L,0,0
UP00054_L,-0.00999990000002526,-0.00963115025001571
UP00058_L,0,0
UP00059_L,0,0
UP00061_L,-0.00140458380224118,-0.000217226164977546
UP00062_L,0,0
UP00064_L,0,0
UP00065_L,0,0
UP00067_L,0,0
UP00068_L,0,0
UP00072_L,0,0
UP00073_L,0,0
UP00074_L,0,0
UP00075_L,0,0
UP00077_L,0,0
UP00078_L,0,0
UP00079_L,0,0
UP00082_L,0,0
UP00084_L,0,0
UP00086_L,0,0
UP00089_L,0,0
UP00093_L,0,0
UP00094_L,0,-0.00267920558997048
UP00095_L,0,0
UP00097_L,0,0
UP00101_L,-0.00761388715807243,-0.00757069003009292
UP00106_L,0,0
UP00108_L,-0.000864260094658675,-0.000777685597654454
UP00109_L,0,0
UP00111_L,0,0
UP00114_L,-0.00792748185449454,-0.0267170526269638
UP00116_L,0,0
UP00121_L,0,0
UP00122_L,0,0
UP00123_L,0,0
UP00124_L,0,0
UP00127_L,0,0
UP00130_L,0,0
UP00132_L,0,0
UP00133_L,0,0
UP00134_L,0,0
UP00135_L,0,0
UP00137_L,0,0
UP00140_L,-0.0344985354494156,-0.0243631554737931
UP00141_L,0,0
UP00143_L,0,0
UP00147_L,0,0
UP00148_L,0,0
UP00149_L,0,0
UP00152_L,0,0
UP00153_L,0,0
UP00158_L,0,0
UP00159_L,0,0
UP00160_L,-0.00555081988079564,-0.00555081988079564
UP00163_L,0,0
UP00164_L,0,0
UP00166_L,0,0
UP00167_L,0,0
UP00170_L,0,0
UP00178_L,0,0
UP00181_L,0,-0.00999999999999091
UP00183_L,0,0
UP00185_L,-0.00141148191198681,-0.00141148191198681
UP00186_L,0,0
UP00187_L,-0.00364028050455545,-0.00364028050455545
UP00188_L,0,0
UP00189_L,0,0
UP00191_L,-0.00783124043005046,-0.0078313404300161
UP00194_L,0,0
UP00197_L,0,0
UP00208_L,-0.00193659077024222,-0.00193659077024222
UP00212_L,0,0
UP00214_L,0,0
UP00233_L,-0.000835793709939026,-0.000835793709939026
UP00239_L,0,0
UP00242_L,0,0
UP00243_L,0,0
UP00245_L,0,0
UP00249_L,0,0
UP00250_L,0,0
UP00253_L,-0.0115522152000267,-0.0111834654500171
UP00255_L,0,0
UP00256_L,0,0
UP00257_L,0,0
UP00259_L,0,0
UP00262_L,0,0
UP00266_L,0,0
UP00268_L,0,0
UP00272_L,0,0
UP00288_L,0,0
UP00294_L,0,0
UP00295_L,0,0
UP00299_L,0,0
UP00301_L,0,0
UP00311_L,0,0
UP00314_L,0,-5.29296056583917e-05
UP00315_L,0,0
UP00318_L,0,0
UP00320_L,0,0
UP00322_L,-0.00286470467858635,0
UP00328_L,0,-0.00359771983085011
UP00329_L,0,0
UP00330_L,0,0
UP00334_L,0,0
UP00346_L,0,0
UP00352_L,0,0
UP00354_L,0,0
UP00366_L,0,0
UP00376_L,0,0
UP00378_L,0,0
UP00379_L,0,0
UP00385_L,0,0
UP00387_L,0,0
UP00388_L,0,0
UP00398_L,0,0
UP00402_L,-0.00567671685837468,-0.00567671685837468
UP00407_L,0,0
UP00429_L,0,0
UP00437_L,0,-0.00484475892415048
UP00438_L,0,0
UP00439_L,0,0
UP00440_L,0,0
UP00455_L,0,0
UP00459_L,0,0
UP00469_L,0,0
UP00473_L,0,0
UP00475_L,0,0
UP00483_L,0,0
UP00486_L,-0.0013191979385283,-0.0013191979385283
UP00504_L,0,0
UP00506_L,0,0
UP00526_L,0,0
UP00532_L,0,0
UP00534_L,-0.000389256475159527,-0.000601768820274629
UP00544_L,0,0
UP00559_L,0,0
UP00565_L,-0.0136423554581597,-0.0135991583301802
UP00577_L,0,0
UP00583_L,0,0
UP00588_L,0,0
UP00631_L,0,0
UP00632_L,0,0
UP00642_L,0,0
UP00655_L,0,0
UP00670_L,0,0
UP00671_L,0,0
UP00704_L,-0.0191356399053575,-0.0156223947623175
UP00708_L,-0.00744184953998683,-0.00744184953998683
UP00719_L,0,0
UP00750_L,0,0
UP00777_L,0,0
UP00785_L,0,0
UP00794_L,0,0
UP00811_L,0,0
UP00818_L,0,0
UP00853_L,-0.000511518101461661,-0.000468320973595837
UP00864_L,-0.003266184561312,-0.00322298743333249
UP00881_L,0,0
UP00906_L,0,0
UP00954_L,0,0
UP00979_L,0,-0.00512481370913065
UP01103_L,0,0
UP01132_L,-0.00123387506994277,-0.00378815762189788
UP01137_L,0,0
UP01179_L,0,0
UP01181_L,0,0
UP01185_L,0,0
UP01326_L,0,0
UP01419_L,0,0
UP01530_L,0,0
UP01595_L,0,0
UP01613_L,0,0
UP01697_L,-0.0187466753700392,-0.02054668518997
UP01762_L,0,0
UP01801_L,-0.00360204964408695,-0.00360204964408695
UP01879_L,-0.00861196171001666,-0.00861196171001666
UP01888_L,0,0
UP02076_L,0,0
UP02094_L,0,0
UP02470_L,0,0
UP02512_L,0,0
UP02630_L,0,0
UP02642_L,0,0
UP02679_L,0,0
UP02918_L,0,0
UP02946_L,0,0
UP03197_L,0,0
UP03284_L,0,0
UP03722_L,0,0
UP03793_L,0,0
UP04677_L,0,0
UP05100_L,0,0
UP05127_L,0,0
UP05335_L,0,0
UP05402_L,0,0
UP05422_L,0,0
UP05512_L,0,0
UP05519_L,0,0
UP05684_L,-0.00361289262400533,-0.016996045183987
UP05688_L,-0.00770209629183682,0
UP05697_L,0,0
UP05787_L,0,0
UP05828_L,0,0
UP05852_L,0,0
UP05984_L,0,0
UP06232_L,0,0
UP06424_L,0,0
UP14818_L,-0.00731561396230518,-0.00712273878593805
UPC0013_L,0,0
UPC0135_L,0,0
UPK0012_I,0,0
UPK0013_I,0,0
UPK0014_I,-0.012874913081987,-0.0149438462425451
UPK0016_I,0,0
UPK0028_I,0,0
UPK0029_I,-0.000920503667089179,-0.000920503667089179
UPK0036_I,0,0
UPK0045_I,0,0
UPK0056_I,0,0
UPK0069_I,-0.00315767715176207,-0.00315767715176207
UPK0070_I,0,0
UPK0071_I,0,0
UPK0074_I,0,0
UPK0101_I,-0.0029431973695182,-0.0029431973695182
UPK0102_I,0,0
UPK1002_I,0,0
UPK1003_I,0,0
EX00583_X,0,0
EX02918_X,-0.00510881305991201,-0.00510881305995431
EX05984_X,0,-0.00552068458999495
EX02630_X,0,0.000426141980016523
EX05852_X,0,0
EX00109_X,-0.0158158254411245,-0.00526760075861995
EX00322_X,-0.00713529532138474,-0.016469004013424
EX00631_X,0,-0.00672375634938083
EX01161_X,0,0
EX00355_X,-0.00545682169,-0.00731412374
EX01179_X,0,0.000395382128210959
EX00942_X,0,0
EX01060_X,-0.00372087476997982,-0.00372087476999662
EX01205_X,0,-0.0037208747697851
EX03284_X,0,-0.00372087476999662
EX00632_X,0,-0.00265801982287534
EX05828_X,0,0
EX00141_X,0.000865125319993065,0.00086512532
EX00671_X,0.00123387506999552,0.00123387506999614
EX00197_X,-0.00749987547733074,0
EX05100_X,-0.00179970981999836,0
EX02946_X,0,0
EX00334_X,-0.000865125319999986,-0.00364100189999996
EX00156_X,0,0
EX00642_X,0,0
EX00233_X,0.000835793709948991,0.000835793709948995
EX01181_X,0,0
EX00906_X,0,0
EX00429_X,0,0.00372087477000001
EX05356_X,0,0
EX03917_X,0,0
EX05635_X,0,0
EX00643_X,0,0
EX00170_X,0.000368649749999963,0.000368649749999968
EX00440_X,0.0119322217169935,0.0242110899098349
EX01879_X,-0.00138803829,-0.00138803829
EX17337_X,0,0
EX00506_X,0,0
EX00328_X,0,0.00359771983086896
EX02415_X,0,0
EXC0001_X,0,0
EX00162_X,0.00850014557626045,0.00706032789019744
EX03197_X,-0.00266493513999758,-0.00266513513995665
EX00811_X,0.00273305355671414,0.00453286337693249
EX01888_X,0,0
EX00532_X,0,0
EX00033_X,0.00915294527912494,0.00220194076239254
EX00164_X,0.0827982382662462,0.0366954105103347
EX00084_X,0.019050603642728,0.0134042433676538
EX18125_X,0.0047613003406358,0.00476130034065114
EX01132_X,-0.00876612492999203,-0.00621184237805693
EX00140_X,0.0592878452598019,0.0609785430050403
EX01996_X,-1.00000042230108e-07,0.000368649749999657
EX00437_X,0.00462739743108457,0.0040551972646969
EX00979_X,0.00222027397614089,0.00219946997725283
EX00147_X,-0.0265833237047673,-0.0198459087194739
EX00212_X,-0.000818546788812625,0.010873602802413
EX00194_X,-0.000423241918198518,-0
EX00301_X,0.00179970981995744,0.0017997098199779
EX00021_X,-0.00874281357169099,-0.00902163007426725
EX04677_X,-0.00185740204978716,-0.00185740204998247
EX04317_X,-0.00783047520441732,-0.0078304752045601
EX00026_X,0.138206955628578,0.13858632984844
EX00940_X,0,0
EX00099_X,-0.00138783829,-0.00277577658
EX00133_X,0,0
EX00041_X,0.562577357842838,0.611800612889342
EX00019_X,-0.0249305360059164,-0.0397478337377655
EX01137_X,0.00138783828999874,0.00138783828999874
EX00020_X,0,0
EX00523_X,0,0
EX11135_X,0,0
EX00108_X,0,-0.000941799817124825
EX00259_X,0,0
EX00219_X,-0.00138514539547192,-5.7592230001637e-05
EX00062_X,0.128377377857546,0.135485457994484
EX00072_X,0,0
EXC0180_X,0,-0.000257015688571429
EX00152_X,0.111187391339924,0.125051303631307
EX00402_X,0.0020191589395367,0.00201915893953866
EX00049_X,0.0853530205337657,0.0757294654554884
EX05519_X,0,0
EX00002_X,0.106455734083772,0.116819764643204
EX05787_X,-0.00048998669062601,-0.00048998669062601
EX00486_X,0.00048998669062601,0.00048998669062601
EX02642_X,0,-0.00179970981999837
EX00575_X,0,0
EX02094_X,0,0
EX00438_X,-0.00267328400945562,-0.00963135025003429
EX00853_X,0.000463339912832676,0.000463339912883709
EX01419_X,0,0
EX00114_X,0.0129632842535426,0.00611729228431878
EX00695_X,-0.000689739166130074,-0.000689739166130074
EX00588_X,-0.00545887362270261,0.00443810163435281
EX00187_X,0.000405402850811093,0.000405402850811093
EX00158_X,0.00930343609543033,0.0150200986621675
EX00698_X,-0,-0
EX00185_X,0,0
EX00011_X,-3.38273728939746,-3.45872558497186
EXC0202_X,0,-0.000196649703249928
EX00318_X,0,0
EX01326_X,0,0
EX02512_X,0,0
EX00097_X,0.0346321717421506,0.0335789759230374
EX00475_X,0.0342996742611406,0.0298618201181701
EX00559_X,-0.00185740205,0
EX00239_X,0.004964019992695,0.00509959661787456
EX00881_X,0,0
EX02679_X,0,0
EX00330_X,0,0
EX00111_X,0.000249701677958145,0.000249701677894691
EX00268_X,0.000864260094631749,0.00172948541465575
EX05422_X,0,0
EX05512_X,0,-0.00185740205
EX03758_X,-0.000737399499982896,-0.0007373995
EX01801_X,0,0
EX00459_X,0.00239446423064393,0.00325968955057954
EX00526_X,0.00393663710759491,0.00479373897984174
EX02763_X,0,0
EX00189_X,0.0300206465583775,0.0347206608013588
EX00346_X,-0.000993551212021943,-0.00270347693122055
EX00469_X,0,0.00392018598518444
EX00016_X,0.00224351767043064,0.00189685081681452
EX00067_X,-0.0049562151818428,-0.00452175852998798
EX00354_X,0.0489595592435061,0.0410371029464481
EX14818_X,7.17593291879266e-05,7.17593291879225e-05
EX14819_X,0,0
EX00061_X,0.00736417995079595,0.00736576850196425
EX00504_X,-0.0055817112364862,-0.0160607696093157
EX00058_X,-0.0609055307192268,-0.0773979071650782
EX00439_X,0,0
EX00095_X,0,0
EX00122_X,-0.0190505633457281,-0.0218247472398367
EX00670_X,0,0
EX00124_X,-0.0112531246299425,-0.00945331481001265
EXC0214_X,-0.00504495015999541,-0.00324514033999703
EX01697_X,0,0
EX00352_X,0.00134924693069596,-0.00434302596486257
EX00329_X,0.0052869448786879,0.00580143464680108
EXC0216_X,0.00876592492999203,0.00772058784197265
EX00266_X,0,-0.00744184953999323
EX01921_X,-0.000173327196256556,-0.000173327196256556
EX00031_X,0.0717572681781227,0.0702964598364339
EX00257_X,0,0
EX00818_X,-0.00179990981995744,0
EX00191_X,-0.000368849749982896,-0.00216865956996918
EX00064_X,0.178305550284909,0.187561223179916
EX00025_X,0.170846790261073,0.179576553917459
EX00669_X,0,0
EXC0213_X,-0.00372107476999662,-0.00412742686273163
EX00048_X,0,0
EX00037_X,0.0633819690647697,0.0522942836500598
EX00577_X,0.00393962227893343,0.0067036204448177
EX00719_X,-0.00458610008995648,-0.00545132540999661
EX00093_X,0.00155374316094945,0.00675022242028579
EX00116_X,0.017811483129583,0.0171134535328036
EX00160_X,-0.00129150296739999,-0.00129150296740148
EX00387_X,0.00498585449136373,-0.00138803829
EX00127_X,0.00484745657495003,0.00484745657495362
EX00051_X,0,0
EX00242_X,-0.00275980269136373,0.0014884523
EX00027_X,-0.0359785946458047,-0.0835573230822275
EX00001_X,-4.47419063588021,-4.54041032148005
EX00080_X,-0.196065689556444,-0.176827409007846
EX00288_X,-0.50796678483394,-0.360452399334328
EX00249_X,0.0136258241292515,0.0252098776119302
EX00544_X,0.00185720204999996,0.00185720205
EX00135_X,0.0468654991431488,0.0491421052525409
EX00388_X,0,0
EX00262_X,-0.00216845957,-0.00908277039265917
EX00708_X,0.00744184953994282,0.00744184953999323
EX00311_X,0.0313401068119161,0.0358308102948835
EX00407_X,0.129903712517232,0.131703522532656
EX00130_X,0.0073049390983069,0.00548123551886942
EX00954_X,-0.00138783829,-0.00138783829
EX00137_X,-0.0013108656135671,-0.00220373466977176
EX00294_X,-0.00411056566,-0.0036412019
EX00081_X,0.00442162317999598,0.00442162317997091
EX00238_X,-0,-0
EX01717_X,0,0
EX00256_X,0.00611002483829234,0.00611002486821434
EX00186_X,-0.000368649749999665,-0.00774673638999293
EX00243_X,0,0
EX00123_X,0.238686642203347,0.238653570706778
EX00909_X,0.000865125319959867,0.000865125319940194
EX02165_X,-0.000865125319959867,-0.000865125319940194
EX04853_X,0,0
EX01595_X,0,0
EX04230_X,0.00694375969335914,0.00987985318979408
EX18126_X,0.00999989999985033,0.00999989999998179
EX00047_X,0.195104652316924,0.204049651966102
EX01885_X,-0.0797934070875789,-0.0797659438889509
EX00149_X,-0.438862804765402,-0.419063946485507
EX00208_X,0.000525108858268228,0.000525108858268228
EX00159_X,-0.00347208185406214,-0.00347208184357906
EX05402_X,0,0
EX00132_X,0,0
EXC0141_X,-0.00737798663999329,-0.00552068458999498
EX00073_X,0.0802784278549009,0.0903471020484666
EX05127_X,0,0
EX00143_X,1.05261867142693e-05,1.05261869325109e-05
EX06232_X,0.00447238922067846,0.00447238922075803
EX00546_X,0,0
EX01330_X,0,0
EX00253_X,-0.00372107476989539,-0.00445857426974266
EX00153_X,0.00318764810995744,0.0031876481099779
EX00014_X,-0.553186836574446,-0.680350062064954
EX01185_X,0.00527328996995503,0.00564203971978603
EX00455_X,0.000368649749982896,0.000737399499978704
EX00007_X,4.67408269796153,4.77430576782291
EX00704_X,0.019999899999964,0.0199998999999966
EX01530_X,0.00256674815277745,0.00256674815262541
EX04227_X,-0.00185720204990329,-0.00185720205
EX01328_X,-0,-0
EX00077_X,0.062648113061716,0.0628125167226569
EX01103_X,-0.00276554914999748,-0.00101908854000117
EX00295_X,-0.00419231674339164,-0.00482712401998361
EX02505_X,-0.000865125319999213,-0.000865125319999213
EX04598_X,0.0099998999997259,0.00999989999988795
EX01194_X,0,0
EX00054_X,-9.99999875780764e-08,-0.00036884975
EX00157_X,0.00910562794421408,0.00361502672603696
EX01211_X,0,0
EX00350_X,-0,-0
EX05332_X,0,0
EXC0152_X,0,0
EX00074_X,0.163043070780973,0.127616617337891
EX00012_X,0,0
EX02188_X,0,0
EX00344_X,-0.0104390178151337,-0.0104390186633896
EX00079_X,0.0893384774247703,0.0922860944201234
EX00032_X,0.00148745691124872,0.00148745691127507
EX00166_X,0,-0.00179970981998302
EX00009_X,-0.59786109915482,-0.618896253280908
EX00864_X,0.00136750377073665,0.00136750377073714
EX00163_X,-0.00695512527035987,-0.00678149807411394
EX00148_X,0.178427747141776,0.175608617257968
EX00696_X,0,0
EX00584_X,-0.000586475869997622,-0.00591654614999462
EX00427_X,0.00244377791999593,0.00777384819999293
EX02737_X,-0,-0
EX00134_X,-0.00408962451985474,-0.00408962451985953
EX00534_X,0.000804518199422919,0.00106022767244596
EX00018_X,0,0
EX00250_X,0,0.000258623881738552
EX00314_X,0,0.000511388457809459
EX00022_X,0,0
EXC0013_X,0,0
EX03722_X,0,0
EX00376_X,0,0
EX00473_X,0,0
EX00777_X,0,0
EX11061_X,0,0
EX00121_X,0,0
EX00255_X,-0.00926450126252418,-0.00926271931877878
EX00794_X,0.00372087476999662,0.00653987312995664
EX02076_X,0,0
EX05697_X,0,0
EX05688_X,-0.00188264198391264,-0.0018817919599048
EX05335_X,0,0
EX05684_X,0.00361289262395178,0.00361224259992428
EX00065_X,0.0800852662001154,0.0901608214848331
EXC9998_X,-0.0136433295369483,-0.0137801911231486
EX11499_X,0,0
EX00094_X,-0.012703712918198,-0.00427562144631347
EX00059_X,-0.00461608681163791,-0.00458820053751268
EXC0203_X,0,0
EXC0208_X,-0.000393145866727588,-2.43994681925063e-05
EXC0207_X,0.00507998484724203,0.00507337123238943
EXC0211_X,-0.00543438070732422,-0.00371169118779359
EXC0201_X,-0,-0
EXC0210_X,0,-0.0011196877235459
EX00315_X,0,0
EX00750_X,0,0
EX00780_X,-0.00185720204974618,-0.0037145041
EX01613_X,-1.00000023668547e-07,0
EXC9999_X,-0.0904501866761061,-0.0936151142225633
EX00042_X,0.257598740472842,0.172593450277081
EX00089_X,0,0
EX00422_X,0.0801144655040872,0.080283371688334
EX00245_X,0,0
EX05122_X,0,0
EX01755_X,-0.00179970982,-0.00179970982006486
EX00272_X,-0.000864260094631749,-0.00172948541465575
EX04722_X,-4.59764255324394e-05,-4.59764255324389e-05
EX00101_X,-0.00273325355671414,-0.00453306337693249
EX00378_X,0.000652985864067825,0.000652985864069923
EX00188_X,0.12496571196987,0.135045171101853
EX00178_X,-0.012241251620306,-0.0148002857714127
EX00214_X,0.00957621648038864,0.00947021549156067
EX00565_X,0.00592117414846868,0.0059211741484694
EX03793_X,0,0
EX01083_X,0.000927335007039557,0.000927335007059869
EX00078_X,0.0240844447773345,0.0250783213448001
EX00398_X,0,0
EX00535_X,0,0
EX00320_X,0,-0.00304517296366789
EX06424_X,0,0.00575536653068416
EX00483_X,0,-0.00086512532
EX00082_X,0.0800197771064509,0.0793992055917441
EX00167_X,0.000606403659493516,0.00222452075779822
EX00106_X,-0.0957757948046835,-0.107880228234818
EX00366_X,-0,-0
EX00785_X,0,0
EX00086_X,-0.00545271345326321,-0.0104175175547793
EX00299_X,0.0549190338316519,0.0549502453362439
EX00075_X,0.0524289350035571,0.0636066881716735
EXC0135_X,0.00215863366110784,0.00364511682645422
EX00183_X,0.178380975334664,0.18582292514278
EX00385_X,-0.00666131516965121,-0.00820464903368664
EX02470_X,0,0
EX00655_X,0,0
EX15519_X,0,0
EX15610_X,-0.000231975654554537,-0.000231975654554537
EX05455_X,0.00073581559163828,0.000735815591638279
EX17339_X,0,0
EX15520_X,0,0
EX06341_X,0,0
EX01762_X,0,-0.00138803829
EX00181_X,0,0
EX00379_X,0,0
