Row,OFD,PFD
BIO0001_I,0.486288413,0.486288413
BIO0002_I,1.933003451,1.933003451
BIO0003_I,0.079662408,0.079662408
BIO0004_I,0,0
BIO0005_I,0.08660851,0.048345479
BIO0006_I,0.162066161,0.16840433
BIO0007_I,0.045482177,0.030672358
BIO0008_I,0.054781804,0.054781804
BIO0009_I,0.024745267,0.024745267
BIO0010_I,0.359221809,0.359221809
BIO0011_I,0.045989204,0.057817412
BIO0012_I,-0.015276988,-0.012155391
BIO0013_I,0.050942749,0.030250435
BIO0014_I,0.030673358,0.010673358
BIO0015_I,3.59E-05,3.59E-05
BIO0100_I,0,0
BIO0101_I,0.013969622,0.013969622
BIO0102_I,0,0
BIO0103_I,0,0
BIO0104_I,0.007737565,0.007737565
BIO0105_I,0,0
BIO0106_I,0.337514622,0.337514622
BIO0107_I,0,0
DGR0001_I,10.84607224,10.31776431
DGR0002_I,1.212524127,1.302809966
DGR0003_I,0.241052878,0.204312023
DGR0004_I,0.655768214,0.555817176
DGR0005_L,0.312265522,0.264670561
DGR0006_L,2.416691347,2.048343502
DGR0007_L,2.416691347,2.048343502
DGR0008_L,10.84607224,10.31776431
DGR0009_L,1.212524127,1.302809966
DGR0010_L,0.241052878,0.204312023
DGR0011_L,0.066161759,0.0560775
DGR0012_I,0.066161759,0.0560775
DGR0013_L,0.020133456,0.01706475
DGR0014_L,0.006928424,0.004826753
DGR0015_L,0.020133456,0.01706475
DGR0016_I,0.006928424,0.004826753
DGR0017_I,0.020133456,0.01706475
DGR0018_L,0.234213506,0.198515095
DGR0019_I,0.234213506,0.198515095
DGR0020_L,0.056142531,0.047585385
DGR0021_I,0.071761115,0.060823412
DGR0022_L,0.015618585,0.013238027
DGR0023_I,0.015618585,0.013238027
DGR0024_I,0.015618585,0.013238027
DGR0025_L,0.006290901,0.005332053
DGR0026_I,0.006290901,0.005332053
DGR0027_L,0.328177018,0.278156854
DGR0028_I,0.328177018,0.278156854
DGR0029_E,0,0
DGR0029_L,0.002182272,0.001849654
DMN0001_I,0.00E+00,0
DMN0002_I,0,0.000873109
DMN0005_I,0,0
DMN0006_I,0.000886263,0.000886263
DMN0007_I,0,0
DMN0008_I,0.009026154,0.009026154
DMN0009_I,0,0
DMN0015_I,0,0
DMN0017_I,0,0
DMN0018_I,0,0
DMN0020_I,0,0
DMN0021_I,0,0
DMN0022_I,0,0
DMN0023_I,0,0
DMN0024_I,0.006145663,0.006145663
DMN0025_I,0.01,0.01
DMN0026_I,0.000920504,0.000920504
DMN0027_I,0,0
DMN0030_I,0,0
DMN0031_I,0.193407993,0.172873593
DMN0032_I,0,0
DMN0033_I,0,0
DMN0034_I,0.00963225,0.00963225
DMN0035_I,0.00036775,0.00036775
DMN0038_I,0,0
DMN0039_I,0,0
DMN0040_I,0,0
DMN0041_I,0,0
DMN0042_I,0.00180081,1.50E-06
DMN0043_I,0,0
DMN0044_I,0.002313931,0.002314014
DMN0046_I,0,0
DMN0047_I,0.004401366,0.004401366
DMN0048_I,0.003461731,2.00E-06
DMN0054_I,0,0
DMN0055_I,0,0
DMN0057_I,0,0
DMN0058_I,0.008136443,0.008136443
DMN0059_I,0,0
DMN0060_I,0.01,0
DMN0061_I,0.01,0
DMN0062_I,0,0
DMN0063_I,0.01,0.01
DMN0064_I,0,0
DMN0065_I,0.01,0.01
DMN0066_I,0.01,0.008601893
DMN0067_I,0,0
DMN0068_I,0.01,0.01
DMN0072_I,0.101056957,0.101056957
DMN0073_I,0,0
DMN0075_I,0.01,0.01
DMN0077_I,0.006540269,0.009895147
DMN0078_I,0,0
DMN0080_I,0.01,0.005938587
DMN0082_I,0.01,0.01
DMN0083_I,0.012242164,0.012242164
DMN0084_I,0,0
DMN0085_I,0,0
DMN0086_I,0,0
DMN0100_I,0,0
DMN1001_I,0,0
DMN1004_I,0.01,0.01
DMN1005_I,0,0
DMN1006_I,0.01,0.01
DMN1007_I,0.01,0.01
EX00001_E,1.205026749,0.736535783
EX00002_E,0,0
EX00007_E,-16.65381273,-15.33277967
EX00009_E,1.300179696,1.282799523
EX00011_E,14.21757281,13.08828173
EX00014_E,5.273044333,4.93868679
EX00016_E,0,0
EX00018_E,0,0
EX00019_E,0,0
EX00020_E,0,0
EX00021_E,0.216262389,0.203350641
EX00022_E,0,0
EX00025_E,0,0
EX00026_E,0,0
EX00027_E,0,0
EX00031_E,0,0
EX00032_E,0,0
EX00033_E,0,0
EX00037_E,0,0
EX00041_E,0,0
EX00042_E,0.682631515,0.80739907
EX00047_E,0.364068001,0.320585498
EX00048_E,0,0
EX00049_E,0,0
EX00051_E,0,0
EX00054_E,0,0
EX00058_E,1.380910809,1.01588004
EX00059_E,0.014583068,0.02148892
EX00061_E,0,0.00114898
EX00062_E,0.231008672,0.20563122
EX00064_E,0,0
EX00065_E,0,0
EX00067_E,0.014510074,0.014802948
EX00068_E,0,0
EX00072_E,0,0
EX00073_E,0,0
EX00074_E,0,0
EX00075_E,0,0
EX00077_E,0,0
EX00078_E,0.070369264,0.067141316
EX00079_E,0,0
EX00080_E,0.354931793,0.432493649
EX00081_E,0,0
EX00082_E,0,0
EX00084_E,0,0
EX00086_E,0.110718462,0.108483012
EX00089_E,0,0
EX00093_E,0,0
EX00094_E,0.00E+00,0
EX00095_E,0,0
EX00097_E,0.13289135,0.109708992
EX00099_E,0.002774877,0.001386938
EX00101_E,0.00E+00,0
EX00106_E,0.166548185,0.15403778
EX00108_E,0,0
EX00109_E,0,0
EX00111_E,0,0
EX00114_E,0,0
EX00116_E,0,0
EX00121_E,0,0
EX00122_E,0,0
EX00123_E,0.085241836,0.033768354
EX00124_E,0,0
EX00127_E,0,0
EX00130_E,0,0
EX00132_E,0,0
EX00133_E,0,0
EX00134_E,0.004088725,0.004088725
EX00135_E,0.100342734,0.091332581
EX00137_E,0,0
EX00140_E,0,0.00E+00
EX00141_E,0,0.00E+00
EX00143_E,0,0
EX00147_E,0.04031729,0.029761271
EX00148_E,0.156085537,0.126893554
EX00149_E,0,0
EX00152_E,0.280915344,0.262628103
EX00153_E,0.006076752,0.006445502
EX00156_E,0,0
EX00157_E,0,0
EX00158_E,0,0
EX00159_E,0,0
EX00160_E,0,0
EX00162_E,0,0
EX00163_E,0.008141425,0.001329173
EX00164_E,1.072227657,0.695710671
EX00166_E,0.178325138,0.170573689
EX00167_E,0,0
EX00170_E,0,0
EX00178_E,0.02441155,0.002211797
EX00181_E,0,0
EX00183_E,0,0
EX00185_E,0,0
EX00186_E,0.007745836,0.00036775
EX00187_E,0,0
EX00188_E,0,0
EX00189_E,0,0
EX00191_E,0,0
EX00194_E,0.000946778,0.000422342
EX00197_E,0,0
EX00208_E,0,0
EX00212_E,0,0
EX00214_E,0.040339742,0.030817582
EX00219_E,0,0
EX00233_E,0,0
EX00239_E,0,0
EX00242_E,0.405624915,0.428700423
EX00243_E,0,0
EX00245_E,0,0
EX00249_E,0,0
EX00250_E,0.000225614,0.000408669
EX00253_E,0,0
EX00255_E,0.016548347,0.007842199
EX00256_E,0,0
EX00257_E,0,0
EX00259_E,0,0.00E+00
EX00262_E,0.010136542,0.00216756
EX00266_E,0.02744095,0
EX00268_E,0,0
EX00272_E,0,0
EX00288_E,0,0.242731294
EX00294_E,0,0
EX00295_E,0.024458474,0.003988111
EX00299_E,0.112512022,0.127016277
EX00301_E,0,0
EX00311_E,0,0
EX00314_E,0,0.000409669
EX00315_E,0,0
EX00318_E,0.01,0.009999
EX00320_E,0.002948482,0
EX00322_E,0,0
EX00328_E,0,0
EX00329_E,0,0
EX00330_E,0,0
EX00334_E,0.003640102,0.000864225
EX00344_E,0,0
EX00346_E,0.010265198,0.001749858
EX00350_E,0,0
EX00352_E,0,0
EX00354_E,0,0
EX00355_E,0.007681973,0.005455922
EX00366_E,0.067178843,0.100940023
EX00376_E,0,0
EX00378_E,0.002013525,0.001607237
EX00379_E,0,0
EX00385_E,0.007183145,0.005602121
EX00387_E,0,0
EX00388_E,0,0
EX00398_E,0,0
EX00402_E,0,0
EX00407_E,0,0
EX00422_E,0,0
EX00427_E,0,0
EX00429_E,0,0
EX00437_E,0,0
EX00438_E,0,0
EX00439_E,0,0
EX00440_E,0,0
EX00455_E,0,0
EX00459_E,0.006740951,0.007606176
EX00469_E,0,0
EX00473_E,0,0
EX00475_E,0.196050187,0.213184665
EX00483_E,0.000864225,0
EX00486_E,0,0
EX00504_E,0,0
EX00506_E,0,0
EX00523_E,0,0
EX00526_E,0,0
EX00532_E,0,0
EX00534_E,0,0
EX00535_E,0,0
EX00544_E,0,0
EX00546_E,0,0
EX00559_E,0,0
EX00565_E,0,0
EX00575_E,0,0
EX00577_E,0,0
EX00583_E,0,0
EX00584_E,0.00313977,0
EX00588_E,0,0
EX00631_E,0,0
EX00632_E,0,0
EX00642_E,0.00E+00,0
EX00643_E,0,0
EX00655_E,0,0
EX00669_E,0,0
EX00670_E,0,0
EX00671_E,0,0.00E+00
EX00695_E,0.00193837,0.00193837
EX00696_E,0,0
EX00704_E,0,0
EX00708_E,0,0
EX00719_E,0.015450425,0.0145852
EX00750_E,0,0
EX00777_E,0,0
EX00780_E,0.003713604,0.001856302
EX00785_E,0,0
EX00794_E,0,0
EX00811_E,0,0
EX00818_E,0,0
EX00853_E,0,0
EX00864_E,0,0
EX00881_E,0,0
EX00906_E,0,0.009999
EX00909_E,0,0
EX00940_E,0,0
EX00942_E,0,0
EX00954_E,0.001386938,0.001386938
EX00979_E,0,0
EX01060_E,0.003719975,0
EX01083_E,0,0
EX01103_E,0.001018189,0.012764649
EX01132_E,0,0
EX01137_E,0,0
EX01161_E,0.00E+00,0
EX01179_E,0.106149642,0.093568292
EX01181_E,0,0
EX01185_E,0,0
EX01194_E,0,0
EX01205_E,0.003719975,0
EX01326_E,0,0
EX01419_E,0,0
EX01530_E,0,0
EX01595_E,0.01,0.000351442
EX01613_E,0,0
EX01697_E,0,0
EX01717_E,0,0
EX01755_E,0.00179981,0.01179881
EX01762_E,0,0
EX01801_E,0,0
EX01879_E,0,0
EX01885_E,0,0
EX01888_E,0,0
EX01921_E,0.001421958,0.000172427
EX01996_E,0,0
EX02076_E,0,0
EX02094_E,0,0
EX02165_E,0.000864225,0.000864225
EX02188_E,0,0.00E+00
EX02415_E,0,0
EX02470_E,0,0
EX02505_E,0.010864225,0.010864225
EX02512_E,0,0
EX02630_E,0,0
EX02642_E,0,0
EX02679_E,0.006928424,0.004826753
EX02737_E,0,0
EX02763_E,0,0
EX02918_E,0.005107913,0.005107913
EX02946_E,0,0
EX03197_E,0,0
EX03284_E,0.015946027,0
EX03722_E,0,0
EX03758_E,0.0007365,0.0007365
EX03793_E,0,0
EX03917_E,0,0
EX04227_E,0.001856302,0.001856302
EX04230_E,0,0
EX04317_E,0.012640259,0.016861362
EX04598_E,0,0
EX04677_E,0,0
EX04722_E,0,4.51E-05
EX04853_E,0,0
EX05100_E,0,0
EX05122_E,0.00E+00,0
EX05127_E,0,0
EX05332_E,0,0
EX05335_E,0.00E+00,0
EX05356_E,0,0
EX05402_E,0,0
EX05422_E,0,0
EX05455_E,0,0
EX05512_E,0,0
EX05519_E,0.01,0
EX05635_E,0,0
EX05684_E,0,0
EX05688_E,0.005777467,0
EX05697_E,0,0.00E+00
EX05787_E,0.001169056,0.001318298
EX05828_E,0,0
EX05852_E,0.01,0
EX05984_E,0.007377087,0
EX06232_E,0.004487169,0.002184995
EX06341_E,0,0
EX06424_E,0.001755688,0.001386938
EX11061_E,0,0
EX11135_E,0,0
EX11499_E,0,0
EX14818_E,0,0
EX14819_E,0,0
EX15519_E,0.001249531,0.001249531
EX15520_E,0,0
EX15610_E,0.000231076,0.000231076
EX17337_E,0,0
EX17339_E,0,0
EX18125_E,0,0
EX18126_E,1.00E-06,1.00E-06
EXC0001_E,0,0
EXC0013_E,0.000483338,0.000408669
EXC0050_L,-2.416691347,-2.048343502
EXC0051_L,1.327106578,0
EXC0052_L,0.324566487,0
EXC0053_L,0,0
EXC0054_L,0,0
EXC0055_L,0,0
EXC0056_L,0.013205032,0.012237996
EXC0057_L,0,0
EXC0058_L,0,0
EXC0059_L,0,0
EXC0060_L,0,0
EXC0063_L,0,0
EXC0065_L,0,0
EXC0072_L,0.00E+00,0
EXC0135_E,0,0
EXC0141_E,0.005773121,0.007377087
EXC0142_L,0,0
EXC0152_E,0,0
EXC0180_E,0.01179881,0.01179881
EXC0201_E,0,0
EXC0202_E,0,0
EXC0203_E,0,0
EXC0207_E,0,0
EXC0208_E,0,0
EXC0210_E,0.004796384,0
EXC0211_E,0,0.004796383
EXC0213_E,0,0
EXC0214_E,0.00324424,0.00504405
EXC0216_E,0.002280312,0.001234975
EXC9998_E,0.467042924,0.395857063
EXC9999_E,0.233521462,0.197928532
RC00004_I,3.643844479,3.443723518
RC00009_I,0.736566788,0.384764947
RC00010_I,0.01,0.01
RC00028_I,0.001411482,0.001411482
RC00032_I,0,0
RC00078_I,0.0022745,0.0022745
RC00089_I,0.01,0.01
RC00093_I,0.217434576,0.206793588
RC00100_I,0.782215655,0.56164479
RC00102_I,0.62735794,0.546973993
RC00103_I,0,0
RC00115_I,0.01,0.01
RC00127_I,3.228070225,2.987573838
RC00137_I,-0.00820119,-0.00820119
RC00138_I,0.003459731,0.000104853
RC00155_I,0,0
RC00156_I,0.210183477,0.201886906
RC00158_I,0.113498049,0.104396286
RC00160_I,0.016110642,0.015116412
RC00161_I,0.01,0.01
RC00174_I,0,0
RC00177_I,0.199756872,0.213796099
RC00178_I,0.011754688,0.011754688
RC00181_I,0.01,0.01
RC00183_I,0,0
RC00185_I,0.01,0.01
RC00188_I,0.01,1.00E-06
RC00190_I,0.01,0.01
RC00191_I,0.01,0.01
RC00192_I,0.03,0.057817566
RC00199_I,0.01,0.01
RC00200_I,0.230274176,0.01
RC00220_I,0,0
RC00233_I,0,0
RC00235_I,0.01,0.01
RC00238_I,-0.01,7.33E-03
RC00251_I,0.01,0.01
RC00253_I,0.01,0.01
RC00256_I,0.01,0.01
RC00257_I,0.01,0.01
RC00261_I,0,0
RC00267_I,0.01,0
RC00274_I,0.014152587,0.014846557
RC00275_I,0,0
RC00277_I,0,0
RC00278_I,0,0
RC00286_I,0.005383369,0.003538275
RC00287_I,0,0
RC00289_I,0.116525617,0.115485716
RC00291_I,0.014484328,0.014484328
RC00293_I,0,0
RC00306_I,0.001411482,0.001411482
RC00328_I,0,0
RC00330_I,4.118734366,3.771504541
RC00332_I,0.044747074,0.044747074
RC00335_I,0.01,0.01
RC00342_I,-0.013657558,-0.434823648
RC00352_I,0.01,0.01
RC00355_I,0.01,0.083936265
RC00359_I,0.003657558,0.003657558
RC00366_I,0.01,0.01
RC00369_I,-0.24424313,-0.046719256
RC00383_I,0,0
RC00416_I,0,0
RC00417_I,-0.101056957,-0.101056957
RC00424_I,0.01,0.01
RC00426_I,0,0
RC00431_I,0.01,-0.337229825
RC00434_I,0.01,0.01
RC00471_I,0,0
RC00475_I,0.01,0.01
RC00485_I,0,0
RC00489_I,0,0
RC00494_I,0.01,0.01
RC00497_I,0.018305175,0.019693113
RC00507_I,0,0
RC00508_I,0,0.01
RC00509_I,0.00E+00,0.01
RC00511_I,0.24089218,0.248695012
RC00512_I,-0.099411034,-0.045512255
RC00513_I,0,0
RC00525_I,0,0
RC00527_I,0,0
RC00529_I,0.00E+00,0
RC00548_I,0.002988917,0
RC00549_I,0,0
RC00551_I,0.119236417,0.118035157
RC00554_I,0.01,0.01
RC00570_I,-0.029411034,0.024487745
RC00571_I,0.01,0.01
RC00573_I,0.01,0
RC00575_I,0.01,0
RC00578_I,0.01,0.01
RC00582_I,1.158385226,0.843212045
RC00585_I,0.01,0.00E+00
RC00602_I,0,0
RC00619_I,0,0
RC00631_I,0.005190182,-7.73E-12
RC00650_I,0.01,0.01
RC00658_I,0.361055977,0.493146788
RC00662_I,0,0
RC00669_I,0.01,0.01
RC00670_I,0.01,0.01
RC00678_I,0,0
RC00685_I,0,0
RC00694_I,0.183042159,0.170574689
RC00698_I,0.01,0.01
RC00699_I,0,0
RC00703_I,0,0
RC00710_I,0,0
RC00711_I,0.583583965,0.515515642
RC00720_I,0,0
RC00722_I,0.01,0.01
RC00731_I,0,0
RC00734_I,0.13157637,0.11899502
RC00736_I,0,0
RC00748_I,0.181989907,0.146918602
RC00751_I,0.244155225,0.228618448
RC00754_I,-0.003668799,-0.00761968
RC00765_I,0.008262542,0.002385271
RC00768_I,0,0
RC00782_I,0.00E+00,0.010001
RC00801_I,1.00E-06,2.00E-06
RC00842_I,0,0
RC00847_I,0.096789895,0.07526104
RC00851_I,0.075629703,0.089136921
RC00867_I,0,0.00E+00
RC00875_I,-2.00E-06,-3.00E-06
RC00885_I,0.155037193,0.155037193
RC00888_I,0.01,0.01
RC00893_I,0,0
RC00894_I,0.018305175,0.019693113
RC00895_I,-2.13E-05,0.01
RC00897_I,0,0.01
RC00899_I,0.01,0.01
RC00905_I,0.01,0.01
RC00936_I,0.003609494,0.000432462
RC00939_I,0,0
RC00941_I,0.01,0.01
RC00943_I,-1.256828269,-0.917105602
RC00945_I,1.322507389,0.99767855
RC00946_I,0.01,0.037817566
RC00955_I,0.01,0.01
RC00959_I,0.136408911,0.092430664
RC00961_I,-0.01,-0.01
RC00963_I,0.17637393,0.195115301
RC00964_I,0,0
RC00965_I,0.01,0
RC00966_I,0,0
RC00978_I,-0.003719975,0
RC00987_I,0,1.00E-06
RC00988_I,0.00E+00,0.00E+00
RC00996_I,0,0
RC01000_I,0,0.00E+00
RC01001_I,0.01,0.01
RC01005_I,0.048345731,0.048345731
RC01009_I,0.064460974,0.064460974
RC01010_I,0.01,0.01
RC01011_I,0.01,0.01
RC01013_I,0.050672358,0.030672358
RC01015_I,-0.742888204,-0.626108474
RC01016_I,0,0
RC01018_I,0.01,0.01
RC01021_I,0.027172201,0.022827422
RC01023_I,0.01036775,0.013719975
RC01026_I,0.01,0.01
RC01030_I,0.005191182,1.00E-06
RC01036_I,0.01,0
RC01041_I,-0.016549298,-0.004103604
RC01049_I,0.05564114,0.04527239
RC01051_I,0,0
RC01054_I,0,0
RC01055_I,-0.01,-0.01
RC01056_I,0.221024541,0.259844698
RC01057_I,0.378321604,0.425386431
RC01061_I,1.50901767,1.311188602
RC01066_I,0.182013656,0.154571381
RC01070_I,0.343090269,0.260663049
RC01072_I,0.01,0.01
RC01082_I,-0.01,0
RC01083_I,0.01,0.01
RC01092_I,0.01,0.01
RC01093_I,0.01,0
RC01095_I,-0.030543785,-0.018743975
RC01100_I,0,0
RC01101_I,0,0
RC01103_I,1.00E-06,1.00E-06
RC01108_I,0,0
RC01121_I,0.313413155,0.313413155
RC01123_I,0.021101796,0.021101796
RC01126_I,0,0
RC01127_I,-0.011858302,-0.011856302
RC01130_I,0.019999,0.011964147
RC01132_I,0,0
RC01134_I,0.025833129,0.01
RC01135_I,0.01,0.01
RC01137_I,0,0
RC01138_I,0,0
RC01154_I,0,0
RC01167_I,0,0
RC01168_I,0,0
RC01184_I,0,0
RC01185_I,0,0
RC01186_I,0,0
RC01187_I,0.032409517,0.033349126
RC01201_I,0,0
RC01206_I,0.01,0.01
RC01218_I,0,0
RC01220_I,1.288686571,0.948961904
RC01224_I,-0.01,-0.01
RC01227_I,0.344619312,0.379134807
RC01229_I,0,0
RC01230_I,0.01,0.01
RC01231_I,0.01,0
RC01234_I,0.01,0.01
RC01252_I,0,0.01
RC01262_I,0,0
RC01266_I,-0.101056957,-0.101056957
RC01268_I,0,0
RC01269_I,0,0
RC01274_I,0,0
RC01280_I,0.34518206,0.227309272
RC01281_I,0.034957451,0.033756758
RC01290_I,0.01,0.01
RC01301_I,0.01,0.01
RC01310_I,0,0
RC01315_I,0,0
RC01318_I,-0.004880066,-0.006559075
RC01321_I,0.05803076,0.071537977
RC01326_I,0.097631732,0.097262983
RC01334_I,0.003157677,0.003157677
RC01351_I,0.025276988,0.012155391
RC01357_I,0.028010746,0.01
RC01364_I,0.01,0.01
RC01372_I,0.01,0
RC01375_I,0.00E+00,0
RC01378_I,0.00E+00,0.00E+00
RC01384_I,0,0
RC01393_I,0.01,0
RC01397_I,0.02,0.007122509
RC01402_I,0.01,0.01
RC01410_I,0,0
RC01415_I,0.01,-0.01
RC01431_I,0.01,0
RC01463_I,0.003186901,0.001984447
RC01468_I,0.01,0.01
RC01470_I,0.244213506,0.208515095
RC01481_I,0.01,0.01
RC01483_I,-0.00360062,-0.00180081
RC01494_I,0.01,0.01
RC01495_I,0.01,0.01
RC01496_I,0.011274725,0.012277468
RC01497_I,0.017113999,0.017919192
RC01498_I,0.01,0.01
RC01500_I,0.00E+00,0.00E+00
RC01512_I,-1.50901767,-1.311188602
RC01513_I,1.152094325,0.837879992
RC01514_I,0,0
RC01518_I,-0.361055977,-0.485703839
RC01528_I,0.01,0.01
RC01529_I,0.231024541,0.269844698
RC01547_I,0,0
RC01560_I,0.009010977,0.042638764
RC01561_I,0.01,0
RC01567_I,0,0
RC01569_I,0.049421222,0.040364344
RC01570_I,0,0
RC01595_I,0.010864225,0.010864225
RC01600_I,0.044424668,0.028657376
RC01602_I,0,0
RC01616_I,0.01,0.01
RC01639_I,0.020001,0.010001
RC01641_I,-0.125512771,-0.139922849
RC01655_I,1.268686571,0.938961904
RC01658_I,0.021101796,0.021101796
RC01663_I,0,0
RC01664_I,0.056025865,0.046952018
RC01665_I,0,0
RC01681_I,0,0
RC01682_I,0,0
RC01687_I,0.00E+00,0.00E+00
RC01704_I,0.01,0.01
RC01710_I,0,0
RC01711_I,0,0
RC01724_I,0.02564014,0.01527139
RC01737_I,0,0
RC01752_I,0.00E+00,0
RC01758_I,0,0
RC01759_I,0,0.00E+00
RC01768_I,0.055789905,0.098973876
RC01769_I,0.01,0
RC01786_I,0.184024064,0.166003319
RC01787_I,0.006536973,0.003716975
RC01793_I,0,0
RC01794_I,0,0
RC01795_I,0,0
RC01799_I,0.032253081,0.032253081
RC01801_I,0.000533535,0.000533535
RC01802_I,0.030859691,0.030859691
RC01814_I,0,0
RC01815_I,0,0
RC01816_I,1.00E-06,2.00E-06
RC01818_I,-0.155037193,-0.155037193
RC01819_I,-0.05740546,-0.05777421
RC01827_I,0.01,0.01
RC01829_I,0.115512771,0.129922849
RC01830_I,-0.125512771,-0.139922849
RC01843_I,0.115512771,0.129922849
RC01844_I,0.00E+00,0
RC01855_I,0,0
RC01857_I,0,0.00E+00
RC01863_I,0.014510381,0.04675023
RC01870_I,-0.01,-0.01
RC01876_I,0,0
RC01878_I,0.01,0
RC01890_I,0.078561034,0.092068251
RC01896_I,0.020001,0.010001
RC01903_I,0,0
RC01904_I,0.01,0.01
RC01905_I,0.01,0.01
RC01909_I,0,0
RC01920_I,0.01,0.01
RC01923_I,0.01,0
RC01926_I,0.01,0
RC01931_I,-0.009999,1.00E-02
RC01938_I,0,0
RC01951_I,0.002943197,0.002943197
RC01956_I,0.00E+00,0
RC01959_I,0,0
RC01960_I,0,0
RC01961_I,0.007700876,0.003590501
RC01968_I,0.061105217,0.051791668
RC01969_I,0.061106217,0.051791668
RC01975_I,0.008010746,7.33E-03
RC01978_I,0.01,0.01
RC01987_I,0.00E+00,0
RC01993_I,-0.02963225,-0.01
RC01998_I,-0.050672358,-0.030672358
RC02003_I,0.021101796,0.021101796
RC02016_I,0.012291325,0.012291325
RC02017_I,0,0
RC02018_I,0,0
RC02019_I,0,0
RC02024_I,0,0
RC02029_I,0.000533535,0.000533535
RC02030_I,0.000859855,0.000859855
RC02035_I,0.01,0.01
RC02037_I,0.04874615,0.053425892
RC02038_I,-0.210736057,-0.180344495
RC02051_I,-0.250582279,-0.210190717
RC02053_I,0,0
RC02055_I,0.01,0.01
RC02057_I,-0.230878141,-0.190486579
RC02058_I,0,0
RC02059_I,0,0
RC02061_I,0.000107767,0.000107767
RC02078_I,0,0
RC02080_I,0,0
RC02082_I,0.313413155,0.313413155
RC02088_I,0.059421222,0.050364344
RC02090_I,0,0.00E+00
RC02093_I,0.01,0.01
RC02094_I,0.01,0.01
RC02098_I,0,0
RC02099_I,0,0
RC02100_I,0,0
RC02101_I,0,0
RC02102_I,0,0
RC02103_I,0.057178843,0.100940023
RC02107_I,0.01,0
RC02110_I,0.01,0.01
RC02124_I,-0.01,-1.593440906
RC02142_I,0,0
RC02147_I,0.334957595,0.368836613
RC02173_I,0,0
RC02186_I,0.016115244,0.016115244
RC02222_I,0.214732145,0.144491488
RC02235_I,0.003609494,0.000432462
RC02236_I,0,0
RC02239_I,0.01,0
RC02240_I,0.217205657,0.153306878
RC02241_I,0.075629703,0.089136921
RC02245_I,0.313413155,0.313413155
RC02250_I,0.01,0
RC02251_I,0.060942749,0.030250435
RC02265_I,0.01,0.01
RC02266_I,0,0.00E+00
RC02269_I,0,0.00E+00
RC02286_I,0,0
RC02288_I,0,0
RC02294_I,0.007464691,0.00783344
RC02295_I,-0.01,0.00E+00
RC02297_I,0.001388938,0.001966147
RC02323_I,0.007464691,0.00783344
RC02326_I,0,0
RC02331_I,0,0
RC02335_I,0.030872187,0.030872187
RC02364_I,0,0
RC02367_I,-0.000920504,-0.000920504
RC02382_I,0,0
RC02383_I,0,0
RC02389_I,0.000829211,0.000829211
RC02396_I,0.01,0
RC02397_I,0.01,0.01
RC02464_I,0.01,0.01
RC02466_I,0,0
RC02478_I,0,0
RC02484_I,0.056025865,0.046954018
RC02485_I,0.056025865,0.046953018
RC02493_I,0,0
RC02497_I,0,0
RC02519_I,0.01,0.01
RC02521_I,0.011856302,0.011856302
RC02529_I,0,0
RC02531_I,0,0.00E+00
RC02541_I,0.01,0.01
RC02543_I,0.00E+00,0.00E+00
RC02556_I,0.051279524,0.052222646
RC02557_I,0.01,0
RC02577_I,0,0.00E+00
RC02619_I,0.00E+00,0
RC02640_I,0.01,0.01
RC02665_I,0,0
RC02668_I,0.00E+00,0
RC02670_I,0.00180081,1.50E-06
RC02678_I,0,0
RC02687_I,0,0.01
RC02695_I,-2.904450478,0
RC02697_I,2.904450478,0
RC02701_I,0,0
RC02719_I,0,0.001965147
RC02731_I,0.01,0.01
RC02732_I,0.01,0.01
RC02736_I,0.01,0.01
RC02737_I,0.011198191,0.011198191
RC02739_I,0.01,0
RC02740_I,0.266825266,0.213886666
RC02743_I,0,0
RC02746_I,0,0
RC02748_I,0.051279524,0.052223646
RC02749_I,0.178411606,0.150969331
RC02750_I,0.00360205,0.00360205
RC02757_I,0.01,0.01
RC02778_I,0.011198191,0.011198191
RC02869_I,0.00036775,0.00036775
RC02902_I,0,0
RC02908_I,0,0
RC02914_I,0,0
RC02918_I,0.054125212,0.054125212
RC02957_I,-0.00360062,-0.00180081
RC02976_I,0.02036775,0.01
RC02978_I,0.034957451,0.033756758
RC03004_I,0,0
RC03005_I,0.01,0.01
RC03018_I,0.002313943,0.002313943
RC03020_I,0.01,0.01
RC03038_I,0.247545931,0.247545931
RC03055_I,0,0
RC03057_I,0.01,0.01
RC03058_I,0.010864225,0.010864225
RC03104_I,0.00E+00,0.00E+00
RC03105_I,-0.010021349,0.01
RC03106_I,0.01,0
RC03161_I,0.002943197,0.002943197
RC03181_I,0.01,0.01
RC03219_I,0.00072079,0.00072079
RC03245_I,0.313413155,0.313413155
RC03269_I,0.002313943,0.002313943
RC03283_I,0.01,0.01
RC03284_I,0.01,0.01
RC03300_I,0,0
RC03302_I,0,0
RC03315_I,0.01,0.01
RC03321_I,0.044424668,0.018657376
RC03332_I,0,0
RC03336_I,0.012732154,0.012732154
RC03346_I,0.01,0
RC03348_I,1.00E-06,1.00E-06
RC03361_I,0.01,0.01
RC03362_I,0.01,0.01
RC03363_I,0.01,0.01
RC03376_I,6.24E-05,6.24E-05
RC03393_I,0,0
RC03394_I,0,0
RC03416_I,0.01,0.01
RC03421_I,0.101056957,0.101056957
RC03430_I,0.01,0.01
RC03433_I,0.01,0.01
RC03435_I,0.02,0.02
RC03445_I,0,0
RC03454_I,0.019999,0.019999
RC03455_I,0.019999,0.019999
RC03469_I,0.01,0.01
RC03482_I,0.01,0.01
RC03542_I,0,0
RC03552_I,-0.63555913,-0.555175183
RC03595_I,0,0
RC03596_I,-0.013383803,0.001757891
RC03599_I,0,0
RC03601_I,0.003383803,-0.011757891
RC03617_I,0,0
RC03618_I,-0.01,-0.01
RC03634_I,1.00E-06,1.00E-06
RC03646_I,0.082415377,0.082415377
RC03648_I,0.050083726,0.050083726
RC03650_I,0.000672535,0.000672535
RC03652_I,0.051076642,0.051076642
RC03654_I,0.146337481,0.146337481
RC03655_I,0.034794983,0.034794983
RC03656_I,0.101069539,0.101069539
RC03657_I,0.154715507,0.154715507
RC03658_I,0.153231362,0.153231362
RC03659_I,0.023718405,0.023718405
RC03660_I,0.070812438,0.070812438
RC03661_I,0.088940771,0.088940771
RC03662_I,0.099642869,0.099642869
RC03663_I,0.101534986,0.101534986
RC03664_I,0.014079522,0.014079522
RC03665_I,0.137853498,0.137853498
RC03681_I,0.01,0.01
RC03718_I,0.001249531,0
RC03719_I,0.002499062,0.001249531
RC03720_I,0,0
RC03749_I,0,0
RC03755_I,0.030942749,0.030250435
RC03778_I,0.077065808,0.016225598
RC03814_I,0.104712789,0.106297526
RC03858_I,0.077065808,0.016225598
RC03866_I,0.01,0.01
RC03875_I,0.01,0.01
RC03889_I,0,0
RC03936_I,0,0
RC03954_I,0,0
RC03956_I,0.00E+00,0.00E+00
RC03970_I,0.00E+00,0.00E+00
RC03991_I,0.01,0
RC04025_I,0,0
RC04073_I,0,0
RC04144_I,0.01,0.01
RC04162_I,0.030673358,0.010673358
RC04171_I,0.00E+00,0
RC04173_I,1.152094325,0.837879992
RC04176_I,0.01,0.01
RC04183_I,0.00E+00,0.00E+00
RC04184_I,0.01,0.01
RC04208_I,0.01,0.01
RC04209_I,0.01,0.01
RC04230_I,0,0
RC04231_I,0.002313943,0.002313943
RC04262_I,0.003186901,0.001984447
RC04286_I,0.003459731,0.000104853
RC04293_I,0,0
RC04300_I,0,0
RC04311_I,0.050672358,0.030672358
RC04313_I,0.009999,0.009999
RC04321_I,0.019999,0.019999
RC04323_I,0,0
RC04325_I,-0.01,0
RC04326_I,0.02,0.01
RC04360_I,0.050672358,0.030672358
RC04361_I,0.030673358,0.010673358
RC04404_I,0.01,0.01
RC04420_I,0.01,0.01
RC04452_I,0.01,0.01
RC04463_I,0.01,0.01
RC04480_I,-0.01,-0.01
RC04496_I,3.59E-05,3.59E-05
RC04513_I,0.01,0.01
RC04545_I,0.01,0.01
RC04559_I,0.01,0.01
RC04560_I,0.011858302,0.011856302
RC04571_I,0.024176181,0.004176181
RC04591_I,0.01,0.01
RC04620_I,0.006540269,0.009895147
RC04666_I,0,0.00179881
RC04674_I,0,0
RC04734_I,0,0
RC04742_I,0.077065808,0.016225598
RC04770_I,0,0
RC04779_I,0.407619786,0.337077952
RC04780_I,0.01,0.01
RC04807_I,0.002451986,0.001249531
RC04823_I,0.002451986,0.001249531
RC04824_I,0.002451986,0.001249531
RC04826_I,0.002451986,0.001249531
RC04866_I,0,0
RC04867_I,0,0
RC04886_I,0,0
RC04903_I,0,0
RC04928_I,0.00E+00,0.00E+00
RC04929_I,0,0
RC04940_I,0.00E+00,0.00E+00
RC04996_I,0.00E+00,0.00E+00
RC05050_I,0,0
RC05052_I,0,0
RC05556_I,0.01,0.01
RC05577_I,0.164454059,0.164454059
RC05578_I,0.165898609,0.165898609
RC05623_I,0.008136443,0.008136443
RC05692_I,0.01,0.01
RC05795_I,0.01,0.01
RC05802_I,0.02,0.02
RC05803_I,0.02,0.02
RC05861_I,0,0
RC05916_I,0.01,0.01
RC05969_I,0.016115244,0.016115244
RC05970_I,0.016115244,0.016115244
RC05972_I,0.016115244,0.016115244
RC05973_I,0.016115244,0.016115244
RC05976_I,0.016115244,0.016115244
RC05979_I,0.016115244,0.016115244
RC05980_I,0.016115244,0.016115244
RC05981_I,0.016115244,0.016115244
RC05982_I,0.016115244,0.016115244
RC05983_I,0.015418887,0.015418887
RC05985_I,0.012535395,0.012535395
RC05988_I,0.012535395,0.012535395
RC05989_I,0.012242164,0.012242164
RC06099_I,-0.01,-0.01
RC06171_I,-0.01,0.00E+00
RC06238_I,0.016115244,0.016115244
RC06258_I,0.016115244,0.016115244
RC06259_I,0.016115244,0.016115244
RC06260_I,0.016115244,0.016115244
RC06261_I,0.016115244,0.016115244
RC06262_I,0.016115244,0.016115244
RC06263_I,0.016115244,0.016115244
RC06264_I,0.016115244,0.016115244
RC06364_I,0.030142084,0.010142084
RC06517_I,0.01,0.01
RC06518_I,0,0
RC06519_I,0,0
RC06520_I,0.01,1.00E-06
RC06521_I,0.006322217,0
RC06522_I,0.01019755,0.01
RC06982_I,0,0
RC06983_I,0,0
RC07034_I,0,0
RC07041_I,0.01,0.01
RC07050_I,0.01,0.01
RC07109_I,0.01,0.01
RC07140_I,0,0
RC07168_I,0.033730537,0.053513491
RC07172_I,0,0
RC07209_I,0,0
RC07211_I,0,0
RC07212_I,0,0
RC07213_I,0,0
RC07218_I,0.001249531,0.001249531
RC07296_I,0.001249531,0.001249531
RC07299_I,0.01,0.01
RC07324_I,0.032409517,0.033349126
RC07372_I,0,0
RC07377_I,0.015034836,0.015034836
RC07379_I,0,0
RC07380_I,0,0
RC07384_I,0.01,0.00E+00
RC07385_I,0.01,0.00E+00
RC07387_I,0,0
RC07389_I,0.000531274,0.000531274
RC07392_I,0.01,0.01
RC07396_I,0.01,0.01
RC07641_I,0.01,0.007122509
RC07758_I,0.314226016,0.208002195
RC07759_I,0.314226016,0.208002195
RC07760_I,0.314226016,0.208002195
RC07761_I,0.314226016,0.208002195
RC07933_I,0.05827635,0.01
RC08174_I,0.04666222,0.031902514
RC08177_I,0.01,0
RC08183_I,0.045802805,0.039667507
RC08193_I,0,0
RC08198_I,-0.004024862,1.00E-06
RC08218_I,0,0
RC08223_I,0,0
RC08224_I,0,0
RC08379_I,0.010920504,1.59436141
RC08381_I,-0.000920504,-0.000920504
RC08383_I,0.00E+00,0.00E+00
RC08388_I,-0.000920504,-0.000920504
RC08505_I,0,0
RC08539_I,-0.01,-0.01
RC08707_I,-0.101056957,-0.101056957
RC08723_I,0.00E+00,0.00E+00
RC08724_I,0,0
RC08725_I,0,0
RC08733_I,0.002499062,0.001249531
RC08734_I,0.002499062,0.001249531
RC08735_I,0.002499062,0.001249531
RC08759_I,0.002451986,0.001249531
RC08761_I,0.002451986,0.001249531
RC08766_I,0.012732154,0.012732154
RC08767_I,0.01,0.01
RC08969_I,0.014358276,0.014358276
RC08981_I,0,0
RC09035_I,-0.004760434,-0.004760434
RC09036_I,-0.01,-0.01
RC09085_I,0,0
RC09086_I,0,0
RC09319_I,0.000407802,0.000407802
RC09371_I,0.01,0.01
RC09394_I,0.006145663,0.006145663
RC09510_I,0,0
RC09511_I,0.01,0.01
RC09752_I,0.00E+00,0
RC09844_I,0.000107767,0.000107767
RC09845_I,7.18E-05,7.18E-05
RC10059_I,0,0.00E+00
RC10065_I,0.01,0.01
RC10092_I,1.48463421,0.910988604
RC10306_I,0,0
RC10633_I,-0.63555913,-0.555175183
RC10928_I,0.01,0.01
RC10951_I,0.01,0.01
RC12124_I,0.01,0.01
RCC0001_I,0.04584546,0.01
RCC0005_I,10,10
RCC0009_I,0.00E+00,0
RCC0010_I,0.01,0.01
RCC0018_I,0,0
RCC0019_I,1.868860513,1.084865643
RCC0020_I,0.093132523,0.017265186
RCC0021_I,0.04874615,0.053425892
RCC0022_I,0,0
RCC0029_I,0.01,0.01
RCC0030_I,0.01,0.01
RCC0031_I,0.01,0.01
RCC0032_I,0.000107767,0.000107767
RCC0033_I,7.18E-05,7.18E-05
RCC0034_I,3.59E-05,3.59E-05
RCC0037_I,0.016115244,0.016115244
RCC0038_I,0.015418887,0.015418887
RCC0039_I,0.014278774,0.014278774
RCC0040_I,0.000803281,0.000803281
RCC0041_I,0.000948981,0.000948981
RCC0042_I,0.000407802,0.000407802
RCC0043_I,0.008416902,0.008416902
RCC0044_I,0.16829696,0.143286878
RCC0045_I,0.16829696,0.143286878
RCC0046_I,0.134637568,0.114629502
RCC0050_I,0.002499062,0.001249531
RCC0051_I,0.01,0.01
RCC0053_I,0,0
RCC0055_I,0,0
RCC0056_I,0.071550065,0.055416269
RCC0058_I,0,0
RCC0060_I,0.01,0.01
RCC0061_I,0.194592927,0.136881621
RCC0062_I,0.05827635,0.01
RCC0063_I,0.05827635,0.01
RCC0064_I,0.104712789,0.106297526
RCC0065_I,0.07082902,0.044528474
RCC0066_I,0.01,0.048465572
RCC0067_I,0.040796075,0.040980109
RCC0068_I,0.01,0
RCC0069_I,0.01,0.01
RCC0070_I,0.01,0.01
RCC0071_I,0.093960486,0.088632029
RCC0072_I,0.093960486,0.088632029
RCC0073_I,0.083352861,0.08085048
RCC0074_I,0,0
RCC0076_I,3.59E-05,3.59E-05
RCC0078_I,0.014997072,0.010457195
RCC0079_I,0.01,0
RCC0080_I,0.02,0.01
RCC0081_I,0.02,0.01
RCC0082_I,0,0
RCC0083_I,0.01,0
RCC0084_I,0.077065808,0.016225598
RCC0085_I,0.077065808,0.016225598
RCC0086_I,0.077065808,0.016225598
RCC0087_I,0,0.01
RCC0088_I,0.033163047,0.020029296
RCC0089_I,0.01,0
RCC0090_I,0.027954283,0.013177284
RCC0091_I,0.01,0.01
RCC0092_I,0.03,0.01
RCC0093_I,0.01,0
RCC0094_I,0.02,0.00E+00
RCC0095_I,0.01,0
RCC0096_I,0.01,0
RCC0097_I,0.02,0
RCC0098_I,0.01,0
RCC0099_I,0.02,0
RCC0101_I,0.010607625,0.00778155
RCC0102_I,0.053352861,0.04085048
RCC0103_I,0.01,0
RCC0104_I,0.01,0
RCC0106_I,0.043179628,0.030662149
RCC0107_I,0.01,0
RCC0108_I,0,0.01
RCC0109_I,0,0
RCC0110_I,0,0
RCC0111_I,0,0
RCC0112_I,0,0
RCC0113_I,0,0
RCC0114_I,0,0
RCC0115_I,0,0.035919449
RCC0116_I,0,0
RCC0117_I,0,0
RCC0118_I,0.01,0
RCC0119_I,0,0
RCC0120_I,0,0.005938587
RCC0121_I,0,0
RCC0122_I,0,0
RCC0123_I,0.01,0
RCC0124_I,0.032187469,0.011899665
RCC0125_I,0.01,0
RCC0126_I,0.01,0
RCC0127_I,0,0
RCC0128_I,0.062173187,0.042173187
RCC0129_I,0.01,0
RCC0130_I,0.060406808,0.050170469
RCC0131_I,0,0
RCC0134_I,0.008010746,0.007333965
RCC0136_I,0.016115244,0.016115244
RCC0137_I,0,0.009597608
RCC0138_I,0.010765276,0
RCC0139_I,0.00E+00,0
RCC0140_I,0.005190182,-7.70E-12
RCC0141_I,0.005190182,-6.74E-12
RCC0142_I,0.006145663,0.006145663
RCC0143_I,0.006145663,0.006145663
RCC0144_I,0.00E+00,0.00E+00
RCC0145_I,0,0
RCC0147_I,0.027596038,0.023389898
RCC0148_I,0.010552972,0
RCC0149_I,0.043190862,0.036607787
RCC0150_I,0,0.00E+00
RCC0151_I,0.025276988,0.012155391
RCC0152_I,0,0.01
RCC0153_I,0.042499062,0.051249531
RCC0156_I,0,0
RCC0157_I,0.003459731,0.000104853
RCC0159_I,0.009999,0.009999
RCC0162_I,0,0
RCC0163_I,-0.63555913,-0.555175183
RCC0165_I,0.01,0
RCC0166_I,0.077065808,0.016225598
RCC0167_I,0.077065808,0.016225598
RCC0168_I,0.077065808,0.016225598
RCC0170_I,0.01,0.01
RCC0171_I,0.01,0.01
RCC0172_I,0.01,0.01
RCC0173_I,0.003333333,0.003333333
RCC0174_I,0.003333333,0.003333333
RCC0175_I,3.10E-06,3.10E-06
RCC0176_I,0.003333333,0.003333333
RCC0177_I,0.009999,0.009999
RCC0178_I,0.101056957,0.101056957
RCC0179_I,0,0
RCC0180_I,0.101056957,0.101056957
RCC0181_I,0,0
RCC0185_I,0.01,0.01
RCC0200_I,0.06,0.06
RCC0201_I,0.04,0.05
RCC0202_I,0.04,0.05
RCC0203_I,0.04,0.05
RCC0204_I,0.04,0.05
RCC0205_I,0.04,0.05
RCC0206_I,0.03,0.03
RCC0207_I,0.04,0.04
RCC0208_I,0.04,0.05
RCC0209_I,0.01,0.01
RCC0210_I,0.02,0.01
RCC0211_I,0.01,0.01
RCC0212_I,0.01,0.01
RCC0213_I,0.01,0.01
RCC0214_I,0.01,0
RCC0215_I,0.01,0
RCC0216_I,0.01,0
RCC0217_I,0.01,0
RCC0218_I,0.01,0
RCC0219_I,0.01,0.01
RCC0222_I,0.01,0.01
RCC0223_I,0.01,0.01
RCC0250_I,0,0
RE00160_I,0,0
RE00548_I,0,0
RE10092_I,-0.00037045,-0.000704067
RM00004_I,0.499953517,0.499953517
RM00081_I,9.94953557,9.344699655
RM00112_I,8.587234047,8.06778472
RM00115_I,0,0
RM00127_I,0.496289872,0.486289872
RM00130_I,0.002313943,0.002313943
RM00138_I,0.00046344,0.00046344
RM00161_I,0,0
RM00197_I,0.060052539,0.04996828
RM00199_I,0.01,0
RM00209_I,0.769669602,0.57825125
RM00216_I,0.09941237,0.30489981
RM00238_I,0.940215231,0.694179976
RM00239_I,0.01,0.01
RM00243_I,0.01,0
RM00245_I,0.02,0.02
RM00248_I,4.185757014,3.797552956
RM00258_I,2.927913926,2.332632057
RM00261_I,0,0
RM00267_I,3.037181495,2.882290505
RM00275_I,0,0
RM00335_I,0.01,0.01
RM00342_I,0.365834708,0.623062126
RM00344_I,0.01,0.01
RM00351_I,0.573256993,0.758216419
RM00355_I,0.197422285,0.125154293
RM00369_I,-2.287709233,-2.107450088
RM00371_I,0,0
RM00383_I,0,0
RM00405_I,-3.419356919,-2.829855326
RM00410_I,-1.148398369,-0.809531604
RM00432_I,-0.982576826,-0.982576826
RM00471_I,0,0.01
RM00472_I,0.01,0
RM00479_I,-2.541952363,-2.184169344
RM00489_I,0,0
RM00513_I,0,0
RM00533_I,0.01,0
RM00549_I,0,0
RM00585_I,0.01,0.00E+00
RM00667_I,0.01,0.01
RM00705_I,0.01,0
RM00706_I,0.876841612,0.863762789
RM00709_I,0.01,0.01
RM00710_I,0.01,0.01
RM00711_I,0.01,0
RM00713_I,0,0
RM00716_I,0.00E+00,0
RM00734_I,0,0
RM00751_I,0.02,0.01
RM00781_I,0,0
RM00833_I,0.01,-0.01
RM00842_I,-0.01,-0.01
RM00908_I,0.01,0.01
RM00927_I,0.330809964,0.302346377
RM00935_I,0.482138589,0.474466612
RM00943_I,-0.01,0
RM00945_I,-0.01,0.005598634
RM01025_I,0.01,0.01
RM01082_I,-0.034853903,-0.039135475
RM01090_I,0.397373641,0.402045184
RM01175_I,0.198183138,0.105351628
RM01177_I,0.178183138,0.105351628
RM01214_I,0.50386804,0.463532028
RM01220_I,0.01,0
RM01248_I,0,0
RM01251_I,0,0
RM01253_I,0,0
RM01278_I,0.01,0
RM01282_I,0.02,0
RM01301_I,0,0
RM01360_I,0.01,0.01
RM01393_I,0.01,0
RM01465_I,0,0
RM01492_I,0.00046344,0.00046344
RM01608_I,0.876841612,0.853762789
RM01616_I,0,0
RM01648_I,0.00E+00,0.00E+00
RM01655_I,0.01,0
RM01736_I,0,0
RM01859_I,0.01,0.01
RM01868_I,0.02963225,0.01
RM01875_I,0.00E+00,0
RM01923_I,0.01,0
RM01931_I,0.00E+00,0.00E+00
RM01939_I,0.00E+00,0
RM01975_I,-0.208183138,-0.115351628
RM02016_I,0.01,0.01
RM02050_I,0,0.00179881
RM02055_I,0,0
RM02085_I,0.313413155,0.313413155
RM02161_I,19.8390186,18.62249298
RM02164_I,0,0
RM02199_I,0.33204294,0.303579352
RM02300_I,0,0
RM02301_I,0,0
RM02313_I,0.00E+00,0
RM02396_I,0.01,0
RM02433_I,0.00E+00,0
RM02480_I,3.59E-05,3.59E-05
RM02488_I,0.01,0.01
RM02529_I,0,0
RM02530_I,0,0
RM02565_I,0,0
RM02566_I,0.01,0.01
RM02619_I,0.00E+00,0
RM02661_I,0.502138589,0.462667802
RM02678_I,0,0
RM02765_I,0,0
RM02918_I,0.013048091,0.013048091
RM03026_I,-0.208183138,-0.115351628
RM03035_I,0.002313943,0.002313943
RM03038_I,0.054399626,0.054399626
RM03045_I,0.876841612,0.853762789
RM03102_I,0,0
RM03103_I,0,0
RM03158_I,0.876841612,0.853762789
RM03172_I,0.330809964,0.302346377
RM03225_I,0.01,0.01
RM03291_I,-0.01,0
RM03293_I,0.01,0.01
RM03313_I,0.01,0.01
RM03336_I,0.00E+00,0
RM03381_I,0.01,-0.01
RM03425_I,0.01,-0.01
RM03451_I,0.01,0.01
RM03524_I,0,-1.00E-06
RM03534_I,0.01,0.01
RM03646_I,0.023753244,0.023753244
RM03648_I,0.017217041,0.017217041
RM03650_I,0.004213689,0.004213689
RM03651_I,0.018330155,0.018330155
RM03654_I,0.046011637,0.046011637
RM03655_I,0.00866566,0.00866566
RM03656_I,0.025885619,0.025885619
RM03657_I,0.039900451,0.039900451
RM03658_I,0.034828949,0.034828949
RM03659_I,0.009948488,0.009948488
RM03660_I,0.017307977,0.017307977
RM03661_I,0.021026138,0.021026138
RM03662_I,0.022279304,0.022279304
RM03663_I,0.024250231,0.024250231
RM03664_I,0.004349364,0.004349364
RM03665_I,0.036522691,0.036522691
RM03758_I,0,0
RM03776_I,0.01,0
RM03777_I,0.188183138,0.105351628
RM03778_I,0.01,0.035919449
RM03815_I,0.01,-0.01
RM03856_I,0.01,0
RM03857_I,0.02,0.035919449
RM03858_I,0.01,0.035919449
RM03905_I,0.018330155,0.018330155
RM03989_I,16.74642654,15.89629078
RM03990_I,16.75642654,15.93221023
RM03991_I,0.01,0
RM04096_I,0.313413155,0.313413155
RM04125_I,0.01,-0.01
RM04138_I,0.313413155,0.313413155
RM04170_I,-0.01,-0.035919449
RM04188_I,0.01,0.00E+00
RM04203_I,0.330809964,0.302346377
RM04204_I,0.330809964,0.302346377
RM04224_I,0.502138589,0.462667802
RM04432_I,0.876841612,0.853762789
RM04433_I,19.48417927,18.35604849
RM04737_I,-0.01,0
RM04738_I,-0.01,0
RM04739_I,-0.01,-0.035919449
RM04740_I,-0.01,-0.035919449
RM04741_I,-0.01,-0.035919449
RM04742_I,0.01,0.035919449
RM04743_I,-0.01,-0.035919449
RM04744_I,-0.01,-0.035919449
RM04745_I,-0.178183138,-0.105351628
RM04746_I,-0.178183138,-0.105351628
RM04747_I,0.178183138,0.105351628
RM04748_I,-0.178183138,-0.105351628
RM04749_I,-0.178183138,-0.105351628
RM04751_I,0.188183138,0.105351628
RM04753_I,0.01,0.01
RM04754_I,0.02,0.045919449
RM04807_I,0,0
RM05051_I,0,0.01
RM05052_I,0,0.01
RM05064_I,0.502138589,0.462667802
RM05066_I,0.502138589,0.462667802
RM05373_I,0.01,0.01
RM05577_I,0.031582487,0.031582487
RM05578_I,0.032769031,0.032769031
RM06985_I,0.01,0
RM07136_I,0.00E+00,0
RM07273_I,0.01,0.01
RM07411_I,0.000886263,0.000886263
RM07412_I,0.000886263,0.000886263
RM08505_I,0,0
RM08657_I,0.325207077,0.256444489
RM08759_I,0.00E+00,0
RM08761_I,0,0
RM08766_I,0,0
RM08767_I,0,0
RM08770_I,0.01,0.01
RM08771_I,0.01,0.01
RM08772_I,0.01,0.01
RM08773_I,0.01,0.01
RM08774_I,0.01,0.01
RM08775_I,0.01,0.01
RM08781_I,0.01,0.01
RM10092_I,0.333413155,0.333413155
RM10151_I,0,0
RMC0001_I,0.505229133,0.698121161
RMC0003_I,3.243535376,3.012900547
RMC0004_I,41.37483265,38.76311833
RMC0005_I,0,0
RMC0006_I,0,0
RMC0007_I,0,0
RMC0008_I,0,0
RMC0009_I,0,0
RMC0011_I,0.397373641,0.402045184
RMC0012_I,0.502138589,0.462667802
RMC0013_I,0.330809964,0.302346377
RMC0014_I,0.01,0.01
RMC0015_I,0,0
RMC0016_I,0,0.01
RMC0023_I,0.004401366,0.004401366
RMC0024_I,0.004401366,0.004401366
RMC0026_I,0,0
RMC0027_I,0,0
RMC0028_I,0,0
RMC0054_I,0,0.016938054
RMC0058_I,0,0
RMC0074_I,0,0
RMC0075_I,0.01,0.01
RMC0077_I,0,0
RMC0087_I,0,0.01
RMC0088_I,0,0
RMC0089_I,0,0
RMC0090_I,0,0.01
RMC0091_I,0,0
RMC0092_I,0,0
RMC0093_I,0,0
RMC0094_I,0,0
RMC0095_I,0,0
RMC0096_I,0,0
RMC0097_I,0,0
RMC0098_I,0,0
RMC0099_I,0.02,0
RMC0100_I,0.02,0
RMC0103_I,0,0
RMC0104_I,0,0
RMC0105_I,0.01,0
RMC0106_I,0,0.005938587
RMC0107_I,0,0.005938587
RMC0108_I,0,0.01
RMC0109_I,0,0
RMC0110_I,0,0
RMC0111_I,0,0
RMC0112_I,0,0
RMC0113_I,0,0
RMC0114_I,0,0
RMC0115_I,0,0.035919449
RMC0116_I,0,0
RMC0117_I,0,0
RMC0118_I,0.01,0
RMC0119_I,0,0
RMC0120_I,0,0.005938587
RMC0121_I,0,0
RMC0122_I,0,0
RMC0123_I,0.01,0
RMC0126_I,0,0
RMC0132_I,3.59E-05,3.59E-05
RMC0133_I,0.021393996,0.025700269
RMC0154_I,0.042499062,0.051249531
RMC0155_I,0.06,0.08375435
RMC0182_I,0.01,0.01
RMC0183_I,0.01,0.01
RMC0184_I,0.01,0.01
RMC0187_I,0,0
SNK0012_I,0,0
SNK0013_I,0,0
SNK0014_I,0,0
SNK0016_I,0,0
SNK0028_I,0,0
SNK0029_I,0,0
SNK0036_I,0,0
SNK0045_I,0.005579277,0.005579277
SNK0056_I,0,0
SNK0069_I,0,0
SNK0070_I,0,0
SNK0071_I,0,0.00E+00
SNK0074_I,0.00E+00,0
SNK0101_I,0,0
SNK0102_I,0.01,0.01
SNK1002_I,0,0
SNK1003_I,0,0
TCE0329_I,-0.029027998,-0.028051803
TCE0329_L,0.00E+00,0.00E+00
TCE0332_I,-0.000524209,-0.000524209
TCE0332_L,0.001935691,0.001935691
TCE0333_I,-0.02,0.00E+00
TCE0333_L,0.00E+00,0.00E+00
TCE0338_I,0.009454215,0.011254025
TCE0338_L,0.00E+00,0.00E+00
TCE0342_I,0,0
TCE0342_L,0,0
TCE0346_I,0.00E+00,0.00E+00
TCE0346_L,0,0
TCE0352_I,5.85E-05,0.001653914
TCE0360_I,-0.001180044,-0.001230156
TCE0360_L,0.00E+00,0.00E+00
TCE0368_I,-0.006155971,-0.006063006
TCE0368_L,0.00E+00,0.00E+00
TCE0370_I,0,0
TCE0374_I,0.00E+00,0.00E+00
TCE0374_L,0,0
TCE0376_I,-0.01,0.00E+00
TCE0376_L,0.00E+00,0.00E+00
TCE0379_I,0.121844598,0.107330393
TCE0379_L,0.00E+00,0.00E+00
TCE0382_I,-0.130160547,-0.129926448
TCE0382_L,0.00E+00,0.00E+00
TCE0384_I,0,0
TCE0389_I,-0.001549826,-0.002489435
TCE0389_L,0.00E+00,0.00E+00
TCE0392_I,0.00E+00,0.00E+00
TCE0392_L,0.00E+00,0.00E+00
TCE0395_I,0.00E+00,0
TCE0395_L,0.00E+00,0.00E+00
TCE0399_I,0.017206281,0.019498349
TCE0399_L,0.000798606,0.000614231
TCE0401_I,0,0
TCE0414_I,0,0
TCE0416_I,0.00E+00,0.00E+00
TCE0416_L,0.00E+00,0.00E+00
TCE0417_I,0.00E+00,0
TCE0417_L,0.00E+00,0.00E+00
TCE0424_I,0.003473097,0.003104348
TCE0424_L,0.00E+00,0.00E+00
TCE0430_I,-0.000510488,-0.000409669
TCE0430_L,0.000510488,0.000409669
TCE0437_I,0,0
TCE0440_I,-0.102963531,-0.101762271
TCE0440_L,0.00E+00,0.00E+00
TCE0441_I,0,1.00E-06
TCE0441_L,0.00E+00,0.00E+00
TCE0447_I,0,0
TCE0450_I,-0.000483338,-0.000409669
TCE0450_L,0.000483338,0.000409669
TCE0453_I,-0.17637393,-0.185115301
TCE0453_L,0.00E+00,0.00E+00
TCE0457_I,0,0
TCE0457_L,0,0.00E+00
TCE0459_I,0.003720475,0.003720475
TCE0459_L,0,0
TCE0464_I,0.00E+00,0.00E+00
TCE0464_L,0.00E+00,0.00E+00
TCE0474_I,0,-0.001398107
TCE0482_I,0.00E+00,1.00E-06
TCE0482_L,0.00E+00,0.00E+00
TCE0484_I,4.551816515,4.107006116
TCE0484_L,0.00E+00,0.00E+00
TCE0486_I,-0.009999,-0.016937054
TCE0486_L,0,0
TCE0487_I,1.00E-06,1.00E-02
TCE0504_I,-7.09E-05,-7.09E-05
TCE0504_L,0.009168884,0.009168884
TCE0507_I,1.00E-06,1.00E-06
TCE0507_L,0.00E+00,1.00E-02
TCE0508_I,-0.179875314,-0.178412659
TCE0508_L,0.00E+00,0.00E+00
TCE0513_L,0,0
TCE0514_I,-0.06230589,-0.056954018
TCE0514_L,0.00E+00,0.00E+00
TCE0518_I,-0.01,1.00E-02
TCE0518_L,0.00E+00,0.00E+00
TCE0521_I,-0.080883762,-0.079844277
TCE0521_L,0.00E+00,0.00E+00
TCE0531_I,-0.321629297,-0.272455735
TCE0531_L,0.00E+00,0.00E+00
TCE0533_I,-0.013730537,-0.005695925
TCE0533_L,0.00E+00,0.00E+00
TCE0536_I,-0.000339844,-0.000489087
TCE0536_L,0.001169056,0.001318298
TCE0542_I,-0.09684317,-0.091228313
TCE0542_L,0.00E+00,0.00E+00
TCE0544_I,0,0
TCE0544_L,0.00E+00,0.00E+00
TCE0558_I,0.00E+00,0.00E+00
TCE0558_L,0,0
TCE0559_I,-0.001249531,0
TCE0560_I,0.006565025,0.018393233
TCE0573_I,0.00E+00,1.00E-06
TCE0573_L,0.00E+00,0.00E+00
TCE0574_I,0,0
TCE0576_I,-0.001707558,-0.002476534
TCE0576_L,0.00E+00,0.00E+00
TCE0591_I,0,0
TCE0591_L,0.00E+00,0.00E+00
TCE0597_I,0.00E+00,0.00E+00
TCE0597_L,0.00E+00,0.00E+00
TCE0600_I,0,0
TCE0602_I,0.224190084,0.003720475
TCE0602_L,0,0
TCE0603_I,0,0
TCE0605_I,0.005499404,0.004111466
TCE0605_L,0.00E+00,0.00E+00
TCE0611_I,0,0
TCE0611_L,0,0
TCE0612_I,0,0
TCE0615_I,0.00E+00,0.00E+00
TCE0618_I,0,0
TCE0619_I,-0.396063812,-0.420628281
TCE0619_L,0.00E+00,0.00E+00
TCE0621_I,0.007070479,0.002850738
TCE0621_L,0.007542211,0.00761588
TCE0622_I,0,0
TCE0622_L,0,0.00E+00
TCE0627_I,0.019999,0.019999
TCE0627_L,-0.01639738,-0.019996
TCE0644_I,0.00E+00,0.00E+00
TCE0644_L,0.00E+00,0.00E+00
TCE0648_I,1.00E-06,1.00E-06
TCE0648_L,0.00E+00,0.00E+00
TCE0658_I,-0.000829211,-0.000829211
TCE0658_L,0.00E+00,0.00E+00
TCE0660_I,0,0
TCE0662_I,0,0
TCE0662_L,0,0
TCE0670_I,0.001989254,0.002666035
TCE0670_L,0.00E+00,0.00E+00
TCE0673_I,2.23E-05,0
TCE0673_L,0.00E+00,0.00E+00
TCE0674_I,0.00E+00,0.00E+00
TCE0674_L,0.00E+00,0.00E+00
TCE0687_I,0.004459474,0.003721975
TCE0687_L,0,0
TCE0694_I,0.00E+00,0.00E+00
TCE0694_L,0.00E+00,0.00E+00
TCE0697_I,0,0
TCE0699_L,0,0
TCE0706_I,-1.150387623,-0.829531604
TCE0706_L,0.00E+00,0.00E+00
TCE0707_I,0,0
TCE0710_I,0,0
TCE0712_I,0.00E+00,0.00E+00
TCE0712_L,0.00E+00,0.00E+00
TCE0713_I,-0.001059328,-0.000803618
TCE0713_L,0.001059328,0.000803618
TCE0716_I,-0.00610922,-0.00610922
TCE0716_L,0.00E+00,0.00E+00
TCE0718_I,-0.10823812,-0.106835531
TCE0718_L,0.00E+00,0.00E+00
TCE0719_I,0.00E+00,0
TCE0719_L,0.00E+00,0.00E+00
TCE0723_I,0.00E+00,0.00E+00
TCE0723_L,0.00E+00,0.00E+00
TCE0726_I,0.067178843,0.100940023
TCE0729_I,0,0.00E+00
TCE0732_I,1.86E-03,1.86E-03
TCE0732_L,0.00E+00,0.00E+00
TCE0735_I,-0.167870133,-0.147414629
TCE0735_L,0.00E+00,0.00E+00
TCE0739_I,-0.00179881,-0.00179881
TCE0739_L,0,0
TCE0743_I,0,0
TCE0745_I,0.00E+00,0.00E+00
TCE0745_L,0.00360205,0.00360205
TCE0752_I,-0.01,-0.01
TCE0752_L,0.00E+00,0.00E+00
TCE0757_I,-0.006108948,-0.000587461
TCE0757_L,0.023422882,0.022099022
TCE0758_I,-0.094534522,-0.088701934
TCE0758_L,0.00E+00,0.00E+00
TCE0766_I,-0.0092635,-0.00963225
TCE0766_L,0,0
TCE0772_I,-0.009661718,-0.010298194
TCE0772_L,0.00E+00,0.00E+00
TCE0777_I,0,0
TCE0779_I,-0.000989023,-0.005178802
TCE0779_L,0.00E+00,0.00E+00
TCE0784_I,-0.23089218,-0.248695012
TCE0784_L,0.00E+00,0.00E+00
TCE0785_I,-0.018455812,-0.02074788
TCE0785_L,-0.000798606,-0.000614231
TCE0788_I,1.00E-06,0.00E+00
TCE0788_L,0.00E+00,0.00E+00
TCE0795_I,0,0.00E+00
TCE0797_I,0.00E+00,0.00E+00
TCE0797_L,0.00E+00,0.00E+00
TCE0825_I,0.00E+00,0.00E+00
TCE1117_I,-0.035373645,-0.022772024
TCE1117_L,0.00E+00,0.00E+00
TCE1121_I,-0.114413038,-0.125174459
TCE1121_L,0.009433165,0.009433165
TCE1122_I,-0.176817918,-0.191464571
TCE1122_L,0.00E+00,0.00E+00
TCE1124_I,-0.006538973,-0.003719975
TCE1124_L,0.00E+00,0.00E+00
TCE1127_I,0,0
TCE1127_L,0,0
TCE1130_I,0.00E+00,0.00E+00
TCE1130_L,0,0
TCE1132_I,0,0
TCE1133_I,0.00036975,1.00E-06
TCE1133_L,0.00963025,0.00E+00
TCE1137_I,-0.081559009,-0.075501613
TCE1137_L,0.00E+00,0.00E+00
TCE1143_I,0,0
TCE1143_L,-0.02,-0.02
TCE1148_I,-0.004152587,-0.004846557
TCE1148_L,0,0
TCE1150_I,0,0
TCE1154_I,-0.0121824,-0.040095257
TCE1154_L,0.00E+00,0.00E+00
TCE1156_I,0.00E+00,1.00E-06
TCE1156_L,0,0
TCE1157_I,-0.01,-0.01
TCE1157_L,0.00E+00,0.00E+00
TCE1158_I,-0.0007365,-0.00036775
TCE1158_L,0,0
TCE1159_I,-0.86342315,-0.98057134
TCE1159_L,0.00E+00,0.00E+00
TCE1161_I,0.396735618,0.454002813
TCE1161_L,0.00E+00,0.00E+00
TCE1164_I,-0.226675867,-0.197576626
TCE1164_L,0.00E+00,0.00E+00
TCE1169_I,-0.001366604,-0.001366604
TCE1169_L,0.003680546,0.003680546
TCE1179_I,0.00E+00,0.00E+00
TCE1179_L,0.00E+00,0.00E+00
TCE1182_I,-0.611045868,-0.594071893
TCE1182_L,0.004364545,0.003699308
TCE1184_I,-0.563997289,-0.520016265
TCE1184_L,0.00E+00,0.00E+00
TCE1185_I,0,0
TCE1185_L,0.00E+00,0.00E+00
TCE1186_I,0.024853903,0.019135475
TCE1186_L,0.00E+00,0.00E+00
TCE1189_I,-0.148655835,-0.139297917
TCE1189_L,0.00E+00,0.00E+00
TCE1194_I,-0.124510458,-0.124988533
TCE1194_L,0.00E+00,0.00E+00
TCE1197_I,-0.109236417,-0.108035157
TCE1197_L,0.00E+00,0.00E+00
TCE1202_I,-1.296828269,-0.947105602
TCE1202_L,0.00E+00,0.00E+00
TCE1204_I,-0.02,0.00E+00
TCE1204_L,0.00E+00,0.00E+00
TCE1206_I,0.000561666,-0.00120523
TCE1206_L,0.00E+00,0.00E+00
TCE1208_I,-0.364426141,-0.336409859
TCE1208_L,0.00E+00,0.00E+00
TCE1211_I,-0.419289545,-0.395478706
TCE1211_L,0.00E+00,0.00E+00
TCE1297_I,-0.574641489,-0.692946565
TCE1297_L,0.00E+00,0.00E+00
TCE1298_I,0.00E+00,0.00E+00
TCE1298_L,0.01,0.00E+00
TCE1300_I,-0.003668799,-0.00761968
TCE1300_L,0.00E+00,0.00E+00
TCE1301_I,11.83124249,10.62656467
TCE1302_I,-0.010906024,-0.006973109
TCE1302_L,0.00E+00,0.00E+00
TCE1303_I,-0.338301256,-0.30646629
TCE1303_L,0.00E+00,0.00E+00
TCE1304_I,0,0
TCE1304_L,0,0
TCE1305_I,1.00E-06,1.00E-06
TCE1305_L,0.00E+00,0.00E+00
TCE1306_I,-0.055158926,-0.067522053
TCE1306_L,0.00E+00,0.00E+00
TCE1307_I,-0.01,-0.01
TCE1307_L,0.00E+00,0.00E+00
TCE1308_I,0.015608396,0.01218424
TCE1308_L,0.00E+00,0.00E+00
TCE1309_I,0.00E+00,0.00E+00
TCE1309_L,0.00E+00,0.00E+00
TCE1310_I,-10.65397727,-9.566081565
TCE1310_L,0.00037045,0.000704067
TCE1311_I,-0.001408638,0.001417432
TCE1311_L,0.00E+00,0.00E+00
TCE1312_I,3.222009171,3.545248147
TCE1312_L,-0.003994094,-0.002995241
TCE2000_I,0,0
TCE2001_I,0.00E+00,0.00E+00
TCE2003_I,0.00E+00,0.00E+00
TCE2005_I,0,0
TCE5004_I,0,0.00953756
TCE5004_L,0.00092588,0.00092588
TCE5005_I,0.009053222,0
TCE5005_L,0.000483338,0.000409669
TCE5006_I,-0.000669535,-0.000669535
TCE5006_L,0.001627643,0.001627643
TCE5007_I,0,1.00E-06
TCE5007_L,0.00E+00,0.00E+00
TCE5008_I,-0.00216756,-0.00216756
TCE5008_L,0.005551362,0.000409669
TCE5016_I,0.00E+00,0.00E+00
TCE5016_L,0.00E+00,0.00E+00
TCE5017_I,-0.002665611,-0.002259323
TCE5017_L,0.002665611,0.002259323
TCE5019_I,0,0
TCE5019_L,0.01,0.01
TCE5020_I,-0.01,0.01
TCE5020_L,0.007011083,0.000907416
TCE5021_I,0.004024862,-1.00E-06
TCE5021_L,0.00E+00,0.00E+00
TCE5022_I,0.00E+00,0.00E+00
TCE5022_L,0.00E+00,0.00E+00
TCE5023_I,0,0
TCE5023_L,0.015104321,0.012802147
TCE5024_I,0.00E+00,0.00E+00
TCE5024_L,0.00E+00,0.00E+00
TCE5031_I,-0.002919442,-0.003097863
TCE5031_L,0.012919442,0.013097863
TCE5035_I,0.00E+00,0.00E+00
TCE5035_L,0.00E+00,0.00E+00
TCE5036_I,-0.11457313,-0.000118583
TCE5036_L,-0.007542211,-0.00761588
TCE5038_I,0.00E+00,0.00E+00
TCE5038_L,-0.001411482,-0.001411482
TCE5040_I,0,0
TCE5041_I,0.00E+00,0.00E+00
TCE5041_L,0.00E+00,0.00E+00
TCE5042_I,0.00036975,0.00036975
TCE5042_L,0.006029631,0.00782944
TCE5043_I,0.00360062,0.00180081
TCE5043_L,0.00E+00,0.00E+00
TCE5045_I,0.001292403,0.001292403
TCE5045_L,0.00554992,0.00554992
TCE5046_I,-0.005920274,-0.005920274
TCE5046_L,0.014056717,0.014056717
TCE5063_I,0.00E+00,0
TCE5063_L,0.00E+00,0.00E+00
TCE5066_I,0.003640777,0.003647947
TCE5066_L,-0.017024579,-0.001890056
TCE5069_I,0.003867141,-0.001919496
TCE5069_L,-0.000483338,-0.009838395
TCE5070_I,-0.005954087,-0.00751707
TCE5070_L,0.002832362,0.002400659
TCE5071_I,0.01,0.00E+00
TCE5071_L,0.00E+00,0.00E+00
TCE5072_I,0.00E+00,0.00E+00
TCE5072_L,0.00E+00,0.00E+00
TCE5073_I,-0.01,-0.01
TCE5074_I,-0.004760434,-0.004760434
TCE5075_I,0.01,0.00E+00
TCE5075_L,0.00E+00,0.00E+00
TCE5076_I,0,0
TCE5077_I,0.01,0.01
TCE5078_I,0,0
TCE5079_I,0.000483338,0.000409669
TCE5079_L,-0.000483338,-0.000409669
TCE5080_I,0.059972352,0.059040028
TCE5080_L,-0.016545727,-0.035781921
TCE5082_I,0.000970954,0.000970954
TCE5083_I,0.00E+00,0.00E+00
TCE5083_L,0.00E+00,0.00E+00
TCE5084_I,-0.003126156,-2.28E-05
TCE5084_L,-0.000483338,-0.000409669
TCE5085_I,0.066549267,0.067856112
TCE5085_L,-0.002681821,0.00E+00
TCE5086_I,-0.000404503,-0.000404503
TCE5086_L,0.004840935,0.003638481
TCE5092_I,0.00E+00,0.00E+00
TCE5092_L,-0.020543785,-0.018743975
TCE5093_I,0,0
TCE5094_I,0,0
TCE5096_I,0,0
TCE5097_I,0.01,0
TCE5098_I,0.002018259,0.002018259
TCE5098_L,-0.005675817,-0.005675817
TCE5099_I,0.008958658,0.006656484
TCE5100_I,-0.00019755,0.00E+00
TCE5101_I,0.00E+00,0.00E+00
TCE5102_I,3.68E-04,-1.00E-06
TCE5103_I,0.003677783,0
TCE5104_I,0.00059326,0.000565693
TCE5104_L,-0.006703902,-0.005682105
TCE5105_I,0.00046244,0.01
TCE5106_I,0,0
TCE5107_I,-0.00036775,-0.003719975
TCE5108_I,0,0
TCE5109_I,0.01,0.01
TCE5110_I,0.01,0.01
TCE5300_I,-0.003724946,-0.001879852
TCE5300_L,0.00E+00,0.00E+00
TCE5301_I,0.004420723,0.004420723
TCE5302_I,0.04939516,0.05213849
TCE5302_L,0.00E+00,0.00E+00
TCE5303_I,-9.03E-05,-0.000801789
TCE5303_L,0,0
TCE5304_I,0,0
TCE5305_I,-4.71E-05,0
TCE5306_I,0,0
TCE5307_I,0,0
TCE5308_I,0,0
TCE5309_I,0.001249531,0.001249531
TCE5310_I,0.000734916,0.000734916
TCE5311_I,-0.206307294,-0.192528955
TCE5311_L,0.00E+00,0.00E+00
TCE5312_I,0.00E+00,-0.01
TCE5312_L,0.00E+00,0.00E+00
TCE5313_I,1.00E-06,1.00E-06
TCE5313_L,0.00E+00,0.00E+00
TCE5314_I,0.001386938,0.001386938
TCE5314_L,0.00E+00,0.00E+00
TCE5315_I,-0.007692431,0.000107845
TCE5315_L,0.00E+00,0.00E+00
TCE5316_I,0.001858302,0.001856302
TCE5316_L,0.00E+00,0.00E+00
TCE5317_I,0.054529517,0.066414904
TCE5317_L,0.00E+00,0.00E+00
TCE5318_I,-0.00564114,-0.00527239
TCE5318_L,0.00E+00,0.00E+00
TCE5319_I,-0.005079353,-0.00483965
TCE5319_L,0.00E+00,0.00E+00
TCE5320_I,-0.00036775,-0.00036775
TCE5320_L,0.00E+00,0.00E+00
TCE5321_I,0.00E+00,0.00E+00
TCE5321_L,0.00E+00,0.00E+00
TCE5322_I,1.00E-06,1.00E-06
TCE5322_L,0.00E+00,0.00E+00
TCE5323_I,0.00E+00,0.00E+00
TCE5323_L,0.00E+00,0.00E+00
TCE5324_I,-0.001731451,0.000102853
TCE5324_L,0.00E+00,0.00E+00
TCE5325_I,0.001729451,0
TCE5325_L,0.00E+00,0.00E+00
TCE5326_I,-0.002052884,1.00E-06
TCE5326_L,0.002052884,0.00E+00
TCE5327_I,0.006928424,0.004826753
TCE5327_L,0.00E+00,0.00E+00
TCE5328_I,-1.00E-06,-1.00E-06
TCE5328_L,0.00E+00,0.00E+00
TCE5329_I,-0.03584546,0
TCE5329_L,0.00E+00,0.00E+00
TCE5330_I,0.00E+00,0
TCE5331_I,0,7.44E-03
TCE5331_L,0.00E+00,0.00E+00
TCE5332_I,4.13E-03,0.012395229
TCE5332_L,0.00E+00,0.00E+00
TCE5333_I,-0.007357318,0.005814936
TCE5333_L,0.00E+00,0.00E+00
TCE5334_I,-0.106987913,-0.094406563
TCE5334_L,0.00E+00,0.00E+00
TCE5335_I,0.00963225,0.002877491
TCE5335_L,0.00E+00,0.00E+00
TCE5336_I,0.00E+00,0.00E+00
TCE5336_L,0.00E+00,0.00E+00
TCE5337_I,0.003414618,0.011514398
TCE5337_L,0.00E+00,0.00E+00
TCE5338_I,0.00E+00,0.00E+00
TCE5338_L,0.00E+00,0.00E+00
TCE5339_I,-0.000249555,-0.000249555
TCE5339_L,0.00E+00,0.00E+00
TCE5340_I,0.001856302,0.001856302
TCE5340_L,0.00E+00,0.00E+00
TCE5341_I,1.00E-06,1.00E-06
TCE5341_L,0.00E+00,0.00E+00
TCE5342_I,0.160781801,0.155916963
TCE5342_L,0.00E+00,0.00E+00
TCE5343_I,-0.173042159,-0.170574689
TCE5343_L,0.00E+00,0.00E+00
TCE5344_I,0.002732154,0.002732154
TCE5344_L,0.00E+00,0.00E+00
TCE5345_I,0.00E+00,0.00E+00
TCE5345_L,0.00E+00,0.00E+00
TCE5347_I,-0.000566835,-0.000566835
TCE5347_L,-0.009433165,-0.009433165
TCE5348_I,-0.01963225,0.00E+00
TCE5348_L,0.00E+00,0.00E+00
TCE5349_I,0.00360062,1.00E-06
TCE5349_L,0.00E+00,0.00E+00
TCE5350_I,0.00E+00,0.00E+00
TCE5350_L,0.00E+00,0.00E+00
TCE5351_I,0,-0.00179881
TCE5351_L,0.00E+00,0.00E+00
TCE5352_I,0.00E+00,0
TCE5352_L,0.00E+00,0.00E+00
TCE5353_I,0,0
TCE5353_L,0.00E+00,0.00E+00
TCE5354_I,0.00E+00,0.00E+00
TCE5354_L,0.00E+00,0.00E+00
TCE5355_I,0.00E+00,0.00E+00
TCE5355_L,0.00E+00,0.00E+00
TCE5356_I,1.00E-06,1.00E-06
TCE5356_L,0.00E+00,0.00E+00
TCE5357_I,0.00180081,1.00E-06
TCE5357_L,0.00819919,1.00E-02
TCE5358_I,-0.001232975,-0.001232975
TCE5358_L,0.00E+00,0.00E+00
TCE5359_I,-0.000834894,-0.000834894
TCE5359_L,0.000834894,0.000834894
TCE5360_I,0,1.00E-02
TCE5360_L,-1.00E-02,0.00E+00
TCE5361_I,0.001388938,0.001388938
TCE5361_L,0.008611062,0.008611062
TCE5362_I,-0.001729451,-0.000864225
TCE5362_L,0.00E+00,0.00E+00
TCE5363_I,0.003719975,0
TCE5363_L,0.00E+00,0.00E+00
TCE5365_I,0.011393996,0.015700269
TCE5365_L,0.00E+00,0.00E+00
TCE5367_I,-0.006549298,-0.004103604
TCE5367_L,0.00E+00,0.00E+00
TCE5369_I,-0.009977651,-0.016938054
TCE5369_L,0.00E+00,0.00E+00
TCE5370_I,0.00E+00,0.00E+00
TCE5370_L,0.00E+00,0.00E+00
TCE5371_I,0,0
TCE5372_I,-0.033898138,-0.022453877
TCE5372_L,0.00E+00,0.00E+00
TCE5373_I,0,0
TCE5374_I,-0.01,-0.01
TCE5374_L,0.00E+00,0.00E+00
TCE5375_I,0.137654977,0.136783552
TCE5375_L,0.00E+00,0.00E+00
TCE5376_I,0,0
TCE5377_I,0,0
TCE5378_I,0.00E+00,0
TCE5379_I,0,0
TCE5381_I,-0.067304385,-0.042679285
TCE5382_I,0.01032632,0.01032632
TCE5383_I,-0.002886001,-0.002080808
TCE5384_I,0,0
TCE5385_I,-0.009999,-0.009999
TCE5386_I,-0.004020594,-0.005699603
TCE5387_I,0,0
TCE5388_I,-0.004809818,-0.01
TCE5389_I,-0.004997072,-0.000457195
TCE5390_I,0,0
TCE5391_I,0.066219737,0.042405826
TCE5392_I,0.00E+00,0
TCE5393_I,0.00E+00,0.00E+00
TCE5394_I,-0.000864225,-0.000864225
TCE5395_I,0.00E+00,0.00E+00
TCE5396_I,-0.008499171,-0.008499171
TCE5397_I,0,0
TCE5398_I,-0.014589701,-0.013757758
TCE5399_I,-0.004952508,-0.002277468
TCE5400_I,0,0
TCE5401_I,0,0
TCE5402_I,0,0
TCE5403_I,0,0
TCE5404_I,-0.04830511,-0.04830511
TCE5404_L,0.00E+00,0.00E+00
TCE5405_I,0,0
TCE5405_L,0.011180665,0.011549415
TCE5406_I,0,0
TCE5407_I,0,0
TCE5408_I,0,0
TCE5408_L,0.00E+00,0.00E+00
TCE5409_I,0,0.010907416
TCE5410_I,0.00E+00,0.00E+00
TCE5410_L,0.00E+00,0.00E+00
TCE5411_I,0.00E+00,0
TCE5411_L,0.00E+00,0.00E+00
TCE5412_I,-0.049421222,-0.040364344
TCE5412_L,0.00E+00,0.00E+00
TCE5413_I,0,0
TCE5413_L,0.00E+00,0.00E+00
TCE5414_I,0.001388938,1.00E-06
TCE5414_L,0.00E+00,0.00E+00
TCE5415_I,0.00E+00,0
TCE5415_L,0,0
TCE5416_I,-0.01,0
TCE5416_L,0.00E+00,0.00E+00
TCE5417_I,0,0
TCE5417_L,0,0
TCE5501_I,0.110234805,0
TCE5501_L,0,0
TCE5502_I,0,0
TCE5502_L,0.00744095,0.00744095
TCE5504_I,0,0
TCE5505_I,0.20248946,0.269133965
TCE5505_L,-0.001811822,-0.001145587
TCE6001_I,0,0
TCE6002_I,-0.006212742,-0.008767025
TCE6002_L,-0.003787258,-0.001232975
TCE7572_I,0,0
TCE7666_I,0.00E+00,0.00E+00
TCE7666_L,0,0
TCE7728_I,0.00E+00,0.00E+00
TCE7728_L,0.00E+00,0.00E+00
TCE9072_I,-1.00E-06,-1.00E-06
TCE9072_L,0,0
TCM0059_I,0.00E+00,-1.00E-06
TCM0064_I,0.01,0
TCM0066_I,0,0
TCM0069_I,0,0
TCM0070_I,0,0
TCM0072_I,-1.168398369,-0.829531604
TCM0073_I,0,0
TCM0075_I,0.00E+00,0
TCM0076_I,0,0
TCM0077_I,0.22687656,0.340299063
TCM0079_I,0,0
TCM0080_I,0,0
TCM0081_I,0,0
TCM0082_I,0,0
TCM0083_I,0,0
TCM0087_I,0,0
TCM0088_I,0,0
TCM0089_I,0.034828949,0.034828949
TCM0091_I,0,0
TCM0092_I,0,0
TCM0094_I,0.023753244,0.023753244
TCM0095_I,0.00E+00,0.01
TCM0096_I,0,0
TCM0097_I,0,0
TCM0098_I,0,0
TCM0099_I,0,0
TCM0101_I,0,0
TCM0104_I,0,0
TCM0105_I,0,0
TCM0106_I,0.01,0.01
TCM0109_I,-0.389217698,0
TCM0110_I,0,0
TCM0111_I,43.26355101,40.0723351
TCM0114_I,0,0
TCM0115_I,0,0
TCM0116_I,0,0
TCM0117_I,0.437274092,0.441945635
TCM0118_I,0,0
TCM0119_I,0.00E+00,0
TCM0121_I,0,0
TCM0125_I,0,0
TCM0126_I,0,0
TCM0127_I,0,0
TCM0128_I,0,0
TCM0130_I,0,0
TCM0131_I,0,0
TCM0132_I,0.357928558,0.32946497
TCM0135_I,0.540390731,0.500054719
TCM0137_I,0,0
TCM0139_I,0.00E+00,0
TCM0140_I,0,0
TCM0141_I,0.018330155,0.018330155
TCM0143_I,0,0
TCM0144_I,0,0
TCM0145_I,2.33372087,2.12786309
TCM0148_I,0,0
TCM0149_I,0,0
TCM0150_I,0,0
TCM0151_I,0,0
TCM0153_I,0,0
TCM0154_I,0,0
TCM0156_I,0,0
TCM0158_I,0,0
TCM0160_I,0,0
TCM0161_I,0,0
TCM0162_I,0,0
TCM0163_I,0,0
TCM0165_I,0,0
TCM0167_I,0,0
TCM0170_I,0,0
TCM0171_I,0,0
TCM0172_I,0,0
TCM0173_I,0,0
TCM0174_I,0,0
TCM0175_I,0,0
TCM0176_I,-0.000922185,-0.000922185
TCM0177_I,0.01,0.00E+00
TCM0181_I,0,0
TCM0183_I,0.26424313,0.066719256
TCM0184_I,0,0
TCM0187_I,0,0
TCM0188_I,0,0
TCM0190_I,-0.02,-0.01
TCM0192_I,0.01,0.01
TCM0196_I,0.01,0.01
TCM0198_I,0,0
TCM0199_I,0,0
TCM0200_I,0,0
TCM0201_I,0,0
TCM0204_I,0,0
TCM0206_I,0,0
TCM0207_I,0.044853903,0.049135475
TCM0208_I,0,0
TCM0210_I,0.168183138,0.049432179
TCM0212_I,0.00E+00,0
TCM0214_I,0,0
TCM0215_I,0,0
TCM0216_I,0,0
TCM0217_I,0.00E+00,0
TCM0218_I,0,0
TCM0219_I,0,0
TCM0220_I,0,0
TCM0221_I,0,0
TCM0222_I,0,0
TCM0224_I,0.01,0.01
TCM0316_I,0,0
TCM1027_I,0.00E+00,0
TCM1031_I,-4.195757014,-3.777552956
TCM1033_I,0.01,0.01
TCM1034_I,-0.001729451,-0.000864225
TCM1037_I,0,0
TCM1039_I,0.002313943,0.002313943
TCM1043_I,0,0
TCM1044_I,0,0
TCM1045_I,0.731583013,0.838731203
TCM1047_I,0,-0.01
TCM1051_I,0.004349364,0.004349364
TCM1054_I,-0.00866566,-0.00866566
TCM1055_I,0,0
TCM1058_I,-0.009948488,-0.009948488
TCM1061_I,0,0
TCM1062_I,-0.01,0.00E+00
TCM1063_I,0,0
TCM1067_I,0.03,0.03
TCM1069_I,0.01,0.004401366
TCM1070_I,0.017217041,0.017217041
TCM1071_I,0,0
TCM1073_I,0,0
TCM1075_I,-0.017307977,-0.017307977
TCM1077_I,0.01,0.01
TCM1078_I,0,0.01
TCM1080_I,0,0
TCM1082_I,0.013048091,0.013048091
TCM1085_I,0.022279304,0.027877938
TCM1089_I,0.044250231,0.034250231
TCM1091_I,-0.03,-0.03
TCM1096_I,0.01,0
TCM1098_I,-0.001232975,-0.001232975
TCM1101_I,0,0
TCM1109_I,0,0
TCM1274_I,-0.01,-0.01
TCM1275_I,10.00042183,9.385585918
TCM1276_I,-50.36097248,-47.09469266
TCM1277_I,0.01,0
TCM1278_I,0,0
TCM1279_I,0.060052539,0.04996828
TCM1280_I,0,0
TCM1282_I,0,0
TCM1283_I,0.092499062,0.113107568
TCM1284_I,0.10531818,0.346524048
TCM1285_I,-0.07802786,-0.050095257
TCM1286_I,0.00E+00,0.00E+00
TCM1287_I,-9.52708208,-9.035917993
TCM1288_I,0.01,0.01
TCM1289_I,-0.303413155,-0.303413155
TCM1290_I,-0.005598634,0
TCM1291_I,0.021026138,0.021026138
TCM1292_I,43.2957055,40.09877116
TCM2002_I,0,0
TCM2004_I,0,0
TCM5001_I,0.01,0
TCM5002_I,0,0.035919449
TCM5003_I,0,0
TCM5004_I,-0.093960486,-0.088632029
TCM5005_I,0.00046344,0.00046344
TCM5006_I,-0.00046344,0.000409669
TCM5007_I,0,-1.00E-06
TCM5008_I,0.00E+00,-1.00E-06
TCM5009_I,0,0
TCM5010_I,0.01,0
TCM5011_I,0,0
TCM5012_I,0,0.005938587
TCM5013_I,0,0
TCM5014_I,0,0
TCM5015_I,0.01,0
TCM5018_I,0,0
TCM5027_I,0.004285533,0.004284533
TCM5029_I,0.042499062,0.051249531
TCM5030_I,0.684532475,0.277710942
TCM5032_I,0.01,0.01
TCM5034_I,0,0
TCM5037_I,0.00E+00,0.00E+00
TCM5047_I,0.002777382,0.002777382
TCM5048_I,0,0.01
TCM5049_I,0,0
TCM5050_I,0,0
TCM5051_I,0,0
TCM5052_I,0.02,0
TCM5053_I,0,0
TCM5054_I,0,0
TCM5055_I,0,0
TCM5056_I,0,0
TCM5057_I,0,0.01
TCM5058_I,0,0
TCM5059_I,0.021393996,0.025700269
TCM5060_I,0,0
TCM5061_I,7.18E-05,7.18E-05
TCM5062_I,0,0.00179881
TCM5064_I,0.01,0.01
TCM5065_I,-0.01,-0.01
TCM5067_I,0.00E+00,0
TCM5095_I,-0.229004772,-0.15673678
TCM5111_I,0,0
TCM5510_I,0.01,0.01
UP00002_L,0,0
UP00011_L,0,0
UP00014_L,0,0
UP00016_L,0,0
UP00018_L,0,0
UP00019_L,0,0
UP00020_L,0,0
UP00021_L,0,0
UP00022_L,0,0
UP00025_L,0,0
UP00026_L,0,0
UP00027_L,0,0
UP00031_L,-0.002681821,0
UP00032_L,-0.001144304,-0.001217974
UP00033_L,0,0
UP00037_L,0,0
UP00041_L,0,0
UP00042_L,0,0
UP00047_L,0,0
UP00049_L,0,0
UP00054_L,-0.00963025,0.00E+00
UP00058_L,0,0.00E+00
UP00059_L,0,0
UP00061_L,0,0
UP00062_L,0,0.00E+00
UP00064_L,0,0.00E+00
UP00065_L,0,0.00E+00
UP00067_L,0,0.00E+00
UP00068_L,0,0
UP00072_L,0,0.00E+00
UP00073_L,0,0.00E+00
UP00074_L,0,0.00E+00
UP00075_L,0,0.00E+00
UP00077_L,0,0.00E+00
UP00078_L,0,0.00E+00
UP00079_L,0,0.00E+00
UP00082_L,0,0.00E+00
UP00084_L,0,0.00E+00
UP00086_L,0,0.00E+00
UP00089_L,0,0
UP00093_L,0,0.00E+00
UP00094_L,0,0.00E+00
UP00095_L,0,0.00E+00
UP00097_L,0,0.00E+00
UP00101_L,-0.007542211,-0.00761588
UP00106_L,0,0.00E+00
UP00108_L,0,0.00E+00
UP00109_L,0,0.00E+00
UP00111_L,0,0.00E+00
UP00114_L,-0.023422882,-0.022099022
UP00116_L,0,0.00E+00
UP00121_L,0.00E+00,0.00E+00
UP00122_L,0.00E+00,0.00E+00
UP00123_L,0.00E+00,0.00E+00
UP00124_L,0.00E+00,0.00E+00
UP00127_L,0,0
UP00130_L,0.00E+00,0.00E+00
UP00132_L,0.00E+00,0.00E+00
UP00133_L,0.00E+00,0.00E+00
UP00134_L,0.00E+00,0.00E+00
UP00135_L,0.00E+00,0.00E+00
UP00137_L,0.00E+00,0.00E+00
UP00140_L,-0.016545727,-0.035781921
UP00141_L,0.00E+00,0.00E+00
UP00143_L,0,0
UP00147_L,0.00E+00,0.00E+00
UP00148_L,0.00E+00,0.00E+00
UP00149_L,0.00E+00,0.00E+00
UP00152_L,0.00E+00,0.00E+00
UP00153_L,0,0
UP00158_L,0.00E+00,0.00E+00
UP00159_L,0.00E+00,0.00E+00
UP00160_L,-0.00554992,-0.00554992
UP00163_L,0.00E+00,0.00E+00
UP00164_L,0.00E+00,0.00E+00
UP00166_L,0.00E+00,0.00E+00
UP00167_L,0.00E+00,0.00E+00
UP00170_L,0.00E+00,0.00E+00
UP00178_L,0.00E+00,0.00E+00
UP00181_L,-0.01,0.00E+00
UP00183_L,0.00E+00,0.00E+00
UP00185_L,-0.001411482,-0.001411482
UP00186_L,0,0
UP00187_L,-0.004840935,-0.003638481
UP00188_L,0.00E+00,0.00E+00
UP00189_L,0.00E+00,0.00E+00
UP00191_L,-0.006029631,-0.00782944
UP00194_L,0,0
UP00197_L,0.00E+00,0.00E+00
UP00208_L,-0.001935691,-0.001935691
UP00212_L,0.00E+00,0.00E+00
UP00214_L,0.00E+00,0.00E+00
UP00233_L,-0.000834894,-0.000834894
UP00239_L,0.00E+00,0.00E+00
UP00242_L,0.00E+00,0.00E+00
UP00243_L,0.00E+00,0.00E+00
UP00245_L,0.00E+00,0.00E+00
UP00249_L,0.00E+00,0.00E+00
UP00250_L,0,0
UP00253_L,-0.011180665,-0.011549415
UP00255_L,-0.005940489,0
UP00256_L,0.00E+00,0.00E+00
UP00257_L,0.00E+00,0.00E+00
UP00259_L,0.00E+00,0.00E+00
UP00262_L,0.00E+00,0.00E+00
UP00266_L,0.00E+00,0.00E+00
UP00268_L,0.00E+00,0.00E+00
UP00272_L,0.00E+00,0.00E+00
UP00288_L,0,0
UP00294_L,0.00E+00,0.00E+00
UP00295_L,0.00E+00,0.00E+00
UP00299_L,0.00E+00,0.00E+00
UP00301_L,0,0
UP00311_L,0.00E+00,0.00E+00
UP00314_L,-2.72E-05,0
UP00315_L,0.00E+00,0.00E+00
UP00318_L,0.00E+00,0.00E+00
UP00320_L,0.00E+00,0.00E+00
UP00322_L,-0.009433165,-0.009433165
UP00328_L,-0.002052884,0.00E+00
UP00329_L,0.00E+00,0.00E+00
UP00330_L,0.00E+00,0.00E+00
UP00334_L,0.00E+00,0.00E+00
UP00346_L,0.00E+00,0.00E+00
UP00352_L,0.00E+00,0.00E+00
UP00354_L,0.00E+00,0.00E+00
UP00366_L,0,0
UP00376_L,0.00E+00,0.00E+00
UP00378_L,0,0
UP00379_L,0.00E+00,0.00E+00
UP00385_L,0.00E+00,0.00E+00
UP00387_L,0.00E+00,0.00E+00
UP00388_L,0.00E+00,0.00E+00
UP00398_L,0.00E+00,0.00E+00
UP00402_L,-0.005675817,-0.005675817
UP00407_L,0.00E+00,0.00E+00
UP00429_L,0.00E+00,0.00E+00
UP00437_L,-0.003209176,-0.004867619
UP00438_L,0.00E+00,0.00E+00
UP00439_L,0.00E+00,0.00E+00
UP00440_L,0.00E+00,0.00E+00
UP00455_L,0,0
UP00459_L,0.00E+00,0.00E+00
UP00469_L,0.00E+00,0.00E+00
UP00473_L,0,0
UP00475_L,0.00E+00,0.00E+00
UP00483_L,0.00E+00,0.00E+00
UP00486_L,-0.001169056,-0.001318298
UP00504_L,0,0
UP00506_L,0.00E+00,0.00E+00
UP00526_L,0.00E+00,0.00E+00
UP00532_L,0.00E+00,0.00E+00
UP00534_L,-0.000575989,-0.000393949
UP00544_L,0.00E+00,0.00E+00
UP00559_L,0.00E+00,0.00E+00
UP00565_L,-0.013573379,-0.013647048
UP00577_L,0.00E+00,0.00E+00
UP00583_L,0.00E+00,0.00E+00
UP00588_L,0.00E+00,0.00E+00
UP00631_L,0.00E+00,0.00E+00
UP00632_L,0.00E+00,0.00E+00
UP00642_L,0.00E+00,0.00E+00
UP00655_L,0.00E+00,0.00E+00
UP00670_L,0.00E+00,0.00E+00
UP00671_L,0.00E+00,0.00E+00
UP00704_L,-0.01639738,-0.019996
UP00708_L,-0.00744095,-0.00744095
UP00719_L,0.00E+00,0.00E+00
UP00750_L,0.00E+00,0.00E+00
UP00777_L,0.00E+00,0.00E+00
UP00785_L,0.00E+00,0.00E+00
UP00794_L,0.00E+00,0.00E+00
UP00811_L,0.00E+00,0.00E+00
UP00818_L,0.00E+00,0.00E+00
UP00853_L,-0.000442542,-0.000516211
UP00864_L,-0.003197208,-0.003270878
UP00881_L,0.00E+00,0.00E+00
UP00906_L,-1.00E-02,0.00E+00
UP00954_L,0.00E+00,0.00E+00
UP00979_L,-0.005068024,0
UP01103_L,0.00E+00,0.00E+00
UP01132_L,-0.003787258,-0.001232975
UP01137_L,0.00E+00,0.00E+00
UP01179_L,0.00E+00,0.00E+00
UP01181_L,0.00E+00,0.00E+00
UP01185_L,0.00E+00,0.00E+00
UP01326_L,0.00E+00,-1.00E-02
UP01419_L,0,0
UP01530_L,0.00E+00,0.00E+00
UP01595_L,0.00E+00,0.00E+00
UP01613_L,0,0
UP01697_L,-0.020543785,-0.018743975
UP01762_L,0.00E+00,0.00E+00
UP01801_L,-0.00360205,-0.00360205
UP01879_L,-0.008611062,-0.008611062
UP01888_L,0.00E+00,0.00E+00
UP02076_L,0.00E+00,0.00E+00
UP02094_L,0.00E+00,0.00E+00
UP02470_L,0.00E+00,0.00E+00
UP02512_L,0.00E+00,0.00E+00
UP02630_L,0.00E+00,0.00E+00
UP02642_L,-0.00819919,-1.00E-02
UP02679_L,0.00E+00,0.00E+00
UP02918_L,0,0
UP02946_L,0.00E+00,0.00E+00
UP03197_L,0.00E+00,0.00E+00
UP03284_L,0.00E+00,0.00E+00
UP03722_L,0.00E+00,0.00E+00
UP03758_L,0.00E+00,0.00E+00
UP03793_L,0.00E+00,0.00E+00
UP04677_L,0.00E+00,0.00E+00
UP05100_L,0.00E+00,0.00E+00
UP05127_L,0,0
UP05335_L,0.00E+00,0.00E+00
UP05402_L,0.00E+00,0.00E+00
UP05422_L,0.00E+00,0.00E+00
UP05512_L,0.00E+00,0.00E+00
UP05519_L,0.00E+00,0.00E+00
UP05684_L,-0.017024579,-0.001890056
UP05688_L,0,-0.009428726
UP05697_L,0,0
UP05787_L,0.00E+00,0.00E+00
UP05828_L,0.00E+00,0.00E+00
UP05852_L,0.00E+00,0.00E+00
UP05984_L,0.00E+00,0.00E+00
UP06232_L,0,0
UP06424_L,0.00E+00,0.00E+00
UP14818_L,-0.007010779,-0.007339713
UPC0013_L,0,0
UPC0135_L,0.00E+00,0.00E+00
UPK0012_I,0,0
UPK0013_I,0,0
UPK0014_I,-0.017270552,-0.013337766
UPK0016_I,0,0
UPK0028_I,0,0
UPK0029_I,-0.000920504,-0.000920504
UPK0036_I,0,0
UPK0045_I,0,0
UPK0056_I,0,0
UPK0069_I,-0.003157677,-0.003157677
UPK0070_I,0,0
UPK0071_I,0,0
UPK0074_I,0,0
UPK0101_I,-0.002943197,-0.002943197
UPK0102_I,0,0
UPK1002_I,0,0
UPK1003_I,0,0
EX00583_X,0,0
EX02918_X,-0.005107913,-0.005107913
EX05984_X,-0.007377087,0.00E+00
EX02630_X,0.004024862,-1.00E-06
EX05852_X,0,0
EX00109_X,-0.011393996,-0.015700269
EX00322_X,-0.000566835,-0.000566835
EX00631_X,0,-0.00744295
EX01161_X,0.00E+00,0
EX00355_X,-0.007681973,-0.005455922
EX01179_X,0.000838271,8.38E-04
EX00942_X,0,0
EX01060_X,-0.003719975,0
EX01205_X,-0.003719975,0
EX03284_X,-0.005946027,0
EX00632_X,-0.00360062,-1.00E-06
EX05828_X,0.00E+00,0.00E+00
EX00141_X,0.001729451,0.000864225
EX00671_X,0.001232975,0.001232975
EX00197_X,-0.004132632,-0.012395229
EX05100_X,0,-0.00179881
EX02946_X,0.00E+00,0
EX00334_X,-0.003640102,-0.000864225
EX00156_X,0,0
EX00642_X,0.00E+00,0
EX00233_X,0.000834894,0.000834894
EX01181_X,0,0
EX00906_X,0.00E+00,1.00E-06
EX00429_X,0.003719975,0
EX05356_X,0,0
EX03917_X,0,0
EX05635_X,0,0
EX00643_X,0,0
EX00170_X,0.00036775,0.00036775
EX00440_X,0.013730537,0.005695925
EX01879_X,-0.001388938,-0.001388938
EX17337_X,0,0
EX00506_X,0,0.00E+00
EX00328_X,0.002052884,-1.00E-06
EX02415_X,0,0
EXC0001_X,0,0
EX00162_X,0.008499171,0.008499171
EX03197_X,-0.001989254,-0.002666035
EX00811_X,0.002732154,0.002732154
EX01888_X,0.00E+00,0
EX00532_X,0,0.00E+00
EX00033_X,0.001408638,-0.001417432
EX00164_X,0.078159966,0.133820934
EX00084_X,0.010906024,0.006973109
EX18125_X,0.004760434,0.004760434
EX01132_X,-0.006212742,-0.008767025
EX00140_X,0.059972352,0.059040028
EX01996_X,0.00036775,0.003719975
EX00437_X,0.002919442,0.003097863
EX00979_X,0.00216756,0.00216756
EX00147_X,-0.02031729,-0.029761271
EX00212_X,0.000989023,0.005178802
EX00194_X,0,-0.000422342
EX00301_X,0.00179881,0.00179881
EX00021_X,-0.009955095,-0.010821686
EX04677_X,-0.001858302,-0.001856302
EX04317_X,-0.00783044,-0.006861362
EX00026_X,0.114979872,0.125741294
EX00940_X,0,0
EX00099_X,-0.002774877,-0.001386938
EX00133_X,0,0
EX00041_X,0.574641489,0.692946565
EX00019_X,-0.04830511,-0.04830511
EX01137_X,0.001386938,0.001386938
EX00020_X,0,0
EX00523_X,0,0
EX11135_X,0,0
EX00108_X,-1.00E-06,-1.00E-06
EX00259_X,0,0
EX00219_X,-5.85E-05,-0.001653914
EX00062_X,0.133417469,0.130778639
EX00072_X,0.00E+00,0.00E+00
EXC0180_X,-0.00179881,-0.00179881
EX00152_X,0.138374201,0.132850603
EX00402_X,0.002018259,0.002018259
EX00049_X,0.035373645,0.022772024
EX05519_X,0,0.00E+00
EX00002_X,0.137654977,0.136783552
EX05787_X,-0.000339844,-0.000489087
EX00486_X,0.000339844,0.000489087
EX02642_X,-0.00180081,-1.00E-06
EX00575_X,0,0
EX02094_X,0,0
EX00438_X,-0.00963225,-0.002877491
EX00853_X,0.00046244,0.00046244
EX01419_X,0,0
EX00114_X,0.006108948,0.000587461
EX00695_X,-0.000688839,-0.000688839
EX00588_X,0.007357318,-0.005814936
EX00187_X,0.000404503,0.000404503
EX00158_X,0.0121824,0.040095257
EX00698_X,0,0
EX00185_X,0,0
EX00011_X,-3.563595544,-3.522200167
EXC0202_X,-0.00019755,0
EX00318_X,0,1.00E-06
EX01326_X,-1.00E-06,-1.00E-06
EX02512_X,0,-1.00E-06
EX00097_X,0.034978783,0.037705637
EX00475_X,0.034841993,0.035510347
EX00559_X,-0.001858302,-1.86E-03
EX00239_X,0.005079353,0.00483965
EX00881_X,0,-1.00E-06
EX02679_X,0,0
EX00330_X,-1.00E-06,0
EX00111_X,0.000249555,0.000249555
EX00268_X,0.001729451,0
EX05422_X,0,0
EX05512_X,0,-1.00E-06
EX03758_X,-0.0007365,-0.0007365
EX01801_X,0,0
EX00459_X,0.003259049,0.002393824
EX00526_X,0,-1.00E-06
EX02763_X,0,0
EX00189_X,0.033898138,0.022453877
EX00346_X,-0.010265198,-0.001749858
EX00469_X,0.003668799,0.00761968
EX00016_X,0.00059326,0.000565693
EX00067_X,-0.004510074,-0.004802948
EX00354_X,0.054529517,0.066414904
EX14818_X,7.09E-05,7.09E-05
EX14819_X,0,0
EX00061_X,0.005954087,0.00636809
EX00504_X,-0.003126156,-2.28E-05
EX00058_X,-0.08408254,-0.068774437
EX00439_X,0.00E+00,0.00E+00
EX00095_X,-1.00E-06,-1.00E-06
EX00122_X,-0.024853903,-0.019135475
EX00670_X,-1.00E-06,-1.00E-06
EX00124_X,-0.009454215,-0.011254025
EXC0214_X,-0.00324424,-0.00504405
EX01697_X,0.00E+00,0
EX00352_X,-0.000561666,0.00120523
EX00329_X,0.006155971,0.006063006
EXC0216_X,0.007719688,0.008765025
EX00266_X,-0.00744095,0.00E+00
EX01921_X,-0.000172427,-0.000172427
EX00031_X,0.066549267,0.067856112
EX00257_X,0,0
EX00818_X,-0.00360062,-0.00180081
EX00191_X,-0.00036975,-0.00036975
EX00064_X,0.176817918,0.191464571
EX00025_X,0.226675867,0.197576626
EX00669_X,0,0
EXC0213_X,-0.002886001,-0.002080808
EX00048_X,0,0
EX00037_X,0.055158926,0.067522053
EX00577_X,0.006549298,0.004103604
EX00719_X,-0.005450425,-0.0045852
EX00093_X,-0.003414618,-0.011514398
EX00116_X,0.015608396,0.01218424
EX00160_X,-0.001292403,-0.001292403
EX00387_X,0.009661718,0.010298194
EX00127_X,0.004152587,0.004846557
EX00051_X,0,0
EX00242_X,-0.009561104,-0.008072142
EX00027_X,-0.121844598,-0.107330393
EX00001_X,-4.42703592,-4.281783929
EX00080_X,-0.152442333,-0.163359683
EX00288_X,-0.404596753,-0.424434909
EX00249_X,0.029027998,0.028051803
EX00544_X,0.001856302,0.001856302
EX00135_X,0.048313101,0.047965336
EX00388_X,0,0
EX00262_X,-0.010136542,-0.00216756
EX00708_X,0.00744095,0.00744095
EX00311_X,0.03584546,0
EX00407_X,0.130160547,0.129926448
EX00130_X,0.007692431,-0.000107845
EX00954_X,-0.001386938,-0.001386938
EX00137_X,0.001549826,0.002489435
EX00294_X,-0.005499404,-0.004111466
EX00081_X,0.004420723,0.004420723
EX00238_X,0,0
EX01717_X,0.00E+00,0
EX00256_X,0.00610922,0.00610922
EX00186_X,-0.007745836,-0.00036775
EX00243_X,0,0
EX00123_X,0.236387461,0.238687381
EX00909_X,0.000864225,0.000864225
EX02165_X,-0.000864225,-0.000864225
EX04853_X,0,0
EX01595_X,0,-0.000351442
EX04230_X,0.004020594,0.005699603
EX18126_X,0.009999,0.009999
EX00047_X,0.199929288,0.199430767
EX01885_X,-0.066219737,-0.042405826
EX00149_X,-0.396735618,-0.454002813
EX00208_X,0.000524209,0.000524209
EX00159_X,-0.003473097,-0.003104348
EX05402_X,0,0
EX00132_X,0,0
EXC0141_X,-0.005773121,-0.007377087
EX00073_X,0.10823812,0.106835531
EX05127_X,0.00E+00,0.00E+00
EX00143_X,9.03E-05,0.000801789
EX06232_X,0.004471489,0.004471489
EX00546_X,0,0
EX01330_X,0,0
EX00253_X,-0.004459474,-0.003721975
EX00153_X,0.003186748,0.003186748
EX00014_X,-0.721227818,-0.831680674
EX01185_X,0.00564114,0.00527239
EX00455_X,0.000736499,0.00036775
EX00007_X,4.822570244,4.706215006
EX00704_X,0.019999,0.019999
EX01530_X,0.001180044,0.001230156
EX04227_X,-0.001856302,-0.001856302
EX01328_X,0,0
EX00077_X,0.109236417,0.108035157
EX01103_X,-0.001018189,-0.002764649
EX00295_X,-0.004826224,-0.003988111
EX02505_X,-0.000864225,-0.000864225
EX04598_X,0.009999,0.009999
EX01194_X,0,0
EX00054_X,-0.00036975,-1.00E-06
EX00157_X,0.006565025,0.018393233
EX01211_X,0,0
EX00350_X,0,0
EX05332_X,0,0
EXC0152_X,0,0
EX00074_X,0.160781801,0.155916963
EX00012_X,0,0
EX02188_X,0,0.00E+00
EX00344_X,-0.01032632,-0.01032632
EX00079_X,0.094534522,0.088701934
EX00032_X,0.000669535,0.000669535
EX00166_X,-0.005282979,1.00E-06
EX00009_X,-0.689133828,-0.68872763
EX00864_X,0.001366604,0.001366604
EX00163_X,-0.008141425,-0.001329173
EX00148_X,0.18221572,0.179572736
EX00696_X,0,0
EX00584_X,-0.00313977,0.001398107
EX00427_X,0.004997072,0.000457195
EX02737_X,0,0
EX00134_X,-0.004088725,-0.004088725
EX00534_X,0.001059328,0.000803618
EX00018_X,0.00E+00,0.00E+00
EX00250_X,0.000257724,1.00E-06
EX00314_X,0.000510488,0
EX00022_X,0,0
EXC0013_X,0.00E+00,1.00E-06
EX03722_X,-1.00E-06,-1.00E-06
EX00376_X,0,0
EX00473_X,0,0
EX00777_X,0,0
EX11061_X,0,0
EX00121_X,0,0
EX00255_X,-0.006548347,-0.006934783
EX00794_X,0.006538973,0.003719975
EX02076_X,0.00E+00,0
EX05697_X,0.00E+00,0
EX05688_X,-0.001910326,-0.001919496
EX05335_X,0.00E+00,0.00E+00
EX05684_X,0.003640777,0.003647947
EX00065_X,0.081559009,0.075501613
EXC9998_X,-0.013369248,-0.009765784
EX11499_X,0,0
EX00094_X,-0.009977651,-0.016938054
EX00059_X,-0.004583068,-0.004550865
EXC0203_X,0,0
EXC0208_X,3.68E-04,-1.00E-06
EXC0207_X,0.014589701,0.013757758
EXC0211_X,-0.004952508,-0.007073851
EXC0201_X,0,0
EXC0210_X,-0.001118602,0
EX00315_X,0.00E+00,0.00E+00
EX00750_X,0,0
EX00780_X,-0.003713604,-0.001856302
EX01613_X,-1.00E-06,-1.00E-06
EXC9999_X,-0.08572401,-0.083786968
EX00042_X,0.180791635,0.17317227
EX00089_X,0.00E+00,-1.00E-06
EX00422_X,0.067304385,0.042679285
EX00245_X,0.00E+00,0
EX05122_X,0.00E+00,0
EX01755_X,-0.00179881,-0.00179881
EX00272_X,-0.001731451,0.000102853
EX04722_X,-4.71E-05,-4.51E-05
EX00101_X,-0.007070479,-0.002850738
EX00378_X,0.000652086,0.000652086
EX00188_X,0.124510458,0.124988533
EX00178_X,-0.01441155,-0.012211797
EX00214_X,0.00908148,0.009546762
EX00565_X,0.005920274,0.005920274
EX03793_X,-1.00E-06,-1.00E-06
EX01083_X,0.000970954,0.000970954
EX00078_X,0.026473906,0.024086997
EX00398_X,0.00E+00,0.00E+00
EX00535_X,0,0
EX00320_X,-0.002970831,0.00E+00
EX06424_X,-0.001755688,-0.001386938
EX00483_X,-0.000864225,0.00E+00
EX00082_X,0.080883762,0.079844277
EX00167_X,0.003724946,0.001879852
EX00106_X,-0.104242295,-0.097083762
EX00366_X,0,0
EX00785_X,0.00E+00,0.00E+00
EX00086_X,-0.007754931,-0.006720741
EX00299_X,0.063861908,0.058099025
EX00075_X,0.04939516,0.05213849
EXC0135_X,0.001707558,0.002476534
EX00183_X,0.179875314,0.178412659
EX00385_X,-0.007183145,-0.005602121
EX02470_X,0.00E+00,0.00E+00
EX00655_X,-1.00E-06,-1.00E-06
EX15519_X,0,0
EX15610_X,-0.000231076,-0.000231076
EX05455_X,0.000734916,0.000734916
EX17339_X,0,0
EX15520_X,0.00E+00,0.00E+00
EX06341_X,0,0
EX01762_X,-0.001388938,-1.00E-06
EX00181_X,0.00E+00,0.00E+00
EX00379_X,-1.00E-06,-1.00E-06